Year,Season,Month,Sector,Crop_Type,Farm_Size_Ha,Area_Planted_Ha,Area_Planted_Are,Terrain_Type,Seed_Variety,Fertilizer_Used,Fertilizer_Type,Fertilizer_Amount_Kg_Ha,Irrigation_Used,Previous_Crop,Pest_Disease_Pressure,Labor_Availability,Extension_Service_Access,Credit_Access,Market_Distance_km,Soil_Type,Soil_pH,Organic_Matter_Pct,Nitrogen_ppm,Phosphorus_ppm,Potassium_ppm,Avg_Temperature_Celsius,Total_Rainfall_mm,Relative_Humidity_Pct,Sunshine_Hours_per_Day,Wind_Speed_kmh,Evapotranspiration_mm,Yield_Kg_per_Area_Planted
2021,Season B,April,Nyarugenge,Rice,0.39,0.31,31.0,Hillside,Local Variety,Partial,Inorganic (NPK),17.4,No,Beans,Low,Sufficient,No,No,7.1,Clay Soil,6.06,2.38,39.3,22.3,204.1,24.1,127.1,76.8,6.8,11.5,100.0,24.73
2023,Season B,June,Gashora,Rice,0.7,0.54,54.0,Valley,Improved (IR64 / NERICA),No,None,0.0,No,Cassava,High,Sufficient,Yes,Yes,14.0,Loam,6.67,1.95,47.7,26.0,184.0,24.8,43.1,63.4,8.4,12.5,127.7,21.14
2020,Season A,November,Ruhuha,Maize,2.48,1.83,183.0,Valley,Improved (WH507),No,None,0.0,No,Beans,Low,Adequate,No,Yes,5.4,Sandy Loam,7.03,2.33,57.8,17.9,179.3,25.3,117.9,73.5,7.9,9.9,105.7,18.78
2022,Season A,January,Rweru,Maize,2.61,1.9,190.0,Hillside,Improved (WH507),Partial,Organic (Compost),40.3,No,Cassava,Low,Sufficient,Yes,No,18.0,Clay Soil,7.04,2.58,64.0,12.5,179.0,21.1,60.9,72.2,7.7,10.0,98.0,19.01
2023,Season B,March,Nyamata,Maize,1.9,1.18,118.0,Hillside,Improved (WH507),No,None,0.0,Yes,Maize,Low,Adequate,Yes,Yes,14.3,Clay Soil,7.36,3.03,72.2,23.8,253.5,22.5,94.0,75.2,7.8,9.8,111.9,19.19
2023,Season A,December,Rweru,Beans,2.41,1.87,187.0,Flat,Hybrid (MAC 44),No,None,0.0,No,Rice,Low,Adequate,No,Yes,21.9,Clay Soil,6.93,2.72,67.4,7.4,186.8,22.7,75.2,80.0,7.4,11.1,123.8,10.08
2021,Season B,May,Kamabuye,Rice,2.14,1.31,131.0,Valley,Improved (IR64 / NERICA),No,None,0.0,No,Maize,Medium,Limited,Yes,Yes,21.8,Clay Soil,7.36,2.3,40.3,21.3,203.4,24.1,68.1,78.5,6.5,9.8,115.2,21.72
2022,Season B,February,Rweru,Beans,0.12,0.1,10.0,Flat,Hybrid (MAC 44),Partial,Inorganic (NPK),72.3,Yes,Cassava,Medium,Adequate,Yes,No,9.7,Clay Soil,7.01,2.69,65.3,13.8,203.5,23.7,60.5,76.7,7.0,10.2,110.9,9.98
2021,Season A,January,Mwogo,Rice,0.69,0.51,51.0,Hillside,Improved (IR64 / NERICA),Yes,Inorganic (NPK),116.2,No,Beans,Medium,Sufficient,Yes,No,11.0,Sandy Soil,5.98,1.89,67.0,23.2,144.8,21.9,50.4,66.2,8.1,11.9,123.6,32.89
2020,Season A,January,Musenyi,Maize,2.11,1.59,159.0,Hillside,Improved (WH507),Partial,Inorganic (NPK),42.5,No,Maize,High,Adequate,Yes,Yes,11.1,Loam,7.09,2.36,39.9,12.9,246.2,22.1,76.5,68.6,8.3,8.5,105.1,14.61
2020,Season B,March,Nyamata,Beans,2.14,1.84,184.0,Valley,Improved (RWR 2245),Yes,Inorganic (NPK),121.9,Yes,Cassava,Low,Sufficient,No,No,13.6,Clay Soil,7.1,3.19,76.5,23.5,245.3,23.0,61.6,69.5,7.8,12.6,102.1,15.62
2023,Season B,February,Mwogo,Rice,2.7,2.19,219.0,Hillside,Improved (IR64 / NERICA),Yes,Inorganic (NPK),230.3,Partial,Beans,Low,Sufficient,Yes,Yes,14.2,Sandy Soil,6.12,1.92,70.2,21.8,156.7,22.6,61.8,69.2,7.5,8.5,99.6,32.35
2020,Season A,December,Juru,Beans,1.52,1.43,143.0,Valley,Local Variety,No,None,0.0,No,Fallow,Medium,Sufficient,Yes,No,16.4,Sandy Loam,6.83,2.68,45.1,23.6,178.6,22.1,70.1,65.9,7.3,10.6,120.5,7.08
2022,Season A,September,Musenyi,Rice,1.29,1.12,112.0,Valley,Local Variety,Yes,Organic (Compost),0.0,Yes,Fallow,Medium,Limited,Yes,Yes,23.2,Loam,7.11,2.27,36.0,13.2,252.2,24.6,54.6,74.5,8.2,12.2,101.5,18.51
2024,Season B,February,Shyara,Maize,0.67,0.64,64.0,Flat,Improved (WH507),Partial,Inorganic (NPK),52.9,Partial,Fallow,Low,Sufficient,Yes,Yes,12.3,Sandy Loam,6.14,2.21,57.2,19.5,264.0,23.7,61.2,75.8,7.2,12.1,126.1,19.3
2024,Season A,September,Nyarugenge,Rice,2.21,1.76,176.0,Valley,Hybrid (Komboka),Yes,Inorganic (NPK),247.1,No,Maize,Low,Adequate,Yes,No,13.4,Clay Soil,6.13,1.92,40.0,27.0,195.2,23.8,51.9,75.4,6.9,11.2,106.5,27.47
2024,Season A,November,Gashora,Rice,0.4,0.27,27.0,Valley,Hybrid (Komboka),Yes,Mixed (Organic + Inorganic),93.2,No,Beans,High,Limited,Yes,Yes,9.8,Loam,6.51,2.21,45.7,25.2,183.8,22.4,69.5,84.3,6.3,9.0,113.4,19.15
2023,Season B,April,Gashora,Beans,1.0,0.88,88.0,Flat,Hybrid (MAC 44),No,None,0.0,Yes,Beans,High,Sufficient,No,Yes,12.4,Loam,6.47,2.03,47.4,25.6,200.0,24.5,71.9,80.4,7.3,11.9,90.5,7.12
2022,Season B,February,Nyamata,Maize,1.61,1.18,118.0,Flat,Local Variety,Yes,Mixed (Organic + Inorganic),29.8,Yes,Maize,Low,Adequate,Yes,No,19.1,Clay Soil,7.28,3.08,76.3,24.7,248.5,21.0,54.9,67.9,7.9,9.6,115.1,12.98
2021,Season B,March,Juru,Maize,0.89,0.68,68.0,Valley,Improved (WH507),No,None,0.0,Yes,Maize,Medium,Adequate,Yes,Yes,24.3,Sandy Loam,6.86,2.61,48.1,22.6,170.7,24.3,93.7,77.1,7.9,10.9,127.2,16.4
2021,Season A,October,Mwogo,Rice,2.32,1.55,155.0,Valley,Hybrid (Komboka),Partial,Organic (Compost),77.3,Partial,Beans,Low,Adequate,Yes,No,8.4,Sandy Soil,5.98,1.87,68.4,20.3,171.8,24.0,121.6,74.9,5.7,11.3,117.1,35.45
2024,Season B,June,Rweru,Rice,0.93,0.9,90.0,Valley,Improved (IR64 / NERICA),Yes,Organic (Compost),0.0,No,Beans,Low,Sufficient,Yes,Yes,18.3,Clay Soil,6.96,2.86,65.9,12.2,190.2,23.6,43.5,64.3,7.7,11.7,104.4,27.82
2020,Season A,September,Nyarugenge,Rice,1.59,1.09,109.0,Valley,Hybrid (Komboka),No,None,0.0,Yes,Beans,Medium,Limited,No,Yes,8.9,Clay Soil,6.19,2.18,39.0,18.9,195.0,25.0,69.4,76.2,6.9,11.4,102.1,23.04
2020,Season B,March,Nyarugenge,Rice,0.29,0.25,25.0,Flat,Improved (IR64 / NERICA),Yes,Organic (Compost),0.0,No,Beans,High,Sufficient,Yes,No,23.6,Clay Soil,6.03,2.24,40.8,23.3,196.7,24.2,73.7,76.6,7.3,12.4,118.8,26.58
2022,Season A,October,Ntarama,Rice,2.59,2.27,227.0,Valley,Improved (IR64 / NERICA),Yes,Inorganic (NPK),69.0,Yes,Beans,Low,Sufficient,Yes,Yes,22.0,Sandy Soil,7.14,2.73,63.8,10.8,243.6,25.3,144.1,83.5,6.5,8.8,109.8,46.19
2023,Season A,December,Nyamata,Maize,0.59,0.47,47.0,Hillside,Improved (WH507),Yes,Inorganic (NPK),238.0,No,Maize,Low,Adequate,Yes,Yes,23.1,Clay Soil,7.19,3.41,79.3,23.6,254.1,22.4,82.4,72.0,7.2,10.4,99.2,22.43
2021,Season A,December,Kamabuye,Rice,0.94,0.8,80.0,Valley,Hybrid (Komboka),No,None,0.0,No,Fallow,Medium,Adequate,No,Yes,22.5,Clay Soil,7.07,2.31,45.3,19.4,221.7,23.2,111.9,75.1,8.0,11.1,111.1,23.1
2023,Season A,September,Ngeruka,Rice,0.62,0.57,57.0,Valley,Local Variety,No,None,0.0,No,Rice,Low,Sufficient,No,Yes,10.8,Loam,7.09,2.6,72.8,21.0,188.1,23.7,54.1,70.9,8.3,11.4,102.5,16.68
2023,Season A,September,Mareba,Rice,2.74,1.9,190.0,Flat,Improved (IR64 / NERICA),No,None,0.0,Yes,Maize,Low,Sufficient,Yes,No,18.4,Sandy Loam,7.05,3.18,63.4,10.9,225.5,23.3,99.5,78.3,8.0,11.6,119.6,33.43
2020,Season A,December,Nyarugenge,Rice,1.56,1.53,153.0,Valley,Local Variety,Partial,Organic (Compost),50.1,No,Rice,High,Adequate,No,No,13.1,Clay Soil,6.33,2.09,42.0,24.5,197.5,22.6,106.8,71.7,7.3,12.2,103.0,20.07
2021,Season A,September,Juru,Rice,2.37,2.34,234.0,Flat,Improved (IR64 / NERICA),Yes,Inorganic (NPK),161.5,No,Rice,Low,Limited,Yes,Yes,22.4,Sandy Loam,6.82,2.49,44.7,25.7,180.7,23.3,71.5,71.7,7.5,12.1,106.8,26.38
2022,Season B,May,Gashora,Beans,1.46,1.29,129.0,Hillside,Improved (RWR 2245),No,None,0.0,Yes,Fallow,Low,Adequate,Yes,No,25.0,Loam,6.49,2.17,50.6,23.0,196.9,21.7,59.5,81.2,6.6,10.6,100.9,13.42
2023,Season A,September,Mwogo,Rice,2.12,2.11,211.0,Valley,Improved (IR64 / NERICA),No,None,0.0,Yes,Rice,Low,Adequate,Yes,Yes,15.3,Sandy Soil,6.01,2.24,70.1,24.9,160.5,23.4,59.0,62.2,6.8,9.8,97.6,28.87
2020,Season B,February,Juru,Rice,1.85,1.63,163.0,Hillside,Improved (IR64 / NERICA),Yes,Mixed (Organic + Inorganic),239.9,No,Fallow,Low,Adequate,Yes,No,14.9,Sandy Loam,7.02,2.53,49.8,20.8,165.2,22.7,43.9,73.0,7.9,11.2,96.9,30.45
2024,Season A,October,Rilima,Maize,2.07,1.43,143.0,Flat,Improved (WH507),Yes,Mixed (Organic + Inorganic),79.2,No,Beans,High,Adequate,Yes,No,13.2,Sandy Soil,6.23,1.73,41.6,15.6,211.7,26.1,111.9,72.2,6.8,11.9,97.7,20.9
2022,Season A,November,Gashora,Maize,2.08,1.81,181.0,Hillside,Local Variety,No,None,0.0,Yes,Maize,Low,Adequate,Yes,No,13.6,Loam,6.61,2.2,48.4,23.7,184.5,23.1,141.1,89.6,6.8,10.2,102.8,13.95
2022,Season A,December,Kamabuye,Maize,0.81,0.63,63.0,Flat,Local Variety,No,None,0.0,Yes,Maize,High,Adequate,Yes,No,17.2,Clay Soil,7.11,2.11,42.5,20.5,203.4,23.7,57.8,74.9,6.2,11.4,99.2,9.08
2022,Season A,December,Musenyi,Maize,2.56,2.17,217.0,Flat,Improved (WH507),No,None,0.0,No,Fallow,Low,Limited,Yes,Yes,21.5,Loam,7.04,2.55,42.6,12.5,255.4,22.1,100.7,66.5,6.8,12.0,109.1,17.77
2023,Season B,May,Gashora,Rice,0.21,0.13,13.0,Valley,Hybrid (Komboka),Yes,Inorganic (NPK),42.9,No,Beans,High,Limited,Yes,Yes,7.1,Loam,6.31,1.9,47.4,24.7,184.1,23.5,81.7,68.8,7.4,10.9,97.9,22.29
2022,Season B,March,Gashora,Maize,1.41,1.11,111.0,Flat,Improved (WH507),Partial,Inorganic (NPK),51.4,No,Fallow,Low,Limited,No,Yes,14.3,Loam,6.52,2.25,48.8,22.8,203.8,21.4,87.2,74.4,6.9,11.7,122.7,17.52
2023,Season B,April,Ruhuha,Rice,0.64,0.52,52.0,Valley,Hybrid (Komboka),Yes,Inorganic (NPK),38.9,No,Maize,Low,Adequate,Yes,Yes,16.2,Sandy Loam,7.14,2.27,66.0,17.8,178.9,23.4,126.1,77.1,7.2,11.0,106.1,27.65
2020,Season A,December,Mareba,Maize,0.61,0.48,48.0,Valley,Hybrid (H614D),No,None,0.0,No,Beans,Low,Adequate,Yes,Yes,13.7,Sandy Loam,7.12,2.77,63.3,14.0,239.7,21.5,100.8,68.3,8.0,11.9,104.0,23.46
2024,Season A,October,Ruhuha,Rice,0.14,0.09,9.0,Valley,Hybrid (Komboka),No,None,0.0,Yes,Maize,Low,Sufficient,No,No,10.4,Sandy Loam,6.95,2.48,65.7,20.9,187.9,23.5,66.1,80.4,6.6,9.8,103.7,19.99
2020,Season A,November,Ruhuha,Beans,2.8,2.15,215.0,Flat,Hybrid (MAC 44),No,None,0.0,No,Beans,High,Sufficient,Yes,Yes,7.0,Sandy Loam,6.92,2.45,67.0,14.6,188.2,23.4,106.5,72.5,6.9,9.4,109.6,7.12
2024,Season B,May,Rilima,Rice,2.71,2.31,231.0,Valley,Hybrid (Komboka),No,None,0.0,No,Maize,Low,Sufficient,Yes,Yes,15.2,Sandy Soil,6.08,1.92,37.6,16.4,212.9,26.0,98.2,64.3,7.5,10.6,114.7,24.34
2020,Season B,February,Mareba,Maize,1.78,1.33,133.0,Hillside,Improved (WH507),Yes,Organic (Compost),0.0,No,Beans,Medium,Sufficient,No,No,5.5,Sandy Loam,6.85,2.97,60.5,12.2,234.1,21.5,89.2,74.5,7.6,12.2,119.3,19.07
2020,Season A,October,Shyara,Maize,1.83,1.43,143.0,Flat,Improved (WH507),Yes,Inorganic (NPK),76.6,Partial,Rice,Low,Sufficient,Yes,Yes,11.0,Sandy Loam,6.07,2.18,58.1,21.6,244.7,24.8,85.8,69.7,7.0,11.6,87.1,22.74
2023,Season A,October,Musenyi,Maize,1.44,1.25,125.0,Flat,Local Variety,No,None,0.0,Yes,Cassava,Medium,Limited,No,No,7.2,Loam,7.13,2.59,41.2,11.4,252.2,23.2,96.6,78.8,6.8,9.9,112.8,12.88
2021,Season A,October,Rweru,Beans,1.07,1.03,103.0,Hillside,Improved (RWR 2245),No,None,0.0,No,Maize,Low,Adequate,No,No,6.8,Clay Soil,7.01,2.46,63.3,13.4,192.1,23.0,91.4,80.1,7.4,7.8,116.6,14.03
2021,Season A,October,Musenyi,Beans,1.25,0.99,99.0,Valley,Hybrid (MAC 44),Yes,Mixed (Organic + Inorganic),38.3,No,Beans,Low,Adequate,Yes,Yes,12.0,Loam,7.06,2.47,40.5,14.8,253.3,25.2,72.6,76.0,6.7,10.5,110.1,9.77
2021,Season B,April,Ngeruka,Beans,1.17,0.8,80.0,Valley,Improved (RWR 2245),Partial,Organic (Compost),71.7,No,Maize,Low,Adequate,No,Yes,24.4,Loam,7.2,2.71,71.7,22.3,187.8,25.0,108.4,72.6,6.7,9.9,101.9,12.18
2023,Season A,November,Nyamata,Beans,2.77,2.38,238.0,Valley,Hybrid (MAC 44),Yes,Organic (Compost),0.0,Partial,Beans,High,Limited,Yes,No,21.3,Clay Soil,7.15,3.34,77.6,25.6,252.8,21.5,122.3,74.2,6.9,10.0,89.8,8.84
2024,Season A,January,Ruhuha,Rice,0.73,0.51,51.0,Valley,Hybrid (Komboka),No,None,0.0,No,Fallow,Low,Adequate,Yes,No,24.4,Sandy Loam,7.11,2.79,62.5,17.7,177.0,21.3,60.7,66.6,8.5,10.7,96.4,18.38
2020,Season B,March,Kamabuye,Rice,0.88,0.83,83.0,Valley,Hybrid (Komboka),Yes,Inorganic (NPK),221.3,Partial,Rice,Low,Sufficient,No,No,6.4,Clay Soil,7.05,2.11,41.4,21.1,207.1,22.9,83.6,81.9,7.4,10.9,98.4,24.21
2024,Season B,March,Nyamata,Beans,1.07,0.7,70.0,Valley,Hybrid (MAC 44),Yes,Organic (Compost),0.0,No,Fallow,Medium,Limited,No,No,24.0,Clay Soil,7.1,3.09,75.4,25.1,241.5,22.7,108.8,76.8,7.5,11.1,107.7,9.34
2021,Season B,March,Juru,Beans,1.29,1.17,117.0,Flat,Improved (RWR 2245),Yes,Inorganic (NPK),51.0,Yes,Maize,Medium,Sufficient,Yes,No,11.8,Sandy Loam,6.91,2.6,54.2,25.6,180.4,25.1,84.5,81.7,6.7,11.4,115.7,14.93
2024,Season B,May,Musenyi,Maize,1.37,1.32,132.0,Hillside,Improved (WH507),No,None,0.0,Partial,Beans,Medium,Adequate,No,No,16.3,Loam,7.28,2.47,37.9,14.0,268.0,23.6,70.5,88.1,7.6,8.4,88.9,16.7
2022,Season B,June,Gashora,Maize,0.71,0.54,54.0,Hillside,Improved (WH507),Yes,Inorganic (NPK),54.0,Partial,Beans,High,Sufficient,Yes,No,5.4,Loam,6.33,2.26,47.9,23.6,191.9,20.9,24.2,68.9,8.1,12.4,127.2,14.64
2021,Season B,May,Ngeruka,Maize,0.38,0.33,33.0,Flat,Improved (WH507),No,None,0.0,Yes,Maize,Low,Sufficient,No,No,21.8,Loam,7.06,2.55,78.0,18.2,192.2,21.4,88.1,79.5,7.6,10.4,103.7,16.28
2022,Season B,February,Kamabuye,Beans,1.25,1.16,116.0,Flat,Hybrid (MAC 44),No,None,0.0,Yes,Maize,High,Adequate,Yes,No,24.7,Clay Soil,7.13,2.18,40.9,20.2,208.9,21.7,83.5,77.8,8.1,12.1,121.7,7.91
2023,Season B,June,Musenyi,Beans,1.35,1.29,129.0,Flat,Hybrid (MAC 44),No,None,0.0,No,Maize,Medium,Sufficient,No,Yes,12.4,Loam,6.95,2.09,35.7,12.3,260.1,22.7,27.6,67.4,7.7,11.3,127.7,6.16
2022,Season A,January,Kamabuye,Beans,2.43,2.14,214.0,Hillside,Hybrid (MAC 44),No,None,0.0,Yes,Cassava,Low,Sufficient,No,No,24.1,Clay Soil,7.09,2.18,38.3,19.2,195.0,21.8,40.0,75.9,7.3,10.2,120.6,8.91
2024,Season B,March,Musenyi,Maize,1.14,1.09,109.0,Flat,Local Variety,Partial,Inorganic (NPK),40.4,No,Maize,Low,Limited,Yes,Yes,15.5,Loam,7.2,2.43,40.9,13.5,253.3,20.2,115.7,83.4,8.4,11.2,119.5,10.62
2023,Season A,January,Mareba,Maize,0.2,0.13,13.0,Hillside,Hybrid (H614D),Partial,Inorganic (NPK),34.3,No,Beans,Medium,Limited,Yes,No,6.0,Sandy Loam,7.16,3.01,63.0,10.4,233.5,22.1,61.7,76.4,7.3,10.1,110.1,23.21
2024,Season B,June,Ntarama,Beans,2.64,2.47,247.0,Valley,Local Variety,Partial,Organic (Compost),67.0,No,Maize,High,Adequate,Yes,No,22.2,Sandy Soil,7.03,3.11,65.0,11.6,243.3,22.1,47.3,70.3,8.0,12.7,106.4,4.99
2023,Season B,February,Gashora,Maize,1.58,1.35,135.0,Flat,Improved (WH507),Yes,Mixed (Organic + Inorganic),171.5,No,Fallow,Low,Adequate,No,No,9.8,Loam,6.53,2.24,50.4,25.0,189.6,22.5,74.1,76.2,7.5,9.9,110.1,22.01
2023,Season B,April,Juru,Maize,1.64,1.51,151.0,Hillside,Improved (WH507),No,None,0.0,Yes,Beans,High,Adequate,Yes,No,13.2,Sandy Loam,6.87,2.34,49.9,24.1,169.8,23.0,65.8,82.5,7.1,8.7,102.1,16.22
2023,Season A,September,Shyara,Rice,0.48,0.33,33.0,Valley,Hybrid (Komboka),Yes,Mixed (Organic + Inorganic),53.0,Yes,Rice,Low,Adequate,No,Yes,11.5,Sandy Loam,5.79,2.27,58.8,21.8,274.9,22.9,85.2,74.5,7.4,10.5,119.8,26.88
2022,Season B,February,Ngeruka,Rice,0.44,0.36,36.0,Flat,Local Variety,No,None,0.0,No,Beans,Low,Adequate,Yes,Yes,15.2,Loam,7.04,2.36,73.0,19.4,184.9,22.8,93.5,78.0,7.7,10.9,121.1,17.34
2021,Season A,October,Shyara,Maize,1.76,1.71,171.0,Hillside,Improved (WH507),Partial,Inorganic (NPK),65.2,No,Rice,High,Adequate,Yes,No,12.0,Sandy Loam,5.96,2.36,59.6,21.7,267.1,24.7,111.3,81.8,5.8,10.5,110.2,19.24
2024,Season B,June,Mayange,Maize,1.65,1.54,154.0,Flat,Local Variety,No,None,0.0,Yes,Fallow,Medium,Adequate,No,Yes,10.1,Sandy Loam,5.99,2.84,67.1,9.8,198.8,22.5,30.3,75.4,8.5,11.4,126.0,11.4
2021,Season A,December,Ruhuha,Beans,0.78,0.78,78.0,Flat,Improved (RWR 2245),No,None,0.0,No,Maize,Low,Limited,No,No,19.9,Sandy Loam,7.07,2.32,54.8,14.4,184.0,23.4,51.2,71.8,7.5,10.4,93.9,10.32
2022,Season A,December,Mayange,Beans,0.68,0.5,50.0,Hillside,Hybrid (MAC 44),No,None,0.0,Yes,Beans,Medium,Adequate,No,Yes,8.8,Sandy Loam,5.99,2.99,70.3,10.8,212.7,22.5,52.6,73.4,9.6,10.6,94.4,8.41
2020,Season A,December,Juru,Maize,0.33,0.21,21.0,Flat,Improved (WH507),Partial,Inorganic (NPK),13.8,No,Maize,Low,Adequate,Yes,Yes,17.2,Sandy Loam,6.79,2.74,48.2,24.8,172.3,22.6,64.4,70.5,7.2,10.7,99.5,18.05
2021,Season A,January,Juru,Beans,1.1,0.79,79.0,Flat,Hybrid (MAC 44),Partial,Organic (Compost),57.2,Partial,Maize,High,Adequate,Yes,No,17.8,Sandy Loam,7.01,2.55,48.0,23.6,181.6,23.2,73.7,68.0,7.7,11.4,110.1,9.42
2022,Season B,May,Rilima,Rice,2.83,2.63,263.0,Hillside,Improved (IR64 / NERICA),No,None,0.0,No,Beans,High,Adequate,Yes,No,18.3,Sandy Soil,6.05,1.58,42.4,14.3,224.9,23.4,102.5,68.6,6.3,10.6,111.0,27.46
2022,Season A,November,Mayange,Beans,0.69,0.65,65.0,Flat,Local Variety,Yes,Mixed (Organic + Inorganic),152.6,Yes,Rice,Medium,Adequate,No,No,8.9,Sandy Loam,6.0,2.91,71.0,11.2,198.1,23.8,87.0,68.9,7.6,10.1,104.9,7.76
2023,Season B,February,Gashora,Beans,2.07,1.83,183.0,Hillside,Hybrid (MAC 44),Yes,Inorganic (NPK),212.7,No,Maize,Low,Adequate,Yes,No,10.2,Loam,6.5,2.24,51.1,24.2,183.3,23.0,60.4,71.5,7.1,10.9,120.0,10.39
2021,Season A,September,Mwogo,Maize,0.13,0.09,9.0,Valley,Hybrid (H614D),Yes,Mixed (Organic + Inorganic),62.6,Partial,Fallow,Low,Limited,Yes,No,20.0,Sandy Soil,5.99,2.0,75.7,20.6,165.8,24.4,51.4,75.3,7.1,13.1,128.2,22.31
2022,Season B,May,Mayange,Beans,1.58,1.5,150.0,Flat,Local Variety,Yes,Organic (Compost),0.0,No,Maize,Medium,Limited,No,Yes,16.4,Sandy Loam,5.97,2.81,65.0,12.5,223.6,22.2,53.9,76.1,6.9,11.5,109.9,5.91
2024,Season B,March,Nyamata,Rice,2.62,1.83,183.0,Valley,Hybrid (Komboka),No,None,0.0,No,Beans,High,Sufficient,Yes,No,7.1,Clay Soil,7.15,3.18,74.6,24.0,262.9,21.7,109.7,77.7,7.1,12.5,98.4,21.09
2020,Season B,April,Shyara,Maize,1.63,1.33,133.0,Flat,Improved (WH507),No,None,0.0,Yes,Beans,Low,Sufficient,Yes,No,15.5,Sandy Loam,6.13,2.04,59.0,22.9,269.4,24.9,134.0,77.7,7.3,8.8,96.3,19.07
2022,Season A,November,Mwogo,Maize,2.6,1.73,173.0,Hillside,Local Variety,No,None,0.0,Partial,Cassava,Low,Sufficient,Yes,Yes,19.4,Sandy Soil,6.01,1.99,67.6,21.1,171.2,21.5,76.7,76.2,6.8,9.4,104.5,13.5
2022,Season A,October,Mwogo,Beans,0.16,0.11,11.0,Flat,Hybrid (MAC 44),No,None,0.0,No,Fallow,Medium,Limited,Yes,No,13.6,Sandy Soil,6.08,2.03,74.2,23.5,153.2,24.1,123.5,81.7,6.4,9.3,115.0,8.05
2023,Season B,June,Musenyi,Beans,1.39,1.08,108.0,Flat,Improved (RWR 2245),Yes,Organic (Compost),0.0,No,Maize,Medium,Adequate,Yes,No,18.7,Loam,7.04,2.46,42.6,13.1,260.7,21.7,42.7,63.9,8.8,11.3,109.5,9.78
2024,Season B,February,Mwogo,Maize,0.78,0.58,58.0,Valley,Local Variety,No,None,0.0,No,Beans,Low,Sufficient,Yes,Yes,18.7,Sandy Soil,6.0,2.25,73.0,21.9,164.6,24.6,100.3,77.3,8.0,11.4,99.0,14.16
2020,Season A,January,Shyara,Beans,1.88,1.17,117.0,Valley,Improved (RWR 2245),Yes,Mixed (Organic + Inorganic),204.6,No,Beans,Medium,Sufficient,No,No,9.6,Sandy Loam,6.07,2.26,55.3,22.7,254.6,23.1,49.8,79.6,8.1,10.5,115.0,12.29
2020,Season A,November,Mayange,Beans,1.29,0.86,86.0,Flat,Improved (RWR 2245),No,None,0.0,Partial,Beans,Medium,Adequate,No,No,24.6,Sandy Loam,6.01,3.15,69.1,12.8,211.3,22.0,66.5,85.5,7.8,11.0,101.8,12.39
2023,Season B,June,Nyarugenge,Beans,1.14,1.07,107.0,Hillside,Improved (RWR 2245),Partial,Organic (Compost),59.6,Partial,Beans,Low,Adequate,Yes,Yes,17.8,Clay Soil,6.18,2.2,38.0,23.8,210.8,23.0,46.9,69.2,8.6,13.0,113.0,10.65
2020,Season A,November,Musenyi,Beans,2.8,2.27,227.0,Hillside,Local Variety,No,None,0.0,No,Fallow,Medium,Adequate,Yes,No,13.4,Loam,7.12,2.47,39.5,16.8,256.0,22.3,111.5,82.2,7.3,10.9,99.7,6.85
2022,Season B,May,Rweru,Rice,0.46,0.42,42.0,Valley,Improved (IR64 / NERICA),Yes,Organic (Compost),0.0,Yes,Maize,High,Sufficient,Yes,No,23.2,Clay Soil,7.06,2.89,66.4,13.9,193.3,25.5,47.2,79.0,6.8,10.9,119.3,24.75
2021,Season A,November,Ntarama,Maize,0.37,0.27,27.0,Hillside,Local Variety,Yes,Organic (Compost),0.0,No,Beans,High,Sufficient,No,No,21.7,Sandy Soil,7.17,2.87,62.1,10.2,246.7,23.3,118.2,73.1,6.4,12.3,116.1,13.7
2024,Season A,December,Kamabuye,Maize,2.87,2.6,260.0,Hillside,Local Variety,Yes,Inorganic (NPK),150.0,Partial,Beans,High,Adequate,Yes,No,21.9,Clay Soil,7.09,2.41,43.3,17.2,203.0,23.8,75.2,75.3,7.6,10.7,92.7,13.96
2020,Season B,June,Ntarama,Rice,2.07,2.05,205.0,Hillside,Hybrid (Komboka),Partial,Organic (Compost),23.1,No,Maize,Medium,Adequate,Yes,Yes,23.6,Sandy Soil,6.99,3.18,67.1,7.4,262.1,21.6,25.0,66.1,9.1,10.9,125.7,18.55
2020,Season A,November,Shyara,Rice,2.01,1.7,170.0,Flat,Improved (IR64 / NERICA),No,None,0.0,No,Maize,Low,Adequate,No,Yes,13.1,Sandy Loam,6.25,2.26,54.6,20.5,273.0,22.7,63.4,72.7,6.9,9.5,117.5,28.21
2020,Season B,February,Nyarugenge,Maize,0.54,0.46,46.0,Flat,Local Variety,Yes,Inorganic (NPK),154.6,Yes,Beans,Low,Adequate,Yes,No,16.3,Clay Soil,6.24,2.69,39.6,21.3,195.9,24.9,80.9,69.3,7.4,11.6,102.0,17.39
2021,Season A,October,Shyara,Maize,1.08,0.78,78.0,Hillside,Local Variety,No,None,0.0,No,Beans,High,Adequate,Yes,No,22.5,Sandy Loam,6.11,2.45,48.7,21.0,263.4,23.4,69.4,82.8,7.3,12.1,111.6,13.06
2022,Season A,December,Nyarugenge,Maize,1.87,1.63,163.0,Flat,Local Variety,No,None,0.0,No,Rice,Low,Adequate,No,Yes,19.3,Clay Soil,6.12,2.13,36.5,19.8,197.4,21.4,99.0,68.6,6.9,11.3,101.2,13.45
2020,Season A,November,Mwogo,Rice,1.27,1.19,119.0,Valley,Hybrid (Komboka),Yes,Mixed (Organic + Inorganic),153.1,No,Rice,Low,Adequate,Yes,Yes,9.9,Sandy Soil,6.02,2.02,68.4,24.8,155.5,24.0,111.3,84.4,6.7,9.1,104.0,32.73
2021,Season A,September,Gashora,Maize,2.47,2.16,216.0,Flat,Improved (WH507),No,None,0.0,No,Rice,High,Limited,Yes,Yes,10.2,Loam,6.45,2.24,49.8,23.0,188.6,22.8,57.6,80.7,7.3,10.9,101.6,11.43
2022,Season A,September,Rweru,Beans,0.89,0.71,71.0,Hillside,Improved (RWR 2245),No,None,0.0,No,Rice,Medium,Adequate,Yes,No,22.0,Clay Soil,6.94,2.66,61.4,14.7,193.5,23.6,91.4,72.3,7.4,12.3,105.2,12.98
2020,Season A,November,Ruhuha,Beans,1.62,1.56,156.0,Hillside,Improved (RWR 2245),No,None,0.0,Yes,Beans,Low,Adequate,Yes,No,9.8,Sandy Loam,7.0,2.44,62.7,20.3,196.8,24.0,140.4,70.9,7.3,9.1,120.2,12.98
2021,Season A,January,Shyara,Rice,0.96,0.81,81.0,Flat,Improved (IR64 / NERICA),No,None,0.0,Yes,Rice,Medium,Adequate,Yes,No,5.9,Sandy Loam,6.14,2.24,59.8,20.6,256.5,23.5,52.3,76.7,8.7,11.8,117.1,28.63
2020,Season B,May,Nyarugenge,Rice,1.98,1.93,193.0,Valley,Hybrid (Komboka),No,None,0.0,No,Rice,High,Sufficient,Yes,No,12.5,Clay Soil,6.29,2.41,31.8,21.8,190.2,23.9,81.4,76.7,6.9,9.4,95.5,18.44
2020,Season B,April,Mwogo,Maize,0.37,0.26,26.0,Valley,Improved (WH507),Yes,Mixed (Organic + Inorganic),51.7,No,Cassava,Low,Sufficient,Yes,No,15.5,Sandy Soil,5.9,1.95,66.5,21.5,154.8,21.7,68.5,76.0,6.7,12.0,105.0,19.55
2020,Season A,November,Nyamata,Maize,1.05,0.83,83.0,Hillside,Local Variety,Partial,Inorganic (NPK),21.3,Yes,Rice,Low,Sufficient,Yes,Yes,13.1,Clay Soil,7.14,3.35,79.6,25.5,277.8,22.9,77.8,70.9,6.8,11.0,119.5,15.23
2024,Season B,May,Juru,Maize,1.04,0.93,93.0,Flat,Improved (WH507),Yes,Mixed (Organic + Inorganic),196.6,No,Cassava,Medium,Adequate,No,No,10.1,Sandy Loam,6.93,2.6,45.7,24.9,170.6,23.2,99.3,87.8,6.7,11.3,108.3,21.6
2021,Season B,April,Ngeruka,Rice,0.47,0.38,38.0,Valley,Improved (IR64 / NERICA),Partial,Inorganic (NPK),28.4,Yes,Rice,Low,Sufficient,Yes,No,17.9,Loam,7.12,2.75,75.4,18.4,187.1,23.3,108.5,74.5,6.6,12.0,104.5,35.76
2022,Season A,December,Mayange,Maize,0.64,0.47,47.0,Flat,Improved (WH507),Yes,Inorganic (NPK),157.4,Partial,Maize,Low,Adequate,Yes,Yes,11.7,Sandy Loam,5.89,2.43,62.6,13.2,203.4,24.5,60.1,79.0,7.2,12.2,117.5,21.33
2020,Season B,April,Mwogo,Beans,0.49,0.4,40.0,Hillside,Hybrid (MAC 44),No,None,0.0,Yes,Maize,Medium,Adequate,Yes,No,12.6,Sandy Soil,5.96,2.01,68.5,20.3,147.1,23.6,84.9,78.2,7.0,12.0,96.3,8.69
2021,Season A,December,Nyarugenge,Maize,2.98,2.76,276.0,Flat,Improved (WH507),No,None,0.0,No,Cassava,Low,Limited,Yes,Yes,6.8,Clay Soil,6.33,2.36,38.9,24.4,203.5,21.1,69.5,76.8,7.7,12.0,109.5,16.47
2024,Season A,December,Shyara,Rice,1.85,1.38,138.0,Flat,Improved (IR64 / NERICA),No,None,0.0,No,Beans,Low,Adequate,No,Yes,14.0,Sandy Loam,6.09,2.44,57.1,22.7,263.6,21.5,116.2,72.1,7.5,12.7,118.0,33.66
2022,Season A,September,Mwogo,Beans,2.37,1.6,160.0,Flat,Improved (RWR 2245),Yes,Organic (Compost),0.0,No,Fallow,Low,Sufficient,Yes,No,14.1,Sandy Soil,6.01,2.18,70.2,21.7,153.2,24.6,53.5,70.7,6.6,11.4,119.5,13.5
2023,Season B,February,Ruhuha,Maize,2.02,1.59,159.0,Valley,Improved (WH507),Yes,Mixed (Organic + Inorganic),143.0,No,Rice,High,Sufficient,Yes,Yes,15.7,Sandy Loam,6.82,2.38,59.6,21.6,192.9,23.3,97.0,74.5,7.7,10.4,109.0,17.46
2024,Season A,October,Kamabuye,Maize,0.82,0.65,65.0,Hillside,Local Variety,No,None,0.0,No,Cassava,High,Sufficient,Yes,Yes,9.2,Clay Soil,7.05,2.23,38.5,15.2,208.8,22.7,101.4,88.7,6.5,10.8,107.8,11.48
2024,Season A,January,Musenyi,Maize,2.16,2.09,209.0,Flat,Improved (WH507),Partial,Inorganic (NPK),18.8,Partial,Maize,High,Sufficient,Yes,Yes,10.7,Loam,7.11,2.24,42.9,15.3,268.9,22.6,59.0,68.9,7.9,12.1,114.7,13.97
2024,Season B,June,Rilima,Beans,2.08,1.37,137.0,Flat,Improved (RWR 2245),No,None,0.0,Yes,Rice,High,Limited,No,No,13.4,Sandy Soil,6.03,1.58,42.9,15.7,214.5,24.0,38.7,72.8,8.1,13.5,102.8,7.93
2024,Season B,March,Mayange,Maize,2.43,1.59,159.0,Valley,Local Variety,Yes,Inorganic (NPK),183.1,No,Fallow,Low,Limited,Yes,Yes,17.5,Sandy Loam,6.15,2.78,64.2,15.2,210.7,22.9,108.1,73.7,6.7,10.3,104.7,15.19
2024,Season B,June,Mwogo,Maize,2.1,1.85,185.0,Flat,Improved (WH507),Yes,Mixed (Organic + Inorganic),154.8,Yes,Rice,Medium,Sufficient,No,Yes,5.4,Sandy Soil,6.05,1.62,67.1,21.5,153.8,22.7,42.8,75.8,8.6,12.5,132.0,19.36
2020,Season B,June,Juru,Rice,0.45,0.44,44.0,Flat,Local Variety,Partial,Inorganic (NPK),65.5,Yes,Maize,Medium,Adequate,Yes,Yes,9.0,Sandy Loam,6.92,2.64,45.9,23.2,173.8,24.2,26.1,65.0,7.9,11.9,118.0,18.89
2020,Season B,March,Nyamata,Beans,2.85,2.3,230.0,Valley,Improved (RWR 2245),Partial,Organic (Compost),22.4,Partial,Cassava,High,Adequate,Yes,Yes,9.9,Clay Soil,7.16,3.29,77.8,26.4,252.3,21.0,120.0,72.0,7.8,12.1,112.7,12.01
2022,Season A,December,Kamabuye,Rice,1.47,1.02,102.0,Valley,Improved (IR64 / NERICA),Yes,Inorganic (NPK),134.6,No,Maize,Low,Adequate,Yes,No,22.0,Clay Soil,7.05,2.13,43.7,17.8,200.1,22.4,78.1,83.0,7.7,11.2,116.5,34.81
2021,Season A,October,Mayange,Rice,0.28,0.21,21.0,Flat,Hybrid (Komboka),Partial,Inorganic (NPK),63.8,No,Cassava,Medium,Sufficient,No,No,21.1,Sandy Loam,6.09,2.78,69.3,16.1,190.2,26.2,80.2,76.0,7.1,11.1,111.2,29.69
2021,Season B,June,Gashora,Maize,1.79,1.17,117.0,Hillside,Local Variety,Yes,Inorganic (NPK),153.8,Partial,Beans,Medium,Adequate,Yes,No,23.3,Loam,6.43,2.19,50.1,21.4,204.6,24.2,42.2,65.4,8.5,11.3,125.2,14.3
2021,Season A,December,Musenyi,Maize,1.7,1.56,156.0,Flat,Improved (WH507),Yes,Organic (Compost),0.0,Yes,Beans,Low,Adequate,Yes,Yes,23.8,Loam,7.32,2.64,39.2,13.4,252.1,23.2,110.3,75.5,7.5,10.6,105.6,23.89
2020,Season B,February,Juru,Rice,2.05,1.51,151.0,Flat,Improved (IR64 / NERICA),Yes,Organic (Compost),0.0,No,Cassava,Low,Adequate,Yes,Yes,16.6,Sandy Loam,6.95,2.51,47.8,26.2,173.2,21.4,90.3,84.1,7.7,12.0,116.2,32.8
2022,Season A,November,Kamabuye,Rice,0.81,0.75,75.0,Flat,Improved (IR64 / NERICA),No,None,0.0,No,Maize,High,Sufficient,Yes,No,17.1,Clay Soil,7.19,2.2,41.0,20.1,208.3,25.5,95.6,86.8,7.3,10.1,89.7,28.28
2022,Season A,September,Nyarugenge,Beans,1.99,1.78,178.0,Valley,Hybrid (MAC 44),Yes,Mixed (Organic + Inorganic),189.5,No,Rice,Low,Adequate,Yes,Yes,7.9,Clay Soil,6.28,2.27,34.1,22.9,208.8,22.7,93.6,73.2,7.6,13.0,100.0,12.47
2023,Season B,May,Ruhuha,Rice,2.14,1.93,193.0,Valley,Improved (IR64 / NERICA),No,None,0.0,Partial,Beans,Low,Limited,No,No,11.1,Sandy Loam,7.02,2.31,59.9,19.3,184.2,21.3,57.3,76.0,7.9,10.6,95.3,23.91
2020,Season B,February,Mwogo,Maize,2.84,1.73,173.0,Hillside,Hybrid (H614D),No,None,0.0,Partial,Maize,Low,Sufficient,Yes,No,5.3,Sandy Soil,6.07,1.63,69.1,18.9,158.3,24.3,94.4,71.4,7.8,9.5,118.9,23.44
2022,Season A,January,Ruhuha,Rice,1.88,1.17,117.0,Flat,Hybrid (Komboka),Yes,Mixed (Organic + Inorganic),197.4,No,Maize,Low,Sufficient,Yes,Yes,20.1,Sandy Loam,7.05,2.24,60.2,18.6,178.5,23.2,57.7,71.3,7.6,12.3,123.0,26.06
2024,Season A,October,Juru,Maize,2.68,2.25,225.0,Flat,Hybrid (H614D),Yes,Inorganic (NPK),58.7,No,Rice,Medium,Limited,No,No,18.9,Sandy Loam,7.03,2.58,47.5,22.7,173.6,20.9,73.4,87.8,7.0,10.0,111.4,20.44
2023,Season A,January,Nyamata,Rice,0.55,0.5,50.0,Valley,Improved (IR64 / NERICA),No,None,0.0,Yes,Maize,High,Sufficient,Yes,No,6.8,Clay Soil,7.12,3.02,68.6,26.1,252.5,23.3,40.2,69.7,7.7,10.5,124.2,24.26
2023,Season A,December,Musenyi,Rice,1.66,1.38,138.0,Hillside,Hybrid (Komboka),No,None,0.0,No,Beans,Medium,Sufficient,No,No,16.2,Loam,7.09,2.42,45.4,11.7,246.2,23.0,75.4,64.0,7.7,9.7,114.2,21.16
2023,Season A,January,Mareba,Beans,0.21,0.19,19.0,Valley,Hybrid (MAC 44),Partial,Inorganic (NPK),60.8,No,Beans,Low,Sufficient,Yes,No,12.9,Sandy Loam,6.91,3.07,59.6,10.2,238.3,22.2,77.5,72.9,8.1,12.7,109.4,11.06
2022,Season B,March,Kamabuye,Maize,0.42,0.33,33.0,Valley,Improved (WH507),Yes,Inorganic (NPK),46.4,No,Rice,Medium,Limited,Yes,Yes,22.4,Clay Soil,7.11,2.24,46.6,21.4,221.5,24.9,74.0,76.3,7.7,11.3,112.8,15.15
2020,Season A,October,Rilima,Maize,1.72,1.41,141.0,Flat,Improved (WH507),No,None,0.0,Partial,Beans,High,Adequate,No,No,20.9,Sandy Soil,6.17,1.99,39.6,17.6,226.4,24.7,141.2,85.7,6.7,10.9,94.0,15.81
2023,Season B,May,Mareba,Maize,0.36,0.28,28.0,Valley,Improved (WH507),No,None,0.0,No,Maize,Low,Sufficient,No,No,22.4,Sandy Loam,7.05,2.84,64.5,9.0,243.9,25.2,55.5,78.2,6.4,9.0,104.4,12.84
2021,Season B,June,Shyara,Beans,1.14,0.77,77.0,Flat,Improved (RWR 2245),Yes,Organic (Compost),0.0,No,Fallow,Medium,Limited,Yes,No,22.2,Sandy Loam,6.05,2.2,54.3,19.5,282.7,23.4,30.8,67.1,7.4,12.8,131.9,8.26
2024,Season A,October,Ntarama,Maize,1.59,1.11,111.0,Valley,Improved (WH507),No,None,0.0,No,Rice,Medium,Sufficient,No,No,22.2,Sandy Soil,7.16,2.74,63.5,14.6,242.8,23.0,81.1,79.0,6.3,9.1,103.3,17.64
2023,Season B,May,Nyarugenge,Rice,0.13,0.09,9.0,Valley,Hybrid (Komboka),No,None,0.0,No,Fallow,Low,Sufficient,Yes,No,10.8,Clay Soil,6.13,2.27,40.0,21.0,189.7,22.5,91.1,72.9,7.0,10.4,97.9,21.42
2021,Season A,January,Nyamata,Maize,2.03,1.43,143.0,Valley,Hybrid (H614D),Yes,Inorganic (NPK),59.2,No,Beans,Medium,Adequate,Yes,No,11.3,Clay Soil,7.18,3.24,74.0,21.1,254.0,20.9,55.2,75.1,8.0,10.9,109.7,20.43
2021,Season B,February,Musenyi,Rice,0.82,0.63,63.0,Valley,Local Variety,Yes,Mixed (Organic + Inorganic),147.5,No,Rice,Low,Limited,No,Yes,17.3,Loam,7.3,2.47,45.4,11.8,255.5,22.2,90.3,83.3,7.6,12.0,116.9,17.48
2024,Season B,March,Shyara,Maize,2.49,2.01,201.0,Flat,Improved (WH507),Partial,Organic (Compost),38.8,No,Rice,Medium,Adequate,No,No,10.2,Sandy Loam,6.03,2.3,51.6,20.0,256.5,24.0,75.4,81.1,7.2,12.2,98.5,17.57
2024,Season B,February,Mayange,Beans,1.84,1.24,124.0,Flat,Improved (RWR 2245),Partial,Organic (Compost),41.6,Partial,Beans,Low,Adequate,No,No,12.1,Sandy Loam,6.1,2.75,62.7,13.5,216.9,21.4,45.9,71.4,7.1,10.1,112.5,10.68
2023,Season B,May,Musenyi,Rice,0.9,0.64,64.0,Valley,Local Variety,Partial,Organic (Compost),39.7,No,Cassava,Low,Adequate,Yes,Yes,14.1,Loam,7.05,2.23,38.6,14.7,251.1,25.3,86.5,73.2,7.8,9.9,106.9,21.14
2024,Season A,December,Nyarugenge,Beans,0.84,0.76,76.0,Hillside,Hybrid (MAC 44),Partial,Inorganic (NPK),31.3,No,Cassava,Medium,Limited,Yes,Yes,22.9,Clay Soil,6.13,2.38,37.7,22.6,194.9,23.8,59.7,71.8,7.9,10.3,124.8,9.11
2022,Season B,June,Ngeruka,Rice,2.74,2.12,212.0,Hillside,Improved (IR64 / NERICA),No,None,0.0,Yes,Rice,High,Adequate,No,No,10.8,Loam,6.95,2.92,75.2,19.9,189.8,21.3,32.3,71.7,9.5,11.8,107.2,21.24
2023,Season B,May,Nyarugenge,Maize,2.27,1.79,179.0,Hillside,Local Variety,No,None,0.0,No,Beans,Low,Sufficient,Yes,Yes,22.0,Clay Soil,6.12,2.16,44.7,21.9,189.2,21.8,89.7,81.4,6.7,11.6,89.5,15.62
2024,Season A,November,Mayange,Beans,0.77,0.74,74.0,Valley,Local Variety,Partial,Organic (Compost),38.6,Yes,Maize,Medium,Sufficient,Yes,Yes,17.5,Sandy Loam,6.02,2.84,69.1,12.9,207.6,23.1,69.9,78.3,7.2,11.0,119.0,8.23
2021,Season A,December,Kamabuye,Rice,1.94,1.41,141.0,Valley,Hybrid (Komboka),Partial,Inorganic (NPK),32.4,No,Beans,High,Adequate,Yes,No,14.1,Clay Soil,7.15,2.46,45.5,22.6,210.9,21.0,73.7,75.2,7.2,11.8,111.3,19.73
2023,Season B,April,Rweru,Rice,0.59,0.47,47.0,Hillside,Hybrid (Komboka),No,None,0.0,No,Beans,Low,Limited,Yes,No,24.3,Clay Soil,6.97,2.68,65.7,11.1,181.2,22.9,75.1,72.2,6.5,10.0,110.8,19.27
2022,Season B,May,Ruhuha,Beans,1.75,1.14,114.0,Hillside,Hybrid (MAC 44),No,None,0.0,No,Maize,Low,Adequate,No,Yes,8.6,Sandy Loam,7.01,2.48,61.6,18.0,178.5,24.6,69.2,79.1,7.4,12.6,90.4,8.96
2020,Season B,March,Musenyi,Rice,0.58,0.49,49.0,Valley,Local Variety,Yes,Mixed (Organic + Inorganic),232.9,Yes,Maize,Low,Adequate,No,Yes,5.5,Loam,6.96,2.6,43.5,12.8,250.2,22.9,61.8,70.5,7.0,12.4,123.6,18.19
2020,Season A,January,Gashora,Beans,2.92,2.2,220.0,Flat,Improved (RWR 2245),No,None,0.0,No,Beans,Low,Adequate,Yes,Yes,5.5,Loam,6.65,2.05,46.3,21.8,180.6,21.9,50.4,68.5,7.5,12.9,98.0,11.76
2023,Season B,April,Rweru,Rice,2.87,2.43,243.0,Hillside,Improved (IR64 / NERICA),Yes,Inorganic (NPK),88.8,No,Maize,Medium,Sufficient,No,Yes,24.3,Clay Soil,6.85,2.4,67.7,13.0,185.8,23.0,122.4,79.4,7.4,10.8,92.3,35.24
2021,Season A,December,Rilima,Rice,2.75,2.34,234.0,Valley,Improved (IR64 / NERICA),No,None,0.0,Yes,Maize,Low,Adequate,Yes,No,9.2,Sandy Soil,6.24,1.88,43.3,18.9,213.9,24.7,52.7,67.8,6.8,12.2,105.5,32.12
2022,Season A,December,Mwogo,Maize,0.13,0.08,8.0,Flat,Local Variety,Yes,Mixed (Organic + Inorganic),94.1,Yes,Maize,Low,Adequate,No,No,7.5,Sandy Soil,5.99,1.85,68.5,23.5,178.8,22.7,116.4,80.4,7.8,12.1,107.6,17.56
2024,Season B,February,Shyara,Maize,1.74,1.32,132.0,Hillside,Hybrid (H614D),Partial,Organic (Compost),46.6,No,Beans,Low,Sufficient,No,No,19.2,Sandy Loam,6.39,2.38,52.9,16.3,270.7,24.2,49.2,72.9,6.7,10.6,97.0,23.71
2021,Season B,March,Juru,Maize,2.48,1.53,153.0,Hillside,Local Variety,Yes,Organic (Compost),0.0,No,Maize,Low,Limited,No,No,20.7,Sandy Loam,7.02,2.85,46.6,27.5,184.6,21.8,103.5,86.6,7.1,13.0,121.5,13.22
2021,Season B,March,Juru,Maize,0.19,0.17,17.0,Flat,Improved (WH507),Partial,Inorganic (NPK),43.3,No,Maize,High,Adequate,No,No,22.3,Sandy Loam,6.94,2.44,50.0,24.9,167.4,22.7,59.7,78.7,6.8,9.8,125.8,12.74
2024,Season B,May,Nyamata,Maize,0.56,0.48,48.0,Flat,Improved (WH507),Partial,Organic (Compost),24.4,Partial,Beans,Medium,Limited,Yes,Yes,22.8,Clay Soil,7.0,3.14,74.3,22.3,257.5,22.4,73.8,84.3,7.1,10.3,117.4,17.12
2021,Season B,June,Rilima,Rice,0.36,0.23,23.0,Valley,Hybrid (Komboka),Partial,Inorganic (NPK),49.0,Partial,Maize,Low,Adequate,No,No,21.6,Sandy Soil,6.16,1.7,41.9,12.7,216.6,23.4,40.2,71.5,7.9,12.8,111.0,21.09
2022,Season B,May,Kamabuye,Rice,2.06,1.72,172.0,Valley,Improved (IR64 / NERICA),No,None,0.0,No,Cassava,Medium,Limited,Yes,No,17.0,Clay Soil,7.08,2.38,44.4,16.9,195.8,23.2,66.0,75.4,6.5,9.5,109.3,21.24
2024,Season B,March,Shyara,Maize,1.35,1.34,134.0,Valley,Improved (WH507),Yes,Organic (Compost),0.0,No,Rice,Medium,Adequate,Yes,No,10.3,Sandy Loam,5.97,2.29,56.6,21.4,261.5,23.4,72.6,67.3,7.1,11.7,127.7,19.16
2024,Season A,January,Rweru,Maize,1.22,0.97,97.0,Flat,Local Variety,No,None,0.0,No,Rice,Low,Sufficient,Yes,No,19.6,Clay Soil,7.02,2.52,63.0,10.3,178.2,22.8,86.2,73.6,7.4,10.2,98.7,13.43
2022,Season B,June,Nyamata,Rice,2.92,2.02,202.0,Valley,Hybrid (Komboka),Yes,Inorganic (NPK),56.8,Partial,Maize,Low,Adequate,No,Yes,19.1,Clay Soil,7.01,3.15,75.5,24.7,252.0,22.0,31.3,65.6,8.4,12.6,130.4,18.92
2020,Season A,December,Gashora,Rice,1.83,1.55,155.0,Flat,Improved (IR64 / NERICA),No,None,0.0,No,Beans,High,Sufficient,Yes,No,12.2,Loam,6.5,1.95,47.3,22.8,190.9,23.3,103.6,71.9,7.0,13.0,96.2,29.67
2020,Season A,November,Mwogo,Beans,2.85,2.29,229.0,Valley,Improved (RWR 2245),No,None,0.0,No,Fallow,Medium,Limited,Yes,No,20.2,Sandy Soil,5.94,1.95,70.5,22.0,161.8,22.5,89.8,77.3,6.4,11.1,93.9,11.74
2021,Season B,February,Nyamata,Maize,1.08,0.79,79.0,Valley,Improved (WH507),No,None,0.0,Partial,Rice,Medium,Adequate,Yes,No,22.1,Clay Soil,7.07,3.06,84.7,24.3,259.7,24.6,49.6,75.1,7.7,12.2,116.3,13.85
2023,Season A,December,Mareba,Maize,1.23,0.83,83.0,Hillside,Improved (WH507),No,None,0.0,No,Beans,Medium,Sufficient,Yes,No,11.0,Sandy Loam,7.16,3.07,67.6,14.5,240.5,21.7,75.7,71.5,7.9,10.3,115.0,17.23
2020,Season A,January,Juru,Rice,2.47,2.25,225.0,Valley,Hybrid (Komboka),No,None,0.0,Yes,Maize,Medium,Adequate,Yes,No,15.2,Sandy Loam,6.95,2.64,51.0,26.8,178.1,22.5,58.6,63.9,7.6,10.8,116.7,21.53
2020,Season A,September,Mwogo,Beans,0.85,0.62,62.0,Flat,Improved (RWR 2245),Partial,Inorganic (NPK),30.9,Yes,Beans,Low,Sufficient,No,Yes,7.2,Sandy Soil,6.05,1.91,67.1,21.0,156.7,22.6,106.2,79.3,6.9,12.8,106.8,13.8
2024,Season B,June,Nyarugenge,Beans,2.34,1.66,166.0,Hillside,Improved (RWR 2245),No,None,0.0,No,Beans,Low,Sufficient,Yes,No,9.8,Clay Soil,6.03,2.23,41.8,21.6,184.7,22.6,34.0,63.2,8.9,11.6,129.0,8.13
2024,Season A,December,Mwogo,Maize,1.59,1.45,145.0,Valley,Improved (WH507),No,None,0.0,Yes,Rice,High,Adequate,Yes,No,23.0,Sandy Soil,6.05,1.74,66.7,19.9,177.8,22.5,102.0,76.6,8.7,13.4,101.7,16.6
2023,Season A,November,Mayange,Maize,2.17,2.12,212.0,Hillside,Local Variety,Yes,Inorganic (NPK),88.0,No,Cassava,High,Adequate,No,No,5.2,Sandy Loam,5.79,2.68,70.7,12.2,196.7,23.4,97.3,78.3,6.7,10.3,108.6,15.93
2023,Season A,November,Ruhuha,Rice,1.49,1.28,128.0,Valley,Improved (IR64 / NERICA),Yes,Organic (Compost),0.0,No,Beans,Medium,Adequate,Yes,Yes,5.1,Sandy Loam,7.09,2.5,60.9,15.7,190.9,21.1,134.5,84.1,7.2,11.1,100.0,36.91
2023,Season A,December,Mareba,Beans,2.51,1.56,156.0,Hillside,Hybrid (MAC 44),Partial,Organic (Compost),15.7,Yes,Beans,Medium,Sufficient,Yes,No,20.3,Sandy Loam,7.08,2.97,61.2,11.4,239.5,22.4,52.3,81.3,7.8,10.7,117.3,10.59
2023,Season B,June,Shyara,Maize,0.83,0.62,62.0,Hillside,Improved (WH507),No,None,0.0,Partial,Maize,High,Adequate,Yes,Yes,10.5,Sandy Loam,6.04,2.18,61.0,19.5,272.1,21.9,45.6,69.7,7.9,12.7,122.8,12.76
2021,Season A,September,Nyamata,Rice,2.79,2.78,278.0,Valley,Local Variety,Yes,Inorganic (NPK),195.8,Partial,Cassava,Medium,Adequate,Yes,No,10.6,Clay Soil,7.08,3.07,77.9,22.7,260.0,22.1,51.6,66.6,7.0,11.5,106.6,18.28
2024,Season A,October,Juru,Maize,1.26,0.9,90.0,Valley,Improved (WH507),No,None,0.0,No,Beans,Low,Adequate,Yes,No,5.9,Sandy Loam,7.03,2.72,47.1,28.3,157.5,22.3,130.3,82.6,6.6,10.2,110.0,18.93
2024,Season B,February,Mayange,Beans,1.58,1.03,103.0,Flat,Hybrid (MAC 44),Yes,Organic (Compost),0.0,No,Beans,Low,Adequate,Yes,Yes,22.5,Sandy Loam,5.98,2.69,64.2,12.6,205.9,22.1,84.8,77.4,7.4,10.4,112.4,11.34
2022,Season B,June,Nyarugenge,Maize,2.37,1.58,158.0,Flat,Improved (WH507),No,None,0.0,No,Maize,Medium,Adequate,Yes,Yes,5.6,Clay Soil,6.23,2.0,37.9,16.9,192.5,22.3,41.8,64.6,8.4,11.8,109.1,11.38
2020,Season A,October,Ruhuha,Maize,2.53,1.93,193.0,Hillside,Improved (WH507),Yes,Organic (Compost),0.0,Yes,Rice,Low,Limited,Yes,No,19.4,Sandy Loam,7.02,2.53,60.6,22.6,175.9,24.4,100.9,80.7,5.7,10.1,103.2,20.03
2024,Season A,October,Mwogo,Rice,1.82,1.72,172.0,Hillside,Improved (IR64 / NERICA),Partial,Inorganic (NPK),52.1,Yes,Maize,High,Sufficient,No,No,19.6,Sandy Soil,5.73,2.06,66.5,21.9,165.1,23.2,112.6,75.1,6.6,11.1,101.1,38.55
2022,Season B,March,Mwogo,Beans,1.16,1.08,108.0,Valley,Improved (RWR 2245),Yes,Organic (Compost),0.0,No,Cassava,Low,Adequate,No,No,10.9,Sandy Soil,5.94,2.11,69.3,19.9,153.7,21.9,94.6,82.0,7.1,13.4,124.6,14.38
2024,Season B,April,Rilima,Beans,1.0,0.72,72.0,Hillside,Improved (RWR 2245),Yes,Mixed (Organic + Inorganic),48.9,No,Rice,High,Adequate,Yes,No,11.3,Sandy Soil,6.14,1.62,43.7,11.7,192.5,24.5,103.8,78.7,7.9,12.2,120.8,11.71
2023,Season A,October,Nyamata,Maize,1.5,1.17,117.0,Flat,Improved (WH507),No,None,0.0,No,Cassava,Low,Sufficient,No,No,17.1,Clay Soil,7.05,3.11,79.4,24.0,251.6,24.4,115.7,81.2,6.7,8.7,113.3,17.54
2023,Season B,May,Nyamata,Rice,2.73,1.84,184.0,Flat,Local Variety,Yes,Mixed (Organic + Inorganic),123.2,No,Rice,Low,Sufficient,Yes,Yes,20.7,Clay Soil,7.07,3.2,74.8,21.3,235.0,21.9,88.5,85.3,6.4,11.5,108.7,19.55
2023,Season A,September,Rweru,Rice,2.51,1.76,176.0,Valley,Improved (IR64 / NERICA),Yes,Mixed (Organic + Inorganic),87.7,No,Maize,Medium,Adequate,No,Yes,19.1,Clay Soil,7.02,2.69,69.0,7.5,184.7,23.6,78.5,77.1,7.3,10.7,126.1,32.83
2023,Season B,February,Juru,Beans,0.51,0.39,39.0,Valley,Improved (RWR 2245),No,None,0.0,No,Rice,Medium,Limited,Yes,No,16.9,Sandy Loam,7.12,2.62,45.9,19.3,178.4,24.2,53.9,71.5,8.5,11.4,123.3,10.98
2023,Season A,November,Mareba,Beans,1.4,1.33,133.0,Hillside,Hybrid (MAC 44),Yes,Inorganic (NPK),101.5,No,Rice,Low,Sufficient,No,No,8.2,Sandy Loam,6.91,2.85,62.5,14.2,225.8,24.1,108.5,83.4,7.1,9.6,108.1,10.64
2024,Season A,November,Gashora,Rice,2.36,2.0,200.0,Flat,Improved (IR64 / NERICA),Yes,Inorganic (NPK),63.5,Partial,Maize,Low,Limited,Yes,Yes,18.7,Loam,6.53,2.24,49.6,29.2,191.2,22.2,122.8,78.2,7.2,12.1,110.1,34.02
2021,Season A,September,Ngeruka,Rice,1.97,1.58,158.0,Valley,Local Variety,No,None,0.0,Yes,Maize,Low,Sufficient,Yes,No,11.5,Loam,6.97,2.6,75.1,22.2,196.3,23.2,88.6,70.6,7.3,11.1,98.3,20.17
2023,Season B,June,Musenyi,Beans,0.98,0.75,75.0,Flat,Local Variety,Yes,Inorganic (NPK),199.5,No,Beans,High,Sufficient,Yes,No,10.9,Loam,7.21,2.59,43.2,15.7,241.0,21.8,25.2,71.2,7.4,11.6,110.7,4.39
2024,Season A,October,Mwogo,Maize,0.92,0.58,58.0,Hillside,Local Variety,Yes,Mixed (Organic + Inorganic),65.3,No,Beans,Low,Sufficient,Yes,No,6.1,Sandy Soil,5.99,1.93,69.4,21.2,169.6,24.6,93.6,72.5,6.6,12.2,94.7,19.23
2020,Season B,March,Nyamata,Beans,2.3,1.93,193.0,Hillside,Hybrid (MAC 44),Yes,Organic (Compost),0.0,No,Cassava,High,Limited,No,No,6.9,Clay Soil,7.02,3.34,78.7,25.0,244.6,22.9,115.0,78.4,7.0,10.8,121.8,8.11
2024,Season A,December,Ruhuha,Maize,2.29,1.97,197.0,Flat,Improved (WH507),Yes,Mixed (Organic + Inorganic),104.6,No,Fallow,Medium,Adequate,Yes,Yes,14.5,Sandy Loam,7.02,2.31,58.9,17.9,207.8,23.3,71.1,67.7,7.5,13.2,106.9,20.88
2022,Season A,January,Gashora,Beans,1.56,1.12,112.0,Flat,Local Variety,Partial,Inorganic (NPK),16.6,No,Maize,Medium,Adequate,Yes,No,23.1,Loam,6.55,2.03,50.9,25.7,197.7,22.6,48.0,76.1,8.6,10.6,122.3,7.29
2023,Season A,January,Shyara,Maize,2.31,1.48,148.0,Hillside,Improved (WH507),Yes,Mixed (Organic + Inorganic),157.4,Yes,Cassava,Low,Limited,No,Yes,12.8,Sandy Loam,5.86,2.05,54.0,22.5,274.1,22.6,78.7,80.3,8.3,10.9,123.9,21.98
2022,Season B,February,Ruhuha,Beans,0.27,0.21,21.0,Hillside,Local Variety,No,None,0.0,No,Beans,Low,Sufficient,Yes,Yes,6.1,Sandy Loam,7.02,2.46,61.8,17.1,190.2,21.0,48.5,72.4,6.7,9.9,111.2,6.11
2022,Season B,March,Kamabuye,Beans,0.42,0.38,38.0,Hillside,Local Variety,Yes,Organic (Compost),0.0,Yes,Beans,Medium,Sufficient,Yes,Yes,6.2,Clay Soil,7.12,2.61,40.3,20.8,206.9,21.7,82.7,85.6,7.0,11.3,98.6,7.25
2024,Season B,February,Nyarugenge,Maize,0.31,0.28,28.0,Hillside,Hybrid (H614D),Partial,Inorganic (NPK),73.3,No,Rice,High,Limited,No,No,11.1,Clay Soil,6.27,2.22,42.4,24.4,191.9,22.0,79.4,67.5,7.3,10.3,108.9,18.58
2020,Season A,December,Kamabuye,Maize,1.93,1.5,150.0,Flat,Hybrid (H614D),No,None,0.0,No,Beans,Medium,Sufficient,Yes,Yes,5.8,Clay Soil,7.09,2.37,35.8,16.5,204.3,22.9,72.5,80.7,7.5,10.3,109.8,23.3
2023,Season A,November,Mayange,Rice,1.95,1.83,183.0,Valley,Hybrid (Komboka),Partial,Inorganic (NPK),52.8,Yes,Beans,Medium,Limited,No,No,10.3,Sandy Loam,5.98,2.67,61.3,13.6,218.4,21.5,133.5,83.1,6.8,8.9,97.4,29.21
2023,Season A,September,Ruhuha,Beans,2.42,1.71,171.0,Valley,Improved (RWR 2245),No,None,0.0,No,Cassava,Low,Adequate,No,No,9.7,Sandy Loam,7.01,2.65,64.2,18.2,182.5,24.5,72.4,81.0,7.2,9.8,106.6,11.8
2020,Season B,March,Rweru,Maize,1.31,1.06,106.0,Hillside,Local Variety,Yes,Inorganic (NPK),24.2,Yes,Rice,Medium,Sufficient,Yes,Yes,14.7,Clay Soil,6.83,2.7,65.3,11.3,184.9,23.3,131.8,72.9,7.8,10.1,112.0,13.78
2021,Season B,June,Rweru,Beans,1.77,1.56,156.0,Flat,Hybrid (MAC 44),No,None,0.0,No,Maize,Medium,Adequate,No,No,22.8,Clay Soil,6.94,2.6,64.5,13.6,197.6,21.8,43.6,59.6,8.8,14.3,130.8,6.45
2023,Season B,June,Mayange,Maize,2.08,1.95,195.0,Hillside,Local Variety,No,None,0.0,No,Beans,Low,Adequate,Yes,No,10.8,Sandy Loam,6.02,2.8,67.9,9.6,208.0,23.4,40.3,55.7,7.3,12.1,111.2,10.52
2020,Season B,March,Shyara,Beans,1.04,0.96,96.0,Flat,Hybrid (MAC 44),Partial,Inorganic (NPK),72.3,No,Beans,Low,Limited,Yes,Yes,13.5,Sandy Loam,6.18,2.38,56.1,20.6,266.2,22.5,120.7,80.0,6.5,10.7,122.1,8.63
2021,Season B,February,Rilima,Maize,2.21,2.2,220.0,Valley,Improved (WH507),No,None,0.0,Yes,Maize,Medium,Sufficient,Yes,No,20.7,Sandy Soil,6.02,1.68,36.7,17.2,215.7,23.4,75.1,65.8,7.0,10.5,122.4,17.33
2021,Season B,March,Mwogo,Rice,0.67,0.64,64.0,Flat,Improved (IR64 / NERICA),No,None,0.0,Partial,Beans,High,Sufficient,Yes,No,12.7,Sandy Soil,6.0,1.9,66.3,20.3,173.6,23.1,121.9,74.1,7.5,13.2,121.3,33.42
2023,Season A,September,Ruhuha,Beans,0.25,0.22,22.0,Flat,Improved (RWR 2245),Yes,Organic (Compost),0.0,No,Maize,Low,Adequate,Yes,No,14.7,Sandy Loam,6.96,2.32,59.5,19.9,194.3,24.2,93.2,70.2,6.7,11.7,121.1,15.51
2022,Season B,February,Mayange,Rice,1.88,1.71,171.0,Valley,Improved (IR64 / NERICA),Yes,Organic (Compost),0.0,Partial,Rice,Low,Sufficient,Yes,No,6.1,Sandy Loam,6.15,2.91,63.6,9.2,209.7,22.0,59.9,77.9,8.2,11.2,124.3,27.02
2024,Season B,February,Rilima,Maize,0.85,0.81,81.0,Flat,Improved (WH507),Yes,Organic (Compost),0.0,No,Beans,Medium,Adequate,Yes,No,13.3,Sandy Soil,5.99,1.9,41.7,16.7,217.0,25.0,74.2,77.0,7.0,12.8,117.0,18.25
2023,Season A,September,Rilima,Maize,1.02,0.87,87.0,Hillside,Local Variety,Yes,Organic (Compost),0.0,Yes,Rice,Low,Adequate,Yes,Yes,11.8,Sandy Soil,6.05,1.82,45.2,14.7,206.7,23.3,107.4,75.1,6.7,11.8,101.4,19.01
2024,Season A,December,Rweru,Rice,1.42,0.9,90.0,Hillside,Hybrid (Komboka),Yes,Organic (Compost),0.0,Partial,Cassava,High,Adequate,No,No,10.5,Clay Soil,6.99,2.6,62.5,12.2,174.1,21.5,98.0,65.9,6.9,12.3,114.2,22.43
2023,Season A,November,Mwogo,Maize,0.14,0.1,10.0,Valley,Local Variety,No,None,0.0,No,Beans,Medium,Sufficient,Yes,No,6.7,Sandy Soil,5.97,1.92,63.9,19.4,178.6,24.0,76.0,88.7,6.8,10.3,95.7,12.46
2020,Season A,October,Juru,Rice,1.34,0.95,95.0,Hillside,Local Variety,No,None,0.0,No,Beans,Low,Adequate,Yes,No,17.3,Sandy Loam,6.95,2.57,49.2,26.7,174.8,23.4,105.7,78.1,6.8,10.4,115.1,23.05
2020,Season A,November,Juru,Maize,2.03,1.89,189.0,Valley,Improved (WH507),Partial,Inorganic (NPK),15.1,No,Maize,Medium,Adequate,Yes,No,8.4,Sandy Loam,6.98,2.51,38.7,24.3,171.6,23.7,74.0,82.8,7.0,11.2,91.5,16.94
2022,Season A,October,Rilima,Rice,1.06,0.67,67.0,Flat,Improved (IR64 / NERICA),No,None,0.0,Partial,Maize,Medium,Limited,No,No,18.6,Sandy Soil,6.02,1.95,39.9,12.5,208.3,24.8,112.8,90.0,6.0,8.7,108.3,36.23
2021,Season B,March,Kamabuye,Beans,1.2,0.88,88.0,Valley,Hybrid (MAC 44),No,None,0.0,Yes,Rice,High,Adequate,Yes,Yes,7.8,Clay Soil,7.11,2.17,39.2,22.1,216.0,24.8,65.4,71.8,7.7,10.4,105.1,7.73
2021,Season A,November,Mareba,Beans,0.76,0.73,73.0,Hillside,Hybrid (MAC 44),Yes,Organic (Compost),0.0,Yes,Beans,Medium,Adequate,Yes,No,5.3,Sandy Loam,7.09,3.01,62.5,16.1,234.3,22.3,75.9,79.0,7.3,10.4,107.7,10.58
2022,Season B,June,Shyara,Beans,1.95,1.22,122.0,Flat,Local Variety,Yes,Mixed (Organic + Inorganic),207.1,No,Maize,Low,Adequate,Yes,No,19.3,Sandy Loam,6.08,1.88,51.9,22.2,256.7,22.4,24.1,75.9,7.7,11.2,115.5,5.42
2023,Season A,December,Ngeruka,Maize,1.75,1.67,167.0,Hillside,Local Variety,Yes,Mixed (Organic + Inorganic),112.3,No,Beans,Low,Sufficient,Yes,Yes,12.7,Loam,7.24,2.82,77.5,19.0,187.8,23.1,69.5,77.1,7.3,10.9,122.8,17.58
2022,Season A,October,Ruhuha,Maize,1.33,0.87,87.0,Flat,Hybrid (H614D),No,None,0.0,No,Maize,Medium,Limited,No,No,14.0,Sandy Loam,7.08,2.7,61.9,17.3,178.1,24.7,141.7,78.1,6.2,12.0,110.1,17.8
2023,Season A,October,Kamabuye,Maize,0.81,0.72,72.0,Hillside,Local Variety,Yes,Mixed (Organic + Inorganic),66.1,Partial,Fallow,Low,Adequate,Yes,Yes,8.6,Clay Soil,6.94,2.39,37.2,22.5,190.3,21.8,144.6,88.8,6.3,11.2,94.6,15.86
2022,Season B,May,Rweru,Maize,0.33,0.25,25.0,Valley,Improved (WH507),Yes,Organic (Compost),0.0,No,Beans,High,Limited,Yes,No,20.3,Clay Soil,7.05,2.61,59.6,10.7,164.9,23.2,71.7,70.4,6.8,9.6,90.5,14.03
2022,Season B,March,Musenyi,Rice,0.37,0.33,33.0,Valley,Local Variety,No,None,0.0,Yes,Maize,High,Adequate,Yes,No,9.0,Loam,7.04,2.46,41.1,15.5,233.1,24.3,85.5,82.4,7.4,10.6,99.5,16.6
2024,Season A,October,Shyara,Rice,0.69,0.54,54.0,Flat,Local Variety,Yes,Organic (Compost),0.0,Yes,Rice,High,Adequate,Yes,No,20.5,Sandy Loam,5.91,2.31,58.2,18.8,277.6,22.1,142.5,84.2,6.2,10.6,92.5,20.32
2022,Season B,February,Shyara,Rice,1.47,1.38,138.0,Valley,Improved (IR64 / NERICA),Partial,Inorganic (NPK),17.4,Yes,Maize,Low,Adequate,Yes,No,5.2,Sandy Loam,6.21,2.16,52.5,18.2,287.8,25.8,82.1,75.2,8.0,11.5,110.2,35.15
2022,Season A,December,Mayange,Maize,1.79,1.69,169.0,Hillside,Improved (WH507),Partial,Inorganic (NPK),12.8,Yes,Beans,Low,Adequate,Yes,No,7.0,Sandy Loam,6.04,2.82,64.2,14.4,196.4,22.7,87.5,72.6,8.5,10.5,119.7,25.45
2024,Season A,January,Nyamata,Beans,2.95,2.78,278.0,Flat,Improved (RWR 2245),Yes,Inorganic (NPK),42.6,Yes,Maize,Low,Limited,Yes,No,18.1,Clay Soil,7.11,3.16,82.0,23.1,253.8,21.1,57.7,68.1,8.0,12.5,100.0,14.64
2021,Season B,June,Nyamata,Rice,2.68,2.47,247.0,Valley,Hybrid (Komboka),Partial,Organic (Compost),37.1,No,Cassava,Medium,Adequate,No,Yes,7.6,Clay Soil,7.04,3.07,76.8,21.4,254.9,23.5,32.7,71.6,8.0,12.9,120.7,18.23
2022,Season A,September,Nyamata,Rice,2.12,1.54,154.0,Flat,Local Variety,Yes,Organic (Compost),0.0,No,Rice,Medium,Sufficient,Yes,No,20.8,Clay Soil,7.15,3.22,81.3,22.4,261.8,23.7,66.1,83.0,6.9,12.1,97.4,18.34
2024,Season A,October,Mwogo,Rice,2.27,1.96,196.0,Valley,Hybrid (Komboka),Yes,Inorganic (NPK),195.5,No,Beans,Medium,Adequate,Yes,Yes,6.0,Sandy Soil,6.19,2.09,69.5,19.7,158.5,23.2,101.7,74.1,6.7,8.2,98.3,32.48
2024,Season A,September,Nyamata,Rice,1.79,1.52,152.0,Hillside,Hybrid (Komboka),Yes,Inorganic (NPK),199.0,No,Maize,Low,Adequate,Yes,No,10.3,Clay Soil,7.07,3.09,76.8,20.3,257.3,23.2,105.6,73.8,7.7,11.4,104.1,29.3
2021,Season A,September,Rweru,Rice,2.58,1.85,185.0,Valley,Local Variety,Partial,Organic (Compost),48.8,Partial,Beans,Low,Adequate,No,No,7.8,Clay Soil,7.0,2.69,66.0,11.8,185.3,25.3,107.6,74.7,6.9,11.7,124.6,26.42
2023,Season A,December,Rweru,Rice,0.83,0.69,69.0,Valley,Local Variety,No,None,0.0,Yes,Beans,Medium,Adequate,Yes,No,8.9,Clay Soil,7.08,2.9,63.6,13.7,192.0,21.4,71.5,70.9,7.3,11.1,108.5,18.5
2024,Season B,June,Ntarama,Rice,1.1,1.0,100.0,Flat,Hybrid (Komboka),Yes,Organic (Compost),0.0,Partial,Maize,Medium,Adequate,No,No,6.7,Sandy Soil,7.19,2.89,57.9,12.8,261.9,23.6,29.1,70.5,8.4,11.2,102.9,22.26
2024,Season B,May,Nyarugenge,Beans,1.01,0.91,91.0,Valley,Local Variety,No,None,0.0,No,Maize,Low,Adequate,No,No,18.0,Clay Soil,6.37,2.31,40.0,22.8,192.9,23.2,83.9,78.1,7.4,11.5,118.6,6.4
2023,Season B,February,Ruhuha,Rice,2.8,1.73,173.0,Flat,Improved (IR64 / NERICA),Partial,Inorganic (NPK),64.0,No,Maize,Low,Adequate,No,Yes,11.6,Sandy Loam,7.09,2.45,66.0,16.1,192.2,22.1,55.8,65.2,7.1,10.0,112.0,25.86
2024,Season B,May,Nyamata,Beans,1.07,0.93,93.0,Flat,Improved (RWR 2245),No,None,0.0,Yes,Rice,Low,Sufficient,No,No,19.5,Clay Soil,7.05,3.16,74.7,24.0,250.4,22.9,90.8,78.2,7.1,11.4,94.2,12.51
2020,Season A,November,Mareba,Maize,0.46,0.42,42.0,Flat,Local Variety,Yes,Mixed (Organic + Inorganic),132.7,No,Maize,Medium,Adequate,Yes,No,7.4,Sandy Loam,7.2,3.0,66.1,11.6,232.2,23.1,139.7,80.1,6.8,11.2,108.9,14.72
2023,Season A,September,Ruhuha,Beans,0.7,0.46,46.0,Flat,Hybrid (MAC 44),No,None,0.0,No,Beans,Medium,Adequate,Yes,No,24.3,Sandy Loam,6.92,2.57,60.2,17.7,197.6,21.5,74.5,68.9,7.5,10.4,129.9,8.62
2022,Season B,February,Kamabuye,Beans,0.1,0.08,8.0,Valley,Local Variety,Yes,Mixed (Organic + Inorganic),33.6,No,Maize,Low,Adequate,Yes,No,9.2,Clay Soil,7.1,2.51,44.1,20.7,211.4,23.2,88.8,73.1,8.6,10.9,97.1,7.6
2022,Season A,October,Musenyi,Rice,0.21,0.18,18.0,Hillside,Hybrid (Komboka),Partial,Inorganic (NPK),41.5,No,Maize,Low,Adequate,No,Yes,21.9,Loam,6.9,2.36,34.4,14.5,244.9,23.0,118.3,75.4,6.3,8.8,92.3,28.24
2024,Season B,May,Kamabuye,Rice,2.98,1.82,182.0,Valley,Hybrid (Komboka),No,None,0.0,Partial,Maize,Low,Adequate,No,Yes,18.9,Clay Soil,7.18,2.3,44.6,18.6,199.2,23.8,55.1,79.0,7.3,10.5,112.5,17.9
2024,Season A,January,Shyara,Rice,1.46,0.9,90.0,Valley,Hybrid (Komboka),Yes,Inorganic (NPK),56.2,No,Maize,Medium,Sufficient,No,No,12.3,Sandy Loam,6.11,2.43,60.5,19.2,263.7,23.0,66.4,78.8,8.8,11.9,104.0,24.18
2023,Season A,January,Rweru,Beans,2.86,1.72,172.0,Hillside,Hybrid (MAC 44),No,None,0.0,No,Beans,Medium,Sufficient,Yes,Yes,6.2,Clay Soil,7.21,2.81,62.2,10.8,190.2,22.4,44.6,72.4,8.9,11.4,100.6,7.52
2021,Season B,April,Rilima,Rice,2.7,2.43,243.0,Valley,Improved (IR64 / NERICA),Partial,Inorganic (NPK),60.5,No,Fallow,Medium,Sufficient,Yes,Yes,13.2,Sandy Soil,6.13,1.7,47.0,14.3,202.6,22.4,143.6,76.5,6.5,9.5,118.5,31.96
2022,Season A,December,Ntarama,Maize,0.94,0.65,65.0,Hillside,Hybrid (H614D),Yes,Inorganic (NPK),54.4,Yes,Cassava,Low,Adequate,Yes,No,15.4,Sandy Soil,6.98,3.05,59.9,11.2,242.0,23.7,77.9,72.4,7.0,10.8,105.0,27.13
2023,Season B,April,Ngeruka,Rice,2.24,1.74,174.0,Flat,Local Variety,Yes,Mixed (Organic + Inorganic),217.5,Yes,Maize,Low,Sufficient,Yes,No,14.8,Loam,7.1,2.7,76.0,22.6,192.0,21.7,90.5,75.4,7.0,10.3,108.3,22.18
2023,Season B,March,Mareba,Beans,0.49,0.4,40.0,Valley,Local Variety,Yes,Organic (Compost),0.0,No,Beans,Low,Adequate,Yes,No,12.7,Sandy Loam,6.98,3.14,55.5,12.7,227.0,23.4,77.6,72.9,6.8,9.9,126.0,7.4
2022,Season A,September,Mayange,Rice,2.42,1.99,199.0,Valley,Hybrid (Komboka),Yes,Inorganic (NPK),184.6,No,Maize,Low,Adequate,Yes,No,10.3,Sandy Loam,6.01,2.81,61.5,11.0,183.0,23.0,66.7,63.0,7.5,11.8,97.3,26.56
2023,Season B,June,Gashora,Beans,0.92,0.72,72.0,Valley,Local Variety,No,None,0.0,Yes,Maize,Medium,Adequate,Yes,No,19.5,Loam,6.44,2.41,54.7,27.0,196.0,22.0,44.2,66.2,8.2,10.4,122.7,5.83
2024,Season A,January,Kamabuye,Maize,0.19,0.15,15.0,Flat,Improved (WH507),No,None,0.0,Yes,Maize,Medium,Adequate,No,Yes,11.3,Clay Soil,7.11,2.01,44.0,18.3,216.4,23.9,90.4,65.5,7.2,11.6,123.7,17.27
2020,Season B,February,Gashora,Beans,1.59,1.38,138.0,Flat,Hybrid (MAC 44),No,None,0.0,Yes,Cassava,High,Adequate,Yes,No,14.1,Loam,6.51,2.02,51.7,24.6,181.7,21.2,75.2,71.4,7.3,10.4,111.5,8.58
2023,Season A,November,Kamabuye,Beans,1.65,1.08,108.0,Valley,Hybrid (MAC 44),Partial,Organic (Compost),54.9,Yes,Maize,Low,Adequate,No,Yes,7.9,Clay Soil,7.22,2.17,40.0,15.4,209.9,23.9,132.5,74.6,6.5,11.6,114.5,10.07
2022,Season B,April,Kamabuye,Rice,0.88,0.63,63.0,Hillside,Improved (IR64 / NERICA),No,None,0.0,Partial,Cassava,Low,Limited,No,No,16.7,Clay Soil,7.15,2.35,38.3,17.6,212.8,23.7,131.8,80.4,5.8,10.7,114.6,27.07
2020,Season A,October,Mwogo,Rice,2.88,2.4,240.0,Hillside,Hybrid (Komboka),No,None,0.0,No,Maize,High,Sufficient,Yes,Yes,16.1,Sandy Soil,5.97,1.96,72.7,22.8,165.4,25.5,76.2,82.7,6.4,9.3,95.1,19.59
2022,Season B,March,Rweru,Maize,2.32,1.46,146.0,Flat,Improved (WH507),No,None,0.0,No,Maize,Medium,Sufficient,Yes,No,8.9,Clay Soil,7.0,2.75,64.3,11.0,178.3,23.9,92.8,81.9,6.9,10.9,116.2,16.09
2022,Season B,February,Gashora,Beans,2.51,2.45,245.0,Hillside,Local Variety,Yes,Organic (Compost),0.0,Partial,Beans,Medium,Adequate,Yes,No,23.2,Loam,6.4,2.13,51.0,19.9,187.7,22.6,65.5,79.4,7.3,9.7,97.2,7.99
2023,Season B,May,Nyamata,Beans,2.46,1.84,184.0,Flat,Improved (RWR 2245),No,None,0.0,No,Maize,High,Adequate,Yes,No,5.2,Clay Soil,7.0,3.08,81.9,23.3,270.0,22.5,100.3,77.7,7.5,8.7,96.8,10.32
2021,Season A,November,Gashora,Rice,2.53,2.19,219.0,Valley,Local Variety,Yes,Inorganic (NPK),51.4,Partial,Cassava,Low,Limited,No,Yes,23.9,Loam,6.37,2.24,51.0,23.1,181.3,21.6,140.4,78.0,7.4,10.1,108.6,20.42
2020,Season B,April,Mareba,Rice,2.94,1.78,178.0,Valley,Hybrid (Komboka),No,None,0.0,Yes,Fallow,Medium,Adequate,Yes,No,12.3,Sandy Loam,7.08,3.34,56.8,10.2,225.8,23.6,86.0,81.6,6.4,10.2,108.5,21.86
2020,Season B,April,Nyamata,Beans,1.65,1.2,120.0,Flat,Local Variety,No,None,0.0,Partial,Rice,High,Sufficient,Yes,No,7.1,Clay Soil,7.18,3.19,73.0,20.1,244.0,23.6,98.1,84.4,6.7,9.8,118.8,5.25
2024,Season A,September,Nyamata,Maize,1.41,0.93,93.0,Flat,Local Variety,Yes,Organic (Compost),0.0,Partial,Beans,Medium,Adequate,No,No,14.7,Clay Soil,7.14,2.87,73.4,25.8,255.3,22.9,74.5,80.5,6.7,10.2,114.9,15.82
2020,Season B,May,Rweru,Rice,2.6,2.24,224.0,Hillside,Local Variety,Yes,Mixed (Organic + Inorganic),92.7,No,Rice,Low,Limited,No,No,9.0,Clay Soil,7.05,2.76,63.7,14.0,182.2,23.7,81.3,81.2,7.2,11.7,109.3,17.61
2023,Season B,February,Musenyi,Beans,0.56,0.41,41.0,Hillside,Hybrid (MAC 44),Partial,Inorganic (NPK),52.3,No,Rice,Medium,Sufficient,No,Yes,9.2,Loam,7.04,2.1,34.9,18.3,259.9,23.9,96.6,78.4,8.2,8.7,111.8,8.84
2021,Season B,May,Musenyi,Maize,0.21,0.14,14.0,Flat,Local Variety,No,None,0.0,Yes,Beans,Medium,Adequate,Yes,Yes,6.0,Loam,7.19,2.21,44.3,12.8,258.2,23.1,63.3,76.1,6.7,10.1,111.1,11.9
2021,Season A,January,Mareba,Maize,1.27,1.09,109.0,Flat,Improved (WH507),Partial,Inorganic (NPK),37.1,No,Beans,Low,Adequate,No,No,18.6,Sandy Loam,7.09,2.93,64.4,9.4,222.1,22.9,56.7,66.0,8.0,12.3,98.2,15.83
2020,Season B,June,Rilima,Maize,0.47,0.46,46.0,Flat,Improved (WH507),Partial,Organic (Compost),54.7,No,Maize,High,Limited,No,Yes,10.4,Sandy Soil,6.04,1.78,43.0,12.2,201.2,22.9,29.0,71.4,8.0,11.2,106.7,11.17
2021,Season A,December,Ngeruka,Rice,0.54,0.42,42.0,Flat,Hybrid (Komboka),No,None,0.0,No,Fallow,High,Adequate,Yes,Yes,10.2,Loam,6.95,3.03,77.4,21.7,189.7,23.4,89.4,75.6,7.4,11.1,121.0,21.42
2021,Season A,November,Rilima,Beans,1.55,1.36,136.0,Hillside,Hybrid (MAC 44),Yes,Inorganic (NPK),24.5,No,Cassava,Medium,Limited,No,No,14.7,Sandy Soil,6.05,1.56,46.9,17.2,204.8,23.7,112.5,79.2,6.6,12.7,107.1,8.72
2023,Season A,September,Nyamata,Rice,1.32,1.27,127.0,Valley,Hybrid (Komboka),Partial,Inorganic (NPK),60.6,Yes,Beans,High,Sufficient,Yes,Yes,21.9,Clay Soil,6.95,3.43,73.3,23.8,248.9,24.6,107.2,87.4,7.5,12.1,110.6,30.58
2020,Season B,June,Rilima,Rice,2.89,2.76,276.0,Valley,Improved (IR64 / NERICA),Yes,Organic (Compost),0.0,Partial,Maize,High,Sufficient,No,No,19.4,Sandy Soil,5.86,1.87,48.4,10.0,221.6,24.0,26.4,62.3,8.8,11.3,128.2,25.77
2024,Season B,March,Nyarugenge,Rice,1.02,0.73,73.0,Valley,Hybrid (Komboka),No,None,0.0,No,Beans,Medium,Adequate,Yes,Yes,23.1,Clay Soil,6.2,2.34,38.5,25.4,190.2,23.9,75.3,78.6,7.7,11.6,100.5,19.82
2024,Season B,May,Ntarama,Maize,1.63,1.47,147.0,Flat,Local Variety,Yes,Mixed (Organic + Inorganic),162.7,Yes,Rice,High,Adequate,Yes,No,20.5,Sandy Soil,7.12,3.0,59.9,6.8,241.6,21.1,64.8,82.9,6.4,9.4,98.1,13.93
2022,Season A,October,Mareba,Rice,0.67,0.4,40.0,Valley,Improved (IR64 / NERICA),Yes,Mixed (Organic + Inorganic),210.3,No,Cassava,Low,Adequate,Yes,No,21.8,Sandy Loam,7.0,3.2,60.6,8.5,239.5,23.5,82.2,80.4,7.1,10.6,102.6,34.72
2024,Season B,June,Nyamata,Rice,1.65,1.65,165.0,Valley,Improved (IR64 / NERICA),Partial,Organic (Compost),28.7,Yes,Rice,Low,Limited,No,No,6.4,Clay Soil,7.05,3.3,76.6,22.1,257.3,21.9,41.5,73.3,8.9,11.2,133.0,24.79
2023,Season A,September,Kamabuye,Rice,2.85,2.12,212.0,Hillside,Improved (IR64 / NERICA),No,None,0.0,No,Fallow,Low,Adequate,Yes,No,19.6,Clay Soil,7.17,2.31,45.2,17.8,197.1,22.1,80.6,79.5,7.5,13.8,120.5,30.11
2022,Season B,June,Rweru,Rice,2.3,1.67,167.0,Flat,Improved (IR64 / NERICA),No,None,0.0,No,Beans,Low,Sufficient,Yes,No,5.9,Clay Soil,7.02,2.5,65.1,14.2,183.1,24.1,22.7,72.5,7.4,12.3,126.5,22.07
2024,Season B,February,Mareba,Beans,0.23,0.15,15.0,Valley,Local Variety,Yes,Mixed (Organic + Inorganic),29.9,No,Cassava,Medium,Limited,No,No,20.3,Sandy Loam,7.21,3.08,60.8,11.8,226.6,22.8,98.5,65.7,7.7,10.9,112.7,6.75
2022,Season B,May,Gashora,Maize,0.11,0.07,7.0,Hillside,Improved (WH507),No,None,0.0,No,Fallow,High,Limited,Yes,No,10.3,Loam,6.57,2.29,48.4,23.4,176.9,26.2,83.7,75.1,7.0,11.6,113.2,12.64
2020,Season A,October,Juru,Beans,2.91,2.69,269.0,Valley,Improved (RWR 2245),Partial,Inorganic (NPK),27.6,No,Cassava,Medium,Limited,No,Yes,10.8,Sandy Loam,6.89,2.75,49.3,23.5,176.6,23.8,140.6,72.4,6.8,11.2,115.1,12.22
2020,Season A,December,Shyara,Maize,1.3,0.83,83.0,Flat,Hybrid (H614D),Partial,Inorganic (NPK),47.3,No,Fallow,High,Sufficient,Yes,Yes,23.5,Sandy Loam,6.13,2.29,59.8,22.6,274.3,21.6,98.8,72.6,7.0,10.5,125.3,25.27
2021,Season B,February,Shyara,Rice,0.53,0.51,51.0,Flat,Improved (IR64 / NERICA),No,None,0.0,No,Maize,Medium,Adequate,Yes,No,10.2,Sandy Loam,6.24,2.19,58.6,23.1,267.2,23.8,74.4,70.4,7.1,11.9,107.2,28.55
2021,Season A,January,Nyarugenge,Maize,2.53,1.88,188.0,Hillside,Local Variety,Yes,Mixed (Organic + Inorganic),172.4,Yes,Fallow,Medium,Adequate,Yes,No,8.0,Clay Soil,6.31,2.46,39.1,22.2,194.3,21.0,82.7,75.2,7.5,10.3,102.4,19.33
2023,Season A,November,Mwogo,Rice,1.93,1.52,152.0,Valley,Improved (IR64 / NERICA),No,None,0.0,Yes,Beans,Low,Adequate,Yes,No,24.9,Sandy Soil,6.0,1.79,67.4,23.9,171.8,21.8,92.5,82.2,6.7,10.2,103.0,37.79
2024,Season B,February,Kamabuye,Beans,0.15,0.09,9.0,Flat,Hybrid (MAC 44),Yes,Mixed (Organic + Inorganic),158.3,Yes,Beans,Low,Adequate,Yes,Yes,5.9,Clay Soil,7.09,2.39,45.2,16.8,203.2,22.8,73.1,71.1,7.5,11.8,117.4,11.36
2020,Season A,September,Juru,Rice,2.25,1.35,135.0,Flat,Improved (IR64 / NERICA),Partial,Organic (Compost),15.7,Partial,Maize,Low,Adequate,Yes,Yes,24.3,Sandy Loam,6.96,2.8,52.3,20.4,161.8,25.2,90.9,58.2,7.4,13.6,108.5,36.43
2023,Season A,November,Mayange,Maize,0.7,0.62,62.0,Flat,Improved (WH507),Yes,Mixed (Organic + Inorganic),55.7,Partial,Maize,Low,Sufficient,No,No,20.2,Sandy Loam,5.82,2.94,67.6,16.2,216.4,22.0,86.2,86.2,6.7,12.0,95.1,23.4
2022,Season B,March,Mayange,Rice,0.93,0.69,69.0,Flat,Hybrid (Komboka),Partial,Inorganic (NPK),59.5,No,Beans,Medium,Adequate,Yes,No,7.3,Sandy Loam,6.14,3.05,71.8,11.2,182.8,21.2,62.2,74.4,7.3,9.1,120.1,21.84
2020,Season B,February,Rweru,Beans,1.18,1.17,117.0,Hillside,Hybrid (MAC 44),No,None,0.0,Partial,Rice,High,Adequate,No,Yes,10.3,Clay Soil,6.96,2.84,62.7,12.4,194.2,23.2,69.3,73.3,7.3,9.5,114.7,7.91
2024,Season B,February,Musenyi,Beans,2.84,2.15,215.0,Flat,Improved (RWR 2245),Yes,Mixed (Organic + Inorganic),34.6,No,Rice,Low,Sufficient,Yes,No,21.5,Loam,7.1,2.51,39.4,12.3,244.9,22.6,90.5,68.1,7.1,11.5,123.9,14.03
2022,Season A,October,Musenyi,Beans,0.91,0.61,61.0,Flat,Hybrid (MAC 44),No,None,0.0,Partial,Maize,Low,Adequate,Yes,No,12.8,Loam,7.1,2.38,41.9,12.5,255.4,22.0,138.3,81.1,7.3,8.4,88.9,9.71
2021,Season A,December,Gashora,Rice,1.16,1.11,111.0,Flat,Improved (IR64 / NERICA),Yes,Inorganic (NPK),114.6,No,Beans,Medium,Limited,No,No,20.3,Loam,6.49,2.27,51.0,26.9,167.0,21.3,56.1,70.3,7.5,9.9,107.1,28.51
2024,Season B,February,Juru,Rice,0.78,0.58,58.0,Valley,Hybrid (Komboka),Yes,Inorganic (NPK),203.3,No,Beans,Low,Sufficient,No,No,5.1,Sandy Loam,6.78,2.59,50.7,25.8,173.0,24.7,90.9,70.1,7.7,10.6,103.0,25.45
2024,Season B,February,Mwogo,Beans,2.25,1.56,156.0,Valley,Improved (RWR 2245),No,None,0.0,Yes,Cassava,Medium,Limited,Yes,Yes,6.2,Sandy Soil,5.96,1.87,66.9,21.5,163.7,22.9,49.3,72.8,7.5,11.0,117.0,10.65
2024,Season B,March,Shyara,Maize,1.39,0.88,88.0,Flat,Local Variety,Yes,Mixed (Organic + Inorganic),226.4,No,Fallow,Low,Adequate,No,No,17.8,Sandy Loam,5.97,2.15,56.8,21.7,259.2,22.0,60.4,84.8,7.5,11.9,111.1,16.56
2024,Season B,February,Rilima,Beans,2.66,1.83,183.0,Valley,Improved (RWR 2245),Partial,Organic (Compost),70.3,No,Beans,Medium,Sufficient,Yes,Yes,14.9,Sandy Soil,6.14,1.91,45.3,16.2,214.7,22.1,59.8,75.7,7.6,11.1,119.4,12.26
2021,Season A,December,Mareba,Rice,1.0,0.67,67.0,Flat,Local Variety,Yes,Inorganic (NPK),72.3,No,Rice,Low,Sufficient,Yes,No,23.0,Sandy Loam,6.99,3.14,67.7,12.0,246.5,22.0,115.6,73.9,7.0,11.7,100.3,22.42
2021,Season A,September,Ntarama,Rice,1.62,1.34,134.0,Flat,Improved (IR64 / NERICA),Yes,Organic (Compost),0.0,Yes,Rice,Low,Adequate,Yes,No,11.9,Sandy Soil,7.21,2.94,63.1,9.8,258.9,24.6,86.6,75.4,8.3,13.4,113.9,38.5
2024,Season A,December,Juru,Maize,2.33,1.48,148.0,Flat,Improved (WH507),Yes,Inorganic (NPK),136.4,Yes,Beans,Medium,Sufficient,No,No,13.3,Sandy Loam,6.9,2.65,50.4,22.6,176.4,22.2,97.0,72.6,8.2,11.7,116.8,23.58
2022,Season A,December,Ruhuha,Maize,0.19,0.14,14.0,Flat,Improved (WH507),No,None,0.0,Yes,Maize,High,Adequate,Yes,Yes,11.5,Sandy Loam,6.92,2.68,61.0,15.9,199.1,24.0,116.7,71.6,8.0,10.1,110.5,14.82
2021,Season A,December,Juru,Rice,1.89,1.18,118.0,Valley,Improved (IR64 / NERICA),Yes,Organic (Compost),0.0,Partial,Beans,Low,Sufficient,No,Yes,21.0,Sandy Loam,6.92,2.47,53.2,27.5,166.8,21.8,110.0,76.7,7.5,9.8,124.5,36.54
2021,Season B,May,Rweru,Rice,0.89,0.69,69.0,Valley,Local Variety,Yes,Organic (Compost),0.0,Partial,Beans,Medium,Adequate,Yes,Yes,12.7,Clay Soil,6.87,2.49,66.4,13.6,196.3,22.9,51.7,81.7,6.4,8.0,94.1,18.17
2021,Season B,June,Gashora,Beans,2.53,2.36,236.0,Valley,Improved (RWR 2245),Yes,Organic (Compost),0.0,No,Rice,Low,Sufficient,Yes,No,22.1,Loam,6.57,2.12,45.9,22.8,196.8,21.9,41.5,67.0,8.5,11.8,124.1,11.54
2021,Season A,November,Nyarugenge,Maize,0.44,0.33,33.0,Valley,Improved (WH507),No,None,0.0,No,Rice,Medium,Sufficient,Yes,Yes,8.8,Clay Soil,6.24,2.28,39.2,20.7,195.5,25.5,71.1,79.4,7.8,11.4,103.5,15.12
2022,Season B,February,Shyara,Maize,2.73,2.67,267.0,Valley,Improved (WH507),Yes,Organic (Compost),0.0,Yes,Beans,Low,Limited,No,No,12.3,Sandy Loam,6.06,2.19,57.7,21.2,271.1,21.2,45.7,72.3,7.9,10.6,112.2,16.83
2023,Season A,January,Mareba,Rice,2.52,1.92,192.0,Flat,Local Variety,Partial,Inorganic (NPK),33.1,Yes,Rice,Low,Adequate,Yes,Yes,18.3,Sandy Loam,7.09,2.88,58.2,9.5,245.4,23.0,52.8,69.0,7.3,9.9,96.7,18.62
2022,Season B,April,Gashora,Maize,0.73,0.54,54.0,Hillside,Improved (WH507),Partial,Inorganic (NPK),64.5,Partial,Beans,Medium,Sufficient,No,No,12.4,Loam,6.61,2.21,50.9,22.7,215.3,24.8,71.3,78.6,7.1,11.9,107.5,17.44
2024,Season B,March,Nyarugenge,Beans,0.77,0.59,59.0,Valley,Hybrid (MAC 44),No,None,0.0,No,Cassava,Low,Sufficient,Yes,No,7.6,Clay Soil,6.1,2.38,40.1,19.3,185.9,24.0,82.4,76.5,6.7,9.1,118.9,9.62
2023,Season A,September,Mareba,Rice,1.87,1.21,121.0,Flat,Local Variety,Yes,Inorganic (NPK),224.5,No,Beans,Low,Sufficient,Yes,No,16.3,Sandy Loam,7.18,2.62,60.7,9.7,239.9,25.8,96.6,79.9,6.9,10.9,106.5,26.04
2023,Season B,June,Musenyi,Beans,0.35,0.22,22.0,Flat,Improved (RWR 2245),No,None,0.0,No,Beans,Medium,Adequate,Yes,No,6.3,Loam,7.15,2.48,37.9,11.1,268.8,22.0,34.6,76.4,7.9,11.0,105.8,7.98
2024,Season A,January,Mwogo,Beans,0.51,0.46,46.0,Hillside,Hybrid (MAC 44),No,None,0.0,No,Rice,Medium,Sufficient,Yes,No,5.7,Sandy Soil,5.81,2.22,67.7,22.3,163.6,21.3,63.6,73.5,7.6,10.7,105.7,9.07
2020,Season B,March,Nyarugenge,Beans,1.69,1.53,153.0,Flat,Local Variety,Yes,Mixed (Organic + Inorganic),155.3,No,Rice,Medium,Sufficient,Yes,No,19.5,Clay Soil,6.2,2.09,40.6,23.9,203.2,22.4,132.5,81.5,7.8,11.9,128.7,7.56
2022,Season B,May,Nyamata,Maize,2.81,2.27,227.0,Flat,Improved (WH507),No,None,0.0,Yes,Maize,Medium,Sufficient,Yes,Yes,8.4,Clay Soil,7.09,3.04,79.7,22.0,267.5,24.9,82.3,81.0,6.7,11.0,115.9,16.46
2021,Season A,November,Kamabuye,Rice,1.08,0.68,68.0,Flat,Improved (IR64 / NERICA),Partial,Organic (Compost),36.1,Partial,Fallow,Low,Adequate,No,Yes,9.2,Clay Soil,7.17,2.1,34.4,19.6,215.2,21.9,123.0,77.4,7.0,11.6,90.1,34.8
2023,Season A,September,Nyarugenge,Beans,0.85,0.68,68.0,Hillside,Local Variety,No,None,0.0,Partial,Beans,High,Sufficient,Yes,Yes,13.7,Clay Soil,6.09,2.37,36.7,24.6,206.1,24.6,59.2,75.3,7.3,10.8,105.3,5.11
2022,Season A,October,Juru,Rice,1.72,1.04,104.0,Hillside,Hybrid (Komboka),Partial,Inorganic (NPK),30.8,No,Maize,Medium,Limited,Yes,No,20.6,Sandy Loam,6.7,2.49,51.0,23.4,174.6,25.4,128.9,68.8,7.0,8.8,97.4,28.45
2023,Season B,May,Gashora,Beans,0.3,0.24,24.0,Hillside,Improved (RWR 2245),Yes,Organic (Compost),0.0,Partial,Beans,Low,Limited,No,Yes,10.7,Loam,6.46,2.27,47.5,26.0,208.5,23.8,61.9,83.7,6.2,10.8,113.6,11.48
2024,Season A,November,Mareba,Beans,1.73,1.73,173.0,Valley,Improved (RWR 2245),No,None,0.0,No,Beans,Medium,Limited,Yes,No,24.2,Sandy Loam,6.98,2.86,60.5,11.2,229.0,21.4,126.3,80.5,6.7,8.9,105.7,10.23
2020,Season B,April,Shyara,Beans,2.62,2.43,243.0,Valley,Local Variety,No,None,0.0,No,Cassava,Medium,Sufficient,Yes,No,7.0,Sandy Loam,6.16,2.42,51.0,23.7,256.2,23.4,115.6,78.0,6.9,10.6,98.9,6.71
2023,Season B,February,Ngeruka,Rice,0.2,0.14,14.0,Valley,Hybrid (Komboka),No,None,0.0,No,Maize,Medium,Adequate,Yes,No,12.3,Loam,6.99,2.58,74.4,19.9,199.6,21.5,77.5,70.3,7.5,12.4,97.3,18.52
2021,Season B,May,Ngeruka,Maize,1.71,1.46,146.0,Flat,Improved (WH507),Yes,Inorganic (NPK),85.2,No,Beans,High,Sufficient,Yes,Yes,22.6,Loam,7.07,2.94,74.6,21.8,179.4,23.9,63.7,81.1,6.6,10.4,94.3,17.37
2020,Season A,January,Shyara,Rice,2.2,1.93,193.0,Flat,Hybrid (Komboka),No,None,0.0,No,Beans,High,Sufficient,Yes,No,24.2,Sandy Loam,6.04,2.2,57.3,21.3,280.2,22.2,80.5,82.5,8.0,10.3,100.7,22.08
2022,Season B,May,Nyamata,Maize,1.29,0.89,89.0,Flat,Local Variety,Yes,Mixed (Organic + Inorganic),201.4,Partial,Maize,Low,Adequate,No,Yes,10.4,Clay Soil,7.09,3.18,76.5,24.1,253.6,24.0,100.2,77.7,7.0,9.7,110.5,14.26
2024,Season A,November,Nyarugenge,Maize,2.66,2.02,202.0,Hillside,Improved (WH507),No,None,0.0,Partial,Maize,Medium,Adequate,No,Yes,10.9,Clay Soil,6.28,2.39,41.7,24.5,201.1,23.2,61.7,75.0,6.9,10.4,103.7,16.71
2022,Season B,May,Juru,Rice,1.4,0.93,93.0,Flat,Improved (IR64 / NERICA),Yes,Inorganic (NPK),28.0,Yes,Maize,High,Adequate,No,No,12.1,Sandy Loam,6.82,2.34,46.0,22.5,171.4,23.9,87.6,83.5,6.3,10.6,97.3,29.48
2020,Season A,January,Kamabuye,Beans,1.72,1.57,157.0,Flat,Hybrid (MAC 44),No,None,0.0,No,Fallow,Low,Adequate,Yes,No,7.7,Clay Soil,7.2,2.44,40.7,21.7,205.5,21.0,53.6,69.9,8.2,11.6,92.5,9.05
2024,Season A,November,Ruhuha,Rice,0.51,0.48,48.0,Flat,Improved (IR64 / NERICA),No,None,0.0,No,Rice,Low,Sufficient,Yes,No,15.5,Sandy Loam,7.02,2.45,59.1,20.9,183.8,22.3,128.5,76.0,6.8,10.2,96.9,33.51
2022,Season B,May,Ngeruka,Beans,2.97,2.53,253.0,Hillside,Hybrid (MAC 44),No,None,0.0,No,Maize,Medium,Sufficient,Yes,No,16.9,Loam,7.07,2.71,75.6,22.1,185.4,25.4,100.2,81.5,6.6,11.3,103.0,9.06
2021,Season B,March,Shyara,Beans,2.52,1.86,186.0,Valley,Hybrid (MAC 44),No,None,0.0,No,Cassava,Medium,Sufficient,Yes,Yes,16.7,Sandy Loam,6.05,2.09,59.3,25.5,271.5,22.6,66.2,79.1,6.6,11.0,115.7,9.13
2022,Season A,November,Mayange,Rice,1.3,0.94,94.0,Flat,Hybrid (Komboka),No,None,0.0,Partial,Beans,Low,Sufficient,Yes,No,9.8,Sandy Loam,6.16,2.78,68.6,10.8,223.0,22.1,68.0,75.4,8.0,10.0,112.9,23.24
2020,Season B,February,Ngeruka,Maize,2.44,1.7,170.0,Valley,Hybrid (H614D),No,None,0.0,No,Beans,Medium,Sufficient,No,Yes,22.3,Loam,7.01,2.85,75.8,23.2,199.3,23.6,61.0,65.6,7.0,10.2,119.6,19.42
2020,Season B,April,Ngeruka,Maize,1.04,1.0,100.0,Hillside,Local Variety,No,None,0.0,Yes,Maize,Low,Adequate,No,Yes,20.0,Loam,6.99,2.86,70.1,21.2,206.6,23.9,134.5,73.9,6.7,10.4,115.0,12.57
2020,Season B,March,Kamabuye,Beans,1.64,1.17,117.0,Flat,Hybrid (MAC 44),No,None,0.0,No,Fallow,Medium,Limited,Yes,Yes,24.7,Clay Soil,7.08,2.16,40.1,21.8,220.5,21.8,132.2,70.1,7.4,10.3,126.6,8.02
2020,Season A,November,Ruhuha,Beans,2.31,2.01,201.0,Flat,Local Variety,No,None,0.0,No,Maize,Medium,Limited,Yes,No,24.2,Sandy Loam,7.02,2.54,66.0,17.0,202.7,24.7,99.8,74.2,6.4,10.7,105.3,5.58
2022,Season B,February,Rilima,Maize,1.14,0.93,93.0,Hillside,Improved (WH507),No,None,0.0,Partial,Maize,Medium,Sufficient,No,No,13.5,Sandy Soil,6.14,1.95,39.5,16.8,227.6,23.6,55.9,74.9,7.3,11.9,106.8,13.93
2023,Season B,May,Mareba,Beans,1.56,1.53,153.0,Flat,Improved (RWR 2245),Partial,Inorganic (NPK),40.3,Partial,Cassava,Low,Adequate,No,No,24.3,Sandy Loam,7.05,3.17,63.9,11.9,237.0,22.9,84.8,82.0,6.7,9.8,110.4,14.37
2021,Season A,December,Juru,Rice,2.13,1.33,133.0,Hillside,Hybrid (Komboka),Yes,Organic (Compost),0.0,Partial,Maize,Low,Sufficient,Yes,No,17.6,Sandy Loam,6.82,2.72,48.8,26.1,173.0,24.0,93.9,77.0,6.6,10.0,96.6,29.86
2024,Season B,April,Mareba,Rice,2.63,2.41,241.0,Flat,Improved (IR64 / NERICA),Yes,Organic (Compost),0.0,Partial,Fallow,High,Limited,Yes,No,23.1,Sandy Loam,7.12,2.82,65.0,13.1,241.9,24.7,150.5,75.8,6.2,10.5,95.7,30.87
2023,Season B,March,Rweru,Rice,0.28,0.19,19.0,Flat,Hybrid (Komboka),Partial,Inorganic (NPK),67.1,Yes,Rice,Low,Sufficient,Yes,No,18.5,Clay Soil,7.02,2.54,61.8,12.3,197.7,24.9,57.9,84.3,7.3,10.7,113.9,24.0
2023,Season B,June,Ngeruka,Beans,1.28,1.2,120.0,Valley,Improved (RWR 2245),Partial,Inorganic (NPK),39.5,No,Beans,High,Limited,No,No,17.3,Loam,6.98,2.82,72.6,21.3,192.9,23.5,28.9,68.1,8.0,11.3,120.0,6.86
2022,Season A,October,Mareba,Maize,2.52,2.32,232.0,Flat,Improved (WH507),Partial,Inorganic (NPK),26.8,No,Maize,High,Limited,Yes,No,15.1,Sandy Loam,6.88,3.07,61.4,8.6,248.9,25.2,144.1,73.5,5.8,11.5,103.6,13.66
2022,Season B,May,Shyara,Beans,1.47,1.08,108.0,Valley,Local Variety,Yes,Mixed (Organic + Inorganic),97.8,Yes,Beans,Low,Sufficient,Yes,No,19.2,Sandy Loam,6.27,2.16,58.8,18.0,271.4,22.8,58.8,85.0,7.2,11.9,111.5,7.06
2024,Season A,September,Juru,Maize,1.01,0.78,78.0,Valley,Local Variety,Yes,Organic (Compost),0.0,No,Rice,Low,Sufficient,Yes,Yes,22.2,Sandy Loam,6.93,2.57,50.0,20.9,173.1,21.6,57.4,66.2,7.9,11.3,109.3,13.1
2024,Season A,October,Mwogo,Rice,1.15,0.83,83.0,Flat,Hybrid (Komboka),Partial,Inorganic (NPK),50.6,No,Maize,Low,Adequate,Yes,No,10.0,Sandy Soil,6.0,2.01,67.8,21.3,144.8,24.6,89.7,84.8,5.9,10.6,87.1,29.11
2023,Season A,December,Nyamata,Maize,2.31,1.52,152.0,Hillside,Improved (WH507),No,None,0.0,No,Maize,Low,Adequate,Yes,No,10.2,Clay Soil,7.16,3.13,78.6,27.2,265.6,24.6,60.5,67.6,7.6,9.8,110.8,16.59
2023,Season B,March,Ngeruka,Beans,0.67,0.6,60.0,Hillside,Improved (RWR 2245),Yes,Organic (Compost),0.0,Partial,Maize,Medium,Limited,Yes,Yes,17.5,Loam,6.99,2.79,74.9,19.1,180.4,23.3,127.0,78.5,6.9,12.2,112.2,12.04
2022,Season A,December,Mareba,Maize,0.31,0.22,22.0,Hillside,Improved (WH507),No,None,0.0,Yes,Maize,Low,Sufficient,No,No,15.8,Sandy Loam,7.33,2.81,58.9,11.1,246.3,23.4,96.8,73.7,7.5,10.7,100.5,18.82
2023,Season A,September,Musenyi,Rice,0.2,0.16,16.0,Flat,Hybrid (Komboka),Partial,Inorganic (NPK),23.8,No,Cassava,Low,Sufficient,Yes,No,22.3,Loam,7.18,2.21,40.8,14.3,255.2,22.2,79.9,81.9,7.2,11.8,106.9,25.23
2020,Season A,November,Mwogo,Beans,1.51,1.15,115.0,Hillside,Hybrid (MAC 44),Yes,Organic (Compost),0.0,No,Maize,Low,Limited,Yes,Yes,8.9,Sandy Soil,5.89,1.88,73.0,21.9,165.2,24.2,114.5,79.1,6.8,8.6,120.4,10.02
2020,Season B,April,Juru,Beans,1.57,1.3,130.0,Hillside,Hybrid (MAC 44),No,None,0.0,No,Rice,Medium,Sufficient,Yes,Yes,22.3,Sandy Loam,6.88,2.59,45.3,22.9,176.9,24.6,127.5,81.6,6.2,9.2,107.0,7.97
2022,Season A,January,Kamabuye,Beans,0.41,0.36,36.0,Valley,Improved (RWR 2245),Yes,Mixed (Organic + Inorganic),176.8,No,Maize,Medium,Adequate,No,Yes,10.2,Clay Soil,7.0,2.46,39.4,18.9,211.1,24.1,78.8,77.0,7.6,12.4,93.3,13.73
2024,Season B,June,Rweru,Beans,2.38,2.28,228.0,Hillside,Improved (RWR 2245),Yes,Inorganic (NPK),104.1,No,Maize,Medium,Adequate,Yes,No,24.9,Clay Soil,7.06,2.66,65.9,12.3,204.1,21.9,47.7,72.3,8.5,11.2,102.6,10.79
2023,Season B,February,Mareba,Beans,1.0,0.82,82.0,Hillside,Improved (RWR 2245),No,None,0.0,No,Beans,Low,Limited,No,Yes,22.1,Sandy Loam,7.18,2.83,59.3,10.8,227.3,19.9,73.3,70.7,7.8,11.2,117.9,9.73
2023,Season A,October,Ruhuha,Maize,0.71,0.47,47.0,Hillside,Improved (WH507),No,None,0.0,Yes,Maize,Low,Adequate,No,No,20.1,Sandy Loam,6.98,2.56,64.1,18.5,191.3,23.2,101.7,70.7,6.1,8.8,104.0,18.25
2020,Season A,December,Mayange,Beans,1.72,1.49,149.0,Hillside,Local Variety,Yes,Mixed (Organic + Inorganic),231.7,No,Rice,Medium,Adequate,No,Yes,13.6,Sandy Loam,5.89,2.78,63.4,14.4,199.4,20.7,64.5,71.1,7.7,12.3,96.3,7.34
2021,Season A,November,Shyara,Beans,1.44,1.17,117.0,Flat,Improved (RWR 2245),No,None,0.0,No,Fallow,Low,Limited,Yes,No,20.8,Sandy Loam,6.02,2.26,64.5,20.1,260.3,22.8,94.0,80.7,6.3,11.6,110.0,12.09
2020,Season B,March,Ruhuha,Rice,2.41,1.83,183.0,Valley,Local Variety,No,None,0.0,No,Rice,Medium,Adequate,Yes,No,5.4,Sandy Loam,6.89,2.27,62.8,17.4,209.2,25.0,69.5,74.1,6.6,11.2,122.3,15.53
2022,Season A,December,Kamabuye,Rice,2.12,1.85,185.0,Valley,Local Variety,Yes,Inorganic (NPK),61.3,No,Rice,Medium,Adequate,No,No,9.0,Clay Soil,7.24,2.14,44.9,17.6,192.7,23.3,108.3,73.5,7.4,12.1,115.0,21.53
2022,Season A,January,Mwogo,Rice,0.6,0.47,47.0,Valley,Hybrid (Komboka),Partial,Inorganic (NPK),19.2,Yes,Maize,Medium,Limited,Yes,Yes,6.0,Sandy Soil,6.1,1.99,67.5,22.0,148.3,22.8,67.7,65.3,8.6,11.8,123.7,21.73
2023,Season A,January,Rweru,Beans,1.78,1.11,111.0,Hillside,Hybrid (MAC 44),Partial,Inorganic (NPK),74.1,No,Fallow,Low,Adequate,No,Yes,16.6,Clay Soil,6.94,2.6,70.7,15.1,193.0,22.5,60.1,69.7,8.0,13.0,105.0,9.26
2021,Season A,November,Mayange,Maize,2.94,2.24,224.0,Hillside,Local Variety,Partial,Organic (Compost),24.0,Yes,Fallow,Low,Limited,No,Yes,22.7,Sandy Loam,5.98,2.74,62.8,14.3,200.7,27.2,97.8,89.7,7.1,12.6,112.0,14.98
2022,Season B,April,Mareba,Beans,2.63,1.9,190.0,Hillside,Local Variety,No,None,0.0,Partial,Cassava,Medium,Adequate,Yes,No,13.8,Sandy Loam,7.17,2.87,57.2,11.3,245.0,21.8,73.0,83.0,7.1,9.5,112.0,6.22
2021,Season A,September,Mwogo,Maize,2.05,1.59,159.0,Hillside,Improved (WH507),No,None,0.0,No,Cassava,Medium,Adequate,No,No,16.4,Sandy Soil,6.1,1.96,69.0,23.9,167.5,24.9,60.3,79.9,6.9,13.2,119.2,15.9
2022,Season A,December,Ruhuha,Rice,0.79,0.76,76.0,Valley,Improved (IR64 / NERICA),No,None,0.0,Partial,Maize,High,Adequate,Yes,No,13.2,Sandy Loam,6.78,2.48,59.0,20.8,192.7,21.5,90.1,70.3,7.0,10.3,118.9,26.11
2020,Season A,January,Kamabuye,Maize,2.16,1.39,139.0,Hillside,Improved (WH507),No,None,0.0,Partial,Fallow,Medium,Adequate,Yes,No,5.9,Clay Soil,7.02,2.22,45.1,19.8,207.3,24.6,90.4,77.3,8.5,10.3,122.3,17.2
2021,Season A,December,Shyara,Rice,1.46,1.28,128.0,Valley,Improved (IR64 / NERICA),Partial,Inorganic (NPK),53.6,No,Fallow,Medium,Adequate,Yes,No,6.7,Sandy Loam,6.17,2.33,52.9,16.4,267.2,23.9,104.9,74.1,6.7,11.5,106.5,36.7
2021,Season B,February,Kamabuye,Rice,1.72,1.3,130.0,Valley,Local Variety,Yes,Mixed (Organic + Inorganic),99.5,No,Beans,Medium,Sufficient,Yes,Yes,23.4,Clay Soil,7.13,2.49,47.3,19.9,214.3,21.1,94.4,58.2,9.0,10.7,115.1,19.44
2020,Season A,November,Kamabuye,Beans,1.42,1.09,109.0,Valley,Improved (RWR 2245),Partial,Inorganic (NPK),45.7,No,Cassava,Medium,Sufficient,Yes,No,10.5,Clay Soil,7.19,2.21,43.0,19.5,208.9,23.3,89.7,78.0,7.1,10.4,106.9,14.32
2020,Season B,February,Mayange,Rice,1.5,1.19,119.0,Valley,Local Variety,Partial,Organic (Compost),67.7,Partial,Beans,High,Sufficient,Yes,No,5.4,Sandy Loam,6.02,2.61,64.8,8.8,220.6,22.1,44.8,68.4,7.6,10.5,104.2,16.4
2022,Season B,March,Rilima,Beans,1.67,1.58,158.0,Hillside,Local Variety,Partial,Inorganic (NPK),63.0,No,Rice,Low,Sufficient,Yes,Yes,18.9,Sandy Soil,6.12,1.86,43.6,14.6,210.5,22.6,77.4,74.7,7.5,12.1,108.7,7.85
2022,Season B,March,Ntarama,Rice,0.34,0.34,34.0,Valley,Hybrid (Komboka),Partial,Inorganic (NPK),78.5,Partial,Fallow,Low,Adequate,No,No,7.3,Sandy Soil,7.11,3.04,59.6,9.4,244.0,24.4,101.8,77.2,7.6,10.5,97.7,23.64
2022,Season B,March,Rilima,Rice,0.52,0.5,50.0,Valley,Improved (IR64 / NERICA),No,None,0.0,No,Maize,Medium,Adequate,No,Yes,6.1,Sandy Soil,6.12,2.0,38.4,15.7,215.3,20.6,88.0,75.5,7.0,11.7,103.2,28.06
2021,Season B,March,Gashora,Rice,2.97,2.59,259.0,Valley,Local Variety,No,None,0.0,Yes,Beans,Low,Sufficient,No,No,17.6,Loam,6.36,2.01,50.3,24.5,193.6,22.1,127.5,73.4,7.1,11.1,100.8,20.64
2023,Season B,March,Nyarugenge,Maize,0.6,0.42,42.0,Valley,Improved (WH507),Yes,Organic (Compost),0.0,No,Beans,High,Sufficient,Yes,No,15.3,Clay Soil,6.33,2.19,32.8,22.0,193.0,24.2,116.2,87.1,7.4,10.4,95.3,19.49
2020,Season A,September,Gashora,Rice,1.83,1.53,153.0,Valley,Local Variety,Yes,Inorganic (NPK),59.7,No,Maize,Medium,Sufficient,Yes,Yes,15.1,Loam,6.62,1.96,46.9,26.4,191.6,22.7,65.8,75.9,7.2,10.8,123.1,18.77
2023,Season B,June,Rweru,Rice,2.51,1.77,177.0,Hillside,Hybrid (Komboka),No,None,0.0,No,Beans,Medium,Sufficient,Yes,Yes,21.6,Clay Soil,6.97,2.3,65.8,12.2,189.2,20.9,23.0,66.8,8.0,12.2,126.1,16.96
2022,Season A,September,Rweru,Rice,1.55,1.48,148.0,Flat,Hybrid (Komboka),No,None,0.0,Partial,Beans,Low,Adequate,No,No,21.6,Clay Soil,7.06,2.55,67.6,12.4,190.5,22.0,81.6,78.0,7.5,10.9,110.2,22.77
2024,Season B,February,Rilima,Beans,0.32,0.27,27.0,Valley,Improved (RWR 2245),Yes,Mixed (Organic + Inorganic),77.8,Partial,Beans,Medium,Adequate,Yes,No,8.9,Sandy Soil,6.14,1.74,40.0,15.1,216.7,22.0,90.9,73.2,7.9,8.8,107.5,14.63
2021,Season A,November,Gashora,Beans,0.98,0.78,78.0,Valley,Improved (RWR 2245),No,None,0.0,No,Beans,Low,Adequate,Yes,No,21.9,Loam,6.61,2.4,46.4,23.7,193.7,22.7,112.2,79.5,6.8,10.1,94.9,12.2
2022,Season A,September,Shyara,Maize,1.49,1.41,141.0,Flat,Local Variety,No,None,0.0,Partial,Maize,Medium,Adequate,Yes,Yes,6.0,Sandy Loam,6.24,2.38,56.6,22.1,267.0,22.8,106.0,78.4,7.6,10.5,114.4,14.15
2021,Season A,November,Shyara,Rice,2.23,1.71,171.0,Valley,Hybrid (Komboka),No,None,0.0,No,Beans,Low,Adequate,No,Yes,15.9,Sandy Loam,6.12,2.38,52.5,19.1,254.6,23.3,83.6,82.7,6.4,12.1,94.2,26.52
2023,Season A,January,Musenyi,Rice,2.28,1.63,163.0,Hillside,Hybrid (Komboka),No,None,0.0,Yes,Maize,Low,Adequate,Yes,No,5.5,Loam,7.13,2.36,39.5,11.6,257.5,22.9,44.2,65.9,7.3,12.1,93.4,23.61
2020,Season B,May,Kamabuye,Maize,1.51,1.12,112.0,Flat,Improved (WH507),No,None,0.0,Yes,Beans,High,Adequate,No,No,11.4,Clay Soil,7.2,2.21,36.4,14.6,221.7,22.6,85.0,75.1,7.1,9.3,106.8,15.58
2021,Season B,February,Mwogo,Rice,0.65,0.52,52.0,Flat,Improved (IR64 / NERICA),Partial,Inorganic (NPK),17.6,No,Rice,Low,Adequate,Yes,No,16.9,Sandy Soil,5.82,1.89,67.0,18.0,167.2,20.1,98.8,62.7,7.1,11.5,108.3,31.43
2022,Season A,December,Ngeruka,Beans,0.27,0.16,16.0,Flat,Hybrid (MAC 44),Yes,Mixed (Organic + Inorganic),42.7,No,Beans,Medium,Limited,Yes,No,15.6,Loam,7.05,2.5,71.0,24.1,200.6,20.8,103.6,82.3,7.4,13.9,122.5,9.2
2024,Season A,January,Ngeruka,Beans,0.72,0.46,46.0,Hillside,Local Variety,No,None,0.0,No,Fallow,Medium,Limited,Yes,No,17.8,Loam,6.98,2.71,76.4,21.7,198.6,23.1,85.8,76.8,8.0,13.0,123.6,5.86
2020,Season A,September,Ntarama,Rice,0.62,0.46,46.0,Valley,Improved (IR64 / NERICA),No,None,0.0,No,Beans,Medium,Adequate,No,No,6.7,Sandy Soil,6.92,3.05,60.1,12.1,239.5,22.2,47.4,70.1,8.2,11.2,99.4,25.78
2021,Season B,March,Ruhuha,Beans,0.36,0.36,36.0,Flat,Improved (RWR 2245),Partial,Inorganic (NPK),76.0,Yes,Beans,Low,Sufficient,Yes,Yes,11.0,Sandy Loam,6.91,2.49,56.8,14.7,180.8,23.8,96.1,73.4,7.1,11.8,114.6,13.16
2021,Season B,April,Kamabuye,Rice,2.89,2.16,216.0,Flat,Hybrid (Komboka),Yes,Mixed (Organic + Inorganic),154.1,No,Beans,Medium,Adequate,No,Yes,10.2,Clay Soil,7.14,2.12,38.8,19.0,228.5,23.9,106.5,78.2,7.7,8.6,119.7,27.99
2023,Season B,March,Ruhuha,Beans,0.18,0.18,18.0,Flat,Improved (RWR 2245),Yes,Mixed (Organic + Inorganic),104.4,Partial,Maize,Low,Adequate,Yes,No,8.1,Sandy Loam,7.08,2.6,58.1,20.9,174.6,20.6,59.5,77.7,7.8,10.7,128.2,13.3
2020,Season A,January,Kamabuye,Maize,1.6,1.19,119.0,Flat,Hybrid (H614D),Yes,Mixed (Organic + Inorganic),140.1,No,Maize,Medium,Adequate,Yes,Yes,14.1,Clay Soil,7.09,2.38,39.1,19.6,205.1,22.8,64.5,73.5,7.9,10.9,107.9,26.04
2024,Season A,October,Musenyi,Rice,0.63,0.52,52.0,Valley,Local Variety,Yes,Mixed (Organic + Inorganic),48.7,No,Rice,Low,Sufficient,Yes,No,14.8,Loam,7.09,2.72,40.4,11.4,261.1,24.0,83.7,74.9,7.2,11.2,110.0,22.61
2021,Season A,September,Mwogo,Rice,2.73,2.6,260.0,Flat,Hybrid (Komboka),Yes,Mixed (Organic + Inorganic),32.5,No,Maize,High,Sufficient,Yes,Yes,9.7,Sandy Soil,6.19,1.68,68.1,18.8,170.7,25.7,88.8,71.6,7.7,9.5,108.0,26.81
2023,Season A,January,Ruhuha,Beans,2.39,2.34,234.0,Flat,Improved (RWR 2245),Yes,Mixed (Organic + Inorganic),111.5,No,Maize,Medium,Adequate,Yes,No,9.5,Sandy Loam,6.94,2.57,66.9,15.8,189.8,22.3,76.8,69.7,6.8,9.0,113.5,14.56
2022,Season B,May,Mwogo,Beans,0.64,0.41,41.0,Valley,Hybrid (MAC 44),Partial,Organic (Compost),77.1,Partial,Rice,Medium,Adequate,No,No,7.5,Sandy Soil,6.04,1.96,69.7,20.7,176.0,23.9,78.5,76.3,6.8,11.7,111.2,9.84
2023,Season A,December,Mayange,Maize,2.12,1.53,153.0,Hillside,Local Variety,Yes,Organic (Compost),0.0,Yes,Beans,Medium,Adequate,Yes,Yes,20.2,Sandy Loam,5.93,3.03,67.4,9.7,213.1,23.0,118.3,70.4,8.0,10.6,97.1,19.7
2020,Season A,September,Musenyi,Rice,1.55,1.24,124.0,Valley,Hybrid (Komboka),Yes,Mixed (Organic + Inorganic),245.7,No,Maize,Low,Adequate,Yes,No,5.4,Loam,7.25,2.12,38.7,14.1,258.3,23.3,55.6,70.6,7.4,11.7,110.8,24.6
2024,Season B,June,Mwogo,Rice,2.71,2.15,215.0,Flat,Improved (IR64 / NERICA),No,None,0.0,Partial,Maize,High,Adequate,Yes,Yes,11.4,Sandy Soil,6.05,2.1,71.6,20.0,157.5,22.5,32.2,68.5,7.8,13.6,132.6,23.77
2024,Season B,March,Juru,Maize,2.22,1.48,148.0,Flat,Improved (WH507),Yes,Organic (Compost),0.0,No,Beans,High,Adequate,No,No,9.2,Sandy Loam,7.0,2.71,53.2,23.1,165.7,23.4,89.6,80.5,6.8,11.5,106.5,19.09
2020,Season A,October,Musenyi,Beans,1.42,1.27,127.0,Valley,Hybrid (MAC 44),Yes,Organic (Compost),0.0,No,Fallow,High,Adequate,No,Yes,19.7,Loam,7.17,2.24,41.8,15.8,243.2,22.9,130.1,66.5,6.5,10.0,115.4,8.9
2022,Season A,November,Rweru,Maize,0.38,0.29,29.0,Hillside,Local Variety,Yes,Inorganic (NPK),94.2,No,Rice,Medium,Sufficient,No,No,7.5,Clay Soil,6.96,2.72,57.8,10.0,195.8,24.1,125.9,78.4,7.9,11.6,118.6,15.06
2024,Season A,November,Ngeruka,Maize,0.76,0.46,46.0,Flat,Hybrid (H614D),No,None,0.0,No,Beans,High,Adequate,Yes,No,13.6,Loam,7.03,2.72,72.7,16.7,199.8,22.5,94.0,77.5,7.1,10.7,102.3,21.62
2021,Season A,December,Ruhuha,Maize,1.42,0.96,96.0,Valley,Improved (WH507),Yes,Organic (Compost),0.0,Partial,Maize,Low,Limited,No,No,8.4,Sandy Loam,7.09,2.61,64.3,15.7,184.1,20.7,106.9,64.9,7.5,11.8,105.2,16.28
2020,Season B,June,Nyamata,Rice,1.71,1.09,109.0,Hillside,Local Variety,No,None,0.0,No,Maize,Low,Adequate,Yes,Yes,24.8,Clay Soil,7.1,3.2,73.8,26.2,258.8,23.8,41.3,67.3,7.7,11.4,133.2,14.83
2022,Season A,December,Rweru,Rice,2.03,1.44,144.0,Valley,Improved (IR64 / NERICA),Yes,Inorganic (NPK),113.1,No,Maize,Medium,Adequate,No,No,15.5,Clay Soil,7.13,2.52,63.0,15.9,199.8,22.1,68.2,78.2,7.1,11.5,110.0,27.14
2020,Season A,September,Mayange,Maize,3.0,2.55,255.0,Flat,Hybrid (H614D),Yes,Organic (Compost),0.0,No,Cassava,Low,Sufficient,No,Yes,8.0,Sandy Loam,6.04,2.73,64.0,13.2,189.2,20.9,91.4,69.8,7.4,11.4,116.1,27.45
2021,Season B,February,Mareba,Beans,1.88,1.57,157.0,Hillside,Improved (RWR 2245),No,None,0.0,No,Beans,Low,Adequate,Yes,No,23.9,Sandy Loam,7.06,3.04,61.2,13.1,246.8,22.7,73.3,69.4,8.0,11.4,101.7,12.91
2022,Season B,March,Rilima,Maize,2.66,2.37,237.0,Hillside,Local Variety,Partial,Organic (Compost),24.2,Yes,Beans,Medium,Sufficient,No,No,14.7,Sandy Soil,6.09,1.85,43.1,17.6,189.7,22.8,58.0,84.8,6.7,9.5,120.2,13.94
2022,Season B,June,Shyara,Beans,2.82,1.7,170.0,Hillside,Improved (RWR 2245),No,None,0.0,No,Cassava,Low,Sufficient,Yes,No,24.5,Sandy Loam,6.07,2.29,58.7,20.7,265.8,22.0,38.3,73.4,8.5,13.8,114.9,9.54
2021,Season A,September,Ngeruka,Beans,1.06,0.82,82.0,Hillside,Hybrid (MAC 44),Yes,Mixed (Organic + Inorganic),163.9,Yes,Beans,Low,Adequate,Yes,No,23.9,Loam,7.04,2.71,75.6,15.2,199.0,23.6,103.8,74.4,8.5,12.0,125.3,10.57
2022,Season B,April,Kamabuye,Maize,0.14,0.12,12.0,Valley,Improved (WH507),Yes,Inorganic (NPK),99.4,No,Beans,Medium,Adequate,Yes,No,10.7,Clay Soil,7.21,2.52,39.9,16.3,203.7,25.7,93.5,75.7,6.7,9.9,120.1,18.85
2024,Season B,February,Rweru,Rice,2.95,1.99,199.0,Valley,Local Variety,Yes,Inorganic (NPK),204.2,Partial,Beans,Low,Limited,Yes,No,12.9,Clay Soil,6.87,2.74,62.9,11.8,182.9,23.9,58.3,67.9,7.6,10.6,111.5,17.01
2024,Season B,April,Rilima,Beans,1.76,1.41,141.0,Hillside,Local Variety,Partial,Organic (Compost),14.5,Yes,Maize,Low,Adequate,Yes,No,21.5,Sandy Soil,6.05,1.84,45.2,14.6,207.5,22.2,116.1,74.3,6.3,11.3,91.0,7.27
2020,Season A,October,Shyara,Rice,2.73,2.03,203.0,Valley,Local Variety,No,None,0.0,No,Beans,High,Sufficient,Yes,No,12.9,Sandy Loam,6.04,2.23,58.6,20.5,275.5,24.4,123.5,92.0,6.2,10.2,103.7,21.45
2024,Season B,February,Kamabuye,Maize,1.08,0.75,75.0,Flat,Improved (WH507),No,None,0.0,Partial,Cassava,Low,Limited,Yes,No,11.7,Clay Soil,7.16,2.09,35.6,21.4,191.2,25.4,68.3,65.3,8.4,10.4,116.1,14.82
2021,Season A,December,Ntarama,Beans,2.93,2.48,248.0,Valley,Local Variety,Partial,Organic (Compost),20.5,No,Cassava,Medium,Adequate,Yes,Yes,12.1,Sandy Soil,7.07,2.99,55.3,12.0,238.1,21.6,58.2,76.8,7.1,9.2,113.2,7.41
2020,Season B,June,Mwogo,Maize,0.12,0.1,10.0,Flat,Improved (WH507),No,None,0.0,No,Maize,High,Adequate,Yes,No,5.2,Sandy Soil,5.84,2.1,67.6,19.4,147.6,25.2,37.6,71.4,8.4,13.7,100.9,9.54
2021,Season A,December,Rilima,Beans,2.33,2.16,216.0,Hillside,Hybrid (MAC 44),Yes,Inorganic (NPK),53.3,No,Beans,Medium,Adequate,Yes,No,10.1,Sandy Soil,6.21,2.07,37.2,17.2,214.4,22.2,100.6,77.6,7.4,11.0,120.1,11.54
2023,Season B,June,Ngeruka,Beans,2.58,2.26,226.0,Hillside,Local Variety,Partial,Organic (Compost),64.3,Partial,Beans,Low,Adequate,Yes,No,21.9,Loam,6.89,2.61,70.1,15.9,198.2,20.9,28.4,75.8,8.8,14.6,125.8,6.14
2021,Season B,February,Nyarugenge,Rice,0.27,0.17,17.0,Flat,Improved (IR64 / NERICA),Yes,Mixed (Organic + Inorganic),138.9,No,Cassava,Medium,Adequate,Yes,Yes,9.9,Clay Soil,6.15,2.29,44.4,26.3,203.9,22.5,95.6,77.9,7.6,10.6,105.1,33.72
2021,Season B,March,Ruhuha,Beans,0.73,0.66,66.0,Flat,Local Variety,Partial,Inorganic (NPK),12.5,No,Beans,Medium,Adequate,Yes,No,18.2,Sandy Loam,6.97,2.36,59.7,18.1,187.7,23.1,117.1,69.9,6.6,10.6,105.7,6.1
2024,Season B,April,Mwogo,Maize,1.78,1.49,149.0,Flat,Improved (WH507),No,None,0.0,Partial,Maize,Medium,Adequate,Yes,No,18.7,Sandy Soil,6.03,1.97,70.9,22.4,160.7,24.7,96.8,69.3,6.5,10.1,120.7,17.21
2024,Season A,December,Kamabuye,Maize,2.89,2.31,231.0,Valley,Improved (WH507),Partial,Organic (Compost),37.6,No,Maize,High,Adequate,No,No,24.2,Clay Soil,7.1,2.11,37.7,19.6,213.6,22.5,55.3,74.1,7.5,9.9,110.5,11.44
2024,Season B,June,Mayange,Rice,1.76,1.55,155.0,Valley,Improved (IR64 / NERICA),Yes,Inorganic (NPK),138.8,No,Beans,Medium,Sufficient,Yes,No,9.2,Sandy Loam,6.01,2.72,67.5,11.6,196.6,22.1,34.4,73.0,8.2,12.2,125.8,25.23
2022,Season A,December,Rweru,Beans,1.78,1.74,174.0,Hillside,Hybrid (MAC 44),Yes,Inorganic (NPK),211.2,No,Cassava,Low,Adequate,Yes,No,8.2,Clay Soil,6.99,2.62,68.0,11.6,191.7,23.8,61.9,71.3,7.9,11.3,125.3,9.76
2024,Season A,November,Juru,Maize,2.24,1.37,137.0,Hillside,Improved (WH507),Yes,Inorganic (NPK),147.8,Partial,Cassava,High,Limited,Yes,No,13.6,Sandy Loam,6.95,2.37,51.2,23.1,175.3,22.9,65.5,77.3,6.8,12.5,96.4,17.52
2021,Season B,June,Ngeruka,Maize,2.17,1.62,162.0,Flat,Improved (WH507),Partial,Inorganic (NPK),24.0,No,Fallow,Medium,Sufficient,No,No,9.4,Loam,6.93,2.87,79.6,19.8,195.8,24.7,45.1,65.3,9.0,9.6,131.0,12.03
2024,Season A,September,Mayange,Maize,1.09,0.83,83.0,Hillside,Improved (WH507),No,None,0.0,Yes,Maize,Medium,Limited,Yes,No,22.1,Sandy Loam,5.95,2.8,64.4,15.9,202.7,24.2,48.0,72.3,7.5,11.7,119.4,14.34
2020,Season A,September,Rilima,Beans,0.24,0.2,20.0,Flat,Hybrid (MAC 44),Yes,Inorganic (NPK),231.0,No,Fallow,Low,Limited,Yes,No,14.8,Sandy Soil,6.13,1.43,46.2,15.0,202.3,24.2,63.7,82.2,7.6,10.5,113.6,8.51
2023,Season A,November,Mayange,Beans,2.77,2.68,268.0,Flat,Improved (RWR 2245),No,None,0.0,No,Maize,Low,Adequate,Yes,No,18.7,Sandy Loam,5.99,2.91,65.8,14.7,207.4,23.2,121.7,75.1,7.6,12.0,109.1,12.54
2023,Season B,April,Nyamata,Beans,2.27,1.61,161.0,Flat,Improved (RWR 2245),No,None,0.0,No,Maize,Low,Sufficient,No,No,7.3,Clay Soil,7.16,3.38,75.3,26.2,254.1,23.2,123.3,69.2,7.3,9.9,101.9,10.95
2022,Season B,May,Rilima,Maize,2.62,2.04,204.0,Valley,Improved (WH507),No,None,0.0,No,Rice,Low,Sufficient,Yes,No,11.8,Sandy Soil,6.17,1.53,46.2,21.0,209.4,23.4,91.1,76.4,6.7,9.6,113.2,18.49
2020,Season B,March,Kamabuye,Maize,2.09,1.5,150.0,Flat,Improved (WH507),Yes,Inorganic (NPK),114.3,Yes,Beans,Medium,Adequate,Yes,Yes,9.4,Clay Soil,7.21,2.25,40.2,18.8,213.2,22.0,114.1,76.2,7.3,11.2,113.1,22.68
2022,Season B,April,Mwogo,Beans,1.63,0.99,99.0,Flat,Hybrid (MAC 44),No,None,0.0,Yes,Maize,High,Limited,No,No,10.6,Sandy Soil,6.14,2.04,66.6,18.4,153.2,22.6,132.7,77.8,7.4,9.2,101.5,7.17
2023,Season B,March,Nyamata,Rice,1.37,0.91,91.0,Flat,Hybrid (Komboka),Partial,Organic (Compost),26.0,Yes,Maize,Low,Sufficient,No,Yes,14.8,Clay Soil,7.02,3.16,75.5,25.7,251.8,21.1,127.6,76.7,7.2,11.3,117.1,27.25
2023,Season B,June,Musenyi,Beans,1.58,1.19,119.0,Flat,Local Variety,No,None,0.0,No,Maize,Medium,Sufficient,Yes,No,11.6,Loam,6.94,2.32,39.0,10.6,260.0,23.3,32.5,66.0,8.6,11.9,126.3,4.62
2024,Season A,January,Nyamata,Maize,1.98,1.21,121.0,Flat,Improved (WH507),Partial,Inorganic (NPK),15.7,Yes,Cassava,Low,Adequate,Yes,Yes,19.3,Clay Soil,7.15,3.05,74.5,26.7,263.3,22.2,68.0,63.8,7.8,10.5,98.0,19.68
2022,Season A,December,Kamabuye,Rice,0.31,0.3,30.0,Valley,Improved (IR64 / NERICA),No,None,0.0,No,Cassava,Low,Sufficient,No,No,23.7,Clay Soil,6.97,2.51,43.7,20.9,214.2,23.6,59.7,78.1,7.3,10.8,113.1,26.72
2022,Season B,April,Nyamata,Maize,0.96,0.93,93.0,Flat,Improved (WH507),Yes,Mixed (Organic + Inorganic),166.9,Yes,Cassava,Medium,Adequate,No,Yes,23.2,Clay Soil,7.05,3.33,77.3,24.7,254.6,22.7,146.2,84.8,7.7,10.6,119.5,22.92
2024,Season A,September,Juru,Rice,1.42,1.13,113.0,Valley,Improved (IR64 / NERICA),Yes,Organic (Compost),0.0,No,Beans,Low,Sufficient,Yes,Yes,12.6,Sandy Loam,6.95,2.93,51.8,23.0,165.4,23.1,83.8,79.8,8.1,11.2,118.7,34.23
2020,Season A,November,Juru,Beans,0.86,0.54,54.0,Flat,Hybrid (MAC 44),No,None,0.0,Partial,Beans,Low,Adequate,Yes,No,21.7,Sandy Loam,6.99,2.91,46.1,26.4,169.1,23.4,82.1,77.5,7.2,10.0,93.4,9.44
2020,Season A,October,Mareba,Beans,2.87,2.69,269.0,Valley,Improved (RWR 2245),No,None,0.0,Yes,Maize,Medium,Adequate,No,No,6.3,Sandy Loam,7.06,3.29,65.4,8.9,235.6,25.7,83.9,76.7,7.3,11.3,94.5,12.72
2024,Season A,January,Ngeruka,Rice,2.79,2.04,204.0,Hillside,Hybrid (Komboka),No,None,0.0,No,Maize,Low,Sufficient,Yes,No,17.1,Loam,7.05,2.68,72.1,21.0,200.8,21.4,57.6,66.2,7.9,11.3,123.4,21.41
2021,Season A,December,Shyara,Rice,2.38,1.79,179.0,Hillside,Improved (IR64 / NERICA),Yes,Organic (Compost),0.0,No,Beans,Low,Adequate,No,Yes,20.6,Sandy Loam,6.36,2.52,55.5,22.4,280.8,22.6,110.6,87.6,7.3,12.3,107.4,38.42
2021,Season B,March,Rilima,Maize,0.13,0.11,11.0,Flat,Local Variety,Partial,Inorganic (NPK),43.0,Partial,Beans,Low,Adequate,Yes,Yes,15.7,Sandy Soil,6.12,1.9,50.8,17.0,205.7,21.9,67.2,73.3,6.7,10.0,107.1,14.12
2023,Season B,June,Rilima,Beans,2.13,2.01,201.0,Flat,Local Variety,Yes,Inorganic (NPK),166.0,No,Fallow,Medium,Sufficient,Yes,No,11.4,Sandy Soil,6.09,1.8,42.6,17.9,219.9,23.5,41.8,79.7,8.5,12.5,118.5,5.55
2021,Season B,May,Juru,Maize,0.86,0.62,62.0,Valley,Local Variety,No,None,0.0,No,Beans,Low,Adequate,Yes,No,24.2,Sandy Loam,6.78,2.4,42.5,22.0,175.0,23.7,103.1,74.0,7.1,9.7,112.2,13.9
2020,Season B,April,Mayange,Beans,2.45,1.53,153.0,Valley,Hybrid (MAC 44),No,None,0.0,Yes,Fallow,High,Adequate,No,No,12.9,Sandy Loam,6.07,2.76,66.7,11.9,198.6,24.7,78.8,86.4,6.6,9.7,95.7,8.63
2021,Season B,May,Ntarama,Beans,0.68,0.57,57.0,Flat,Hybrid (MAC 44),Partial,Organic (Compost),32.3,Yes,Maize,Low,Sufficient,No,Yes,13.8,Sandy Soil,7.05,2.84,59.2,10.0,244.0,25.7,67.7,72.7,6.9,10.6,92.2,10.0
2020,Season A,October,Rilima,Rice,2.77,2.12,212.0,Hillside,Hybrid (Komboka),Yes,Organic (Compost),0.0,Yes,Beans,Low,Adequate,No,No,14.1,Sandy Soil,6.15,1.59,53.1,16.6,218.8,24.9,74.0,81.0,6.8,10.4,93.2,30.31
2024,Season B,February,Kamabuye,Rice,0.72,0.58,58.0,Valley,Improved (IR64 / NERICA),Yes,Inorganic (NPK),42.4,Yes,Rice,Medium,Adequate,Yes,No,20.4,Clay Soil,7.07,2.53,42.8,18.9,205.8,22.2,90.5,68.6,7.9,9.7,99.3,27.26
2021,Season A,January,Ntarama,Rice,0.38,0.26,26.0,Flat,Improved (IR64 / NERICA),No,None,0.0,Partial,Rice,Low,Sufficient,No,No,6.0,Sandy Soil,7.0,2.89,61.9,13.1,228.6,22.7,55.1,80.9,7.6,10.8,119.6,26.99
2023,Season B,May,Mayange,Maize,1.43,1.34,134.0,Valley,Improved (WH507),No,None,0.0,Yes,Beans,High,Sufficient,Yes,No,13.7,Sandy Loam,5.99,2.92,64.0,11.6,207.2,22.2,58.3,81.2,6.9,9.8,109.9,12.94
2024,Season A,December,Musenyi,Maize,1.89,1.29,129.0,Flat,Hybrid (H614D),Yes,Organic (Compost),0.0,No,Maize,High,Adequate,No,No,19.6,Loam,7.1,2.54,38.2,14.8,236.7,21.4,84.3,80.8,7.9,11.2,99.0,22.72
2020,Season B,February,Shyara,Beans,2.5,2.39,239.0,Valley,Local Variety,Yes,Organic (Compost),0.0,No,Maize,Low,Sufficient,No,No,5.3,Sandy Loam,6.2,2.56,53.6,22.2,253.9,23.6,43.9,77.7,7.8,10.3,109.0,5.83
2023,Season A,December,Juru,Maize,2.65,2.21,221.0,Hillside,Local Variety,No,None,0.0,Partial,Maize,High,Adequate,Yes,Yes,23.3,Sandy Loam,6.96,2.68,50.4,24.7,199.5,22.9,79.1,70.5,8.3,10.5,94.8,11.11
2020,Season B,February,Ntarama,Maize,2.01,1.94,194.0,Valley,Local Variety,No,None,0.0,No,Beans,Medium,Sufficient,Yes,No,7.0,Sandy Soil,7.14,2.67,62.1,10.2,255.7,22.8,89.7,78.4,7.1,10.7,94.9,12.29
2024,Season B,June,Ngeruka,Beans,2.68,2.17,217.0,Hillside,Improved (RWR 2245),Partial,Inorganic (NPK),29.5,No,Maize,Medium,Sufficient,No,No,10.9,Loam,6.86,2.73,74.0,22.1,188.8,22.9,39.0,67.9,7.9,11.4,110.9,8.68
2021,Season A,October,Ruhuha,Maize,2.32,1.85,185.0,Flat,Hybrid (H614D),Partial,Organic (Compost),29.7,Yes,Maize,Low,Sufficient,No,Yes,5.7,Sandy Loam,7.11,2.28,64.8,17.5,177.5,23.5,120.6,77.5,6.5,9.4,100.8,25.46
2023,Season B,May,Ngeruka,Beans,1.35,1.19,119.0,Flat,Hybrid (MAC 44),No,None,0.0,No,Maize,Low,Adequate,No,No,21.4,Loam,7.0,2.55,72.0,18.2,199.0,23.3,69.5,83.4,6.7,11.6,106.8,8.81
2020,Season A,October,Ruhuha,Beans,1.46,1.3,130.0,Flat,Improved (RWR 2245),Partial,Inorganic (NPK),35.7,No,Fallow,High,Adequate,No,Yes,11.2,Sandy Loam,7.12,2.63,61.5,19.8,182.0,22.7,70.7,85.4,7.3,9.4,96.7,12.4
2022,Season B,March,Rweru,Rice,0.35,0.33,33.0,Hillside,Local Variety,No,None,0.0,No,Beans,High,Adequate,Yes,No,19.7,Clay Soil,6.94,2.49,64.6,12.4,196.0,24.4,90.6,76.3,8.0,9.8,109.3,15.95
2020,Season A,December,Ruhuha,Beans,2.36,1.61,161.0,Hillside,Improved (RWR 2245),No,None,0.0,Yes,Beans,Low,Limited,Yes,Yes,22.5,Sandy Loam,7.05,2.39,67.0,17.7,180.2,22.9,67.9,75.3,8.2,10.7,108.7,11.64
2023,Season A,October,Shyara,Rice,0.75,0.48,48.0,Flat,Improved (IR64 / NERICA),No,None,0.0,No,Maize,Medium,Limited,Yes,No,10.3,Sandy Loam,6.05,2.4,56.0,19.7,269.2,21.3,119.1,85.1,7.3,9.3,87.3,30.42
2022,Season B,April,Shyara,Maize,2.88,1.98,198.0,Hillside,Local Variety,No,None,0.0,No,Maize,Low,Sufficient,Yes,No,13.6,Sandy Loam,6.23,2.41,55.4,22.3,264.2,23.7,128.0,77.5,6.9,10.6,117.0,13.41
2022,Season A,October,Mwogo,Rice,2.46,2.13,213.0,Hillside,Local Variety,Partial,Inorganic (NPK),57.8,No,Maize,Low,Adequate,Yes,No,20.3,Sandy Soil,6.01,2.22,70.5,22.6,159.4,25.5,76.4,85.9,5.6,10.3,114.6,19.75
2020,Season A,December,Gashora,Maize,2.79,2.05,205.0,Flat,Hybrid (H614D),Yes,Inorganic (NPK),42.7,Partial,Beans,Low,Limited,Yes,No,8.0,Loam,6.57,2.18,43.8,23.2,188.0,22.4,113.0,75.5,7.9,11.7,103.9,30.07
2021,Season B,February,Gashora,Maize,0.67,0.56,56.0,Hillside,Hybrid (H614D),No,None,0.0,No,Fallow,Low,Sufficient,No,No,8.6,Loam,6.46,1.87,53.0,27.2,185.1,21.7,87.3,67.9,7.3,12.4,108.8,23.75
2024,Season A,October,Ntarama,Beans,0.75,0.59,59.0,Hillside,Hybrid (MAC 44),Yes,Organic (Compost),0.0,No,Fallow,Medium,Sufficient,Yes,Yes,13.1,Sandy Soil,7.26,2.78,63.4,13.1,245.1,24.4,151.4,80.0,6.4,11.1,116.2,10.06
2021,Season B,June,Shyara,Maize,0.26,0.19,19.0,Hillside,Local Variety,No,None,0.0,Yes,Cassava,Low,Limited,Yes,Yes,12.6,Sandy Loam,6.36,2.37,61.6,20.4,264.3,22.4,25.3,70.4,7.7,10.6,114.9,11.04
2021,Season A,December,Juru,Beans,0.5,0.46,46.0,Flat,Local Variety,Partial,Organic (Compost),70.6,No,Maize,High,Sufficient,No,No,17.2,Sandy Loam,6.99,2.54,47.9,22.7,184.3,21.4,58.9,70.9,7.4,12.4,102.0,5.8
2022,Season A,January,Mareba,Maize,1.85,1.5,150.0,Flat,Improved (WH507),Partial,Inorganic (NPK),55.6,No,Rice,Medium,Sufficient,Yes,Yes,6.9,Sandy Loam,6.97,2.83,63.8,12.7,230.4,21.8,90.5,75.4,7.8,12.4,112.9,18.36
2020,Season B,June,Rilima,Beans,1.08,0.79,79.0,Valley,Hybrid (MAC 44),Yes,Organic (Compost),0.0,Yes,Cassava,Medium,Adequate,Yes,No,7.8,Sandy Soil,6.12,1.81,41.4,17.5,205.9,21.1,38.5,68.8,9.7,13.3,115.2,9.22
2024,Season B,May,Rilima,Beans,2.03,1.52,152.0,Hillside,Improved (RWR 2245),No,None,0.0,Yes,Beans,Low,Sufficient,No,No,20.5,Sandy Soil,6.16,1.65,43.7,17.8,220.2,25.3,76.2,82.2,6.6,10.0,97.9,11.56
2022,Season A,October,Nyarugenge,Rice,2.39,1.48,148.0,Valley,Local Variety,No,None,0.0,Yes,Fallow,Low,Limited,Yes,No,18.9,Clay Soil,6.23,2.09,42.0,20.7,203.4,24.0,101.1,75.3,6.2,10.9,109.8,21.73
2022,Season A,January,Mayange,Maize,1.46,0.93,93.0,Valley,Hybrid (H614D),Yes,Mixed (Organic + Inorganic),211.1,Yes,Cassava,High,Limited,No,No,6.5,Sandy Loam,6.02,2.8,64.4,14.5,206.7,23.4,69.6,77.8,7.9,11.2,103.0,23.26
2023,Season A,December,Ngeruka,Beans,2.72,1.86,186.0,Valley,Hybrid (MAC 44),Yes,Organic (Compost),0.0,Yes,Maize,Medium,Adequate,No,No,8.4,Loam,6.81,2.46,70.9,20.6,198.3,23.0,59.2,73.5,7.3,10.6,109.1,11.07
2023,Season A,September,Nyamata,Rice,1.24,0.91,91.0,Flat,Hybrid (Komboka),No,None,0.0,No,Maize,Medium,Sufficient,Yes,No,24.7,Clay Soil,7.02,3.3,76.6,22.4,262.0,26.7,81.4,79.5,7.7,11.6,105.3,22.17
2023,Season B,February,Musenyi,Beans,1.56,1.38,138.0,Flat,Hybrid (MAC 44),No,None,0.0,Yes,Cassava,Low,Sufficient,Yes,No,24.6,Loam,7.12,2.67,43.6,15.4,256.3,22.3,44.1,69.1,7.3,12.0,112.9,7.49
2023,Season A,January,Mwogo,Beans,1.84,1.75,175.0,Hillside,Local Variety,No,None,0.0,No,Beans,Medium,Adequate,Yes,No,17.8,Sandy Soil,6.01,2.13,64.0,22.2,143.8,22.4,52.5,73.6,7.8,11.2,114.3,6.14
2020,Season A,October,Musenyi,Maize,1.09,0.85,85.0,Hillside,Improved (WH507),No,None,0.0,No,Beans,Medium,Adequate,No,No,24.7,Loam,6.96,2.32,39.4,16.1,246.5,22.8,113.4,84.1,6.7,9.6,97.3,17.28
2023,Season A,November,Gashora,Rice,1.21,1.01,101.0,Flat,Improved (IR64 / NERICA),No,None,0.0,No,Fallow,High,Adequate,Yes,No,12.2,Loam,6.48,2.34,47.0,25.3,184.2,20.4,71.9,73.2,6.1,9.7,119.8,23.86
2023,Season B,April,Nyamata,Rice,2.92,2.07,207.0,Flat,Hybrid (Komboka),Yes,Inorganic (NPK),47.3,No,Maize,High,Adequate,Yes,Yes,12.2,Clay Soil,7.18,3.21,78.0,23.0,265.2,21.9,91.6,72.3,7.2,11.5,101.0,18.99
2020,Season B,April,Mayange,Beans,1.25,1.02,102.0,Flat,Local Variety,Yes,Inorganic (NPK),236.6,Partial,Beans,Low,Adequate,No,Yes,23.5,Sandy Loam,5.92,2.91,64.7,15.8,207.7,21.6,150.8,76.9,6.8,10.4,103.0,7.19
2021,Season B,March,Ruhuha,Maize,1.74,1.37,137.0,Valley,Local Variety,Partial,Inorganic (NPK),19.7,Yes,Beans,Medium,Adequate,No,Yes,9.1,Sandy Loam,7.08,2.36,56.7,16.9,179.9,23.6,103.7,77.6,6.9,9.9,111.2,15.47
2022,Season A,January,Rilima,Beans,2.53,2.52,252.0,Hillside,Improved (RWR 2245),No,None,0.0,No,Maize,Medium,Sufficient,No,No,18.4,Sandy Soil,6.13,1.99,41.8,13.2,221.1,22.0,77.9,70.0,8.4,10.8,120.2,12.37
2022,Season A,October,Shyara,Rice,2.21,2.18,218.0,Valley,Hybrid (Komboka),Partial,Organic (Compost),10.0,No,Fallow,Medium,Adequate,No,Yes,15.2,Sandy Loam,6.15,2.29,53.9,24.2,281.3,23.1,74.2,71.5,7.0,10.7,117.3,22.46
2021,Season A,January,Juru,Rice,1.03,0.69,69.0,Valley,Hybrid (Komboka),No,None,0.0,Yes,Rice,Low,Limited,Yes,No,13.1,Sandy Loam,6.93,2.56,48.9,22.1,184.5,21.8,83.5,75.0,7.2,11.9,93.9,22.23
2024,Season A,September,Ruhuha,Rice,2.93,2.89,289.0,Flat,Hybrid (Komboka),Partial,Inorganic (NPK),37.1,Yes,Maize,Low,Limited,No,No,17.9,Sandy Loam,6.9,2.38,63.2,22.3,178.7,22.7,66.4,69.6,7.1,12.2,116.1,20.64
2024,Season B,June,Ruhuha,Beans,0.8,0.49,49.0,Valley,Improved (RWR 2245),Partial,Inorganic (NPK),74.2,Yes,Beans,High,Sufficient,Yes,Yes,11.2,Sandy Loam,6.97,2.67,64.2,20.0,193.2,25.8,39.1,67.9,7.8,12.3,111.8,8.96
2023,Season B,March,Rweru,Beans,2.33,1.93,193.0,Hillside,Local Variety,Yes,Inorganic (NPK),182.4,No,Beans,Low,Adequate,No,No,15.0,Clay Soil,7.06,2.62,63.3,9.9,195.3,24.1,67.1,75.1,7.1,11.7,114.0,7.06
2024,Season B,March,Mwogo,Maize,2.81,2.4,240.0,Hillside,Improved (WH507),Yes,Organic (Compost),0.0,Yes,Beans,Low,Adequate,No,No,23.7,Sandy Soil,6.1,1.73,66.1,20.6,148.2,23.3,66.5,74.4,7.2,10.4,116.4,23.77
2023,Season A,October,Mareba,Rice,0.64,0.59,59.0,Valley,Improved (IR64 / NERICA),Yes,Organic (Compost),0.0,No,Rice,Low,Adequate,No,Yes,22.0,Sandy Loam,6.93,2.8,65.4,10.3,241.4,22.8,74.8,71.8,6.4,9.5,88.2,26.31
2024,Season A,December,Mwogo,Rice,0.59,0.37,37.0,Valley,Hybrid (Komboka),No,None,0.0,No,Maize,High,Adequate,No,Yes,6.2,Sandy Soil,5.84,2.16,72.2,21.3,168.3,21.9,90.7,73.6,7.2,11.9,123.5,21.25
2020,Season B,April,Kamabuye,Maize,0.16,0.14,14.0,Hillside,Local Variety,Yes,Inorganic (NPK),58.8,No,Rice,Low,Sufficient,No,No,22.1,Clay Soil,7.11,2.15,38.4,21.6,207.3,21.9,113.0,82.1,6.0,9.7,97.6,14.67
2020,Season B,June,Rweru,Rice,1.1,1.09,109.0,Hillside,Hybrid (Komboka),No,None,0.0,Partial,Fallow,Low,Limited,Yes,Yes,23.7,Clay Soil,6.92,2.82,69.0,12.2,190.6,24.3,27.0,59.9,9.1,12.2,112.3,18.77
2020,Season A,September,Mayange,Beans,1.26,0.96,96.0,Flat,Hybrid (MAC 44),No,None,0.0,Yes,Beans,Low,Adequate,Yes,Yes,10.8,Sandy Loam,5.91,2.56,65.2,10.9,212.7,24.0,100.9,69.9,7.2,10.8,130.1,9.17
2023,Season A,October,Ntarama,Maize,1.44,0.89,89.0,Flat,Local Variety,Yes,Mixed (Organic + Inorganic),139.7,No,Beans,Low,Sufficient,Yes,Yes,5.2,Sandy Soil,7.25,2.83,64.6,11.5,240.4,25.0,70.6,79.2,6.3,9.2,109.1,16.38
2023,Season B,February,Mareba,Beans,1.21,1.1,110.0,Flat,Local Variety,No,None,0.0,Yes,Fallow,Low,Adequate,No,No,15.7,Sandy Loam,7.01,2.91,63.5,13.4,237.1,21.7,63.0,66.4,7.0,10.2,113.6,6.99
2023,Season A,September,Shyara,Rice,1.78,1.73,173.0,Valley,Hybrid (Komboka),No,None,0.0,Partial,Rice,Medium,Limited,No,No,10.2,Sandy Loam,6.15,2.22,54.4,21.5,275.5,24.3,83.3,72.3,7.3,13.0,100.4,21.96
2023,Season B,February,Ruhuha,Maize,1.61,1.25,125.0,Hillside,Improved (WH507),Partial,Inorganic (NPK),78.8,Yes,Beans,Medium,Sufficient,Yes,No,20.7,Sandy Loam,6.8,2.52,64.4,17.8,182.3,23.4,80.6,70.6,7.0,8.7,102.0,22.13
2020,Season B,April,Musenyi,Maize,2.28,1.56,156.0,Hillside,Improved (WH507),No,None,0.0,No,Rice,Low,Adequate,Yes,No,10.7,Loam,7.18,2.18,46.1,16.1,243.8,22.9,128.1,80.4,6.6,11.1,105.2,16.79
2022,Season B,February,Gashora,Maize,2.1,1.72,172.0,Hillside,Local Variety,No,None,0.0,Partial,Maize,Low,Sufficient,Yes,No,18.0,Loam,6.44,2.04,45.4,24.1,183.5,22.5,61.5,72.8,6.9,9.5,125.8,11.95
2021,Season A,January,Nyamata,Rice,2.56,1.78,178.0,Valley,Hybrid (Komboka),No,None,0.0,Partial,Maize,Low,Limited,Yes,No,13.0,Clay Soil,7.11,3.02,79.5,28.0,266.0,20.5,86.2,74.7,7.4,12.5,110.8,19.64
2022,Season B,March,Rilima,Maize,2.6,1.97,197.0,Flat,Local Variety,No,None,0.0,Partial,Beans,Low,Sufficient,Yes,No,6.5,Sandy Soil,6.16,1.68,47.6,15.4,225.2,22.8,87.8,72.8,6.7,11.2,102.6,13.88
2024,Season A,November,Ruhuha,Beans,0.58,0.48,48.0,Flat,Improved (RWR 2245),No,None,0.0,No,Cassava,Low,Adequate,Yes,Yes,10.8,Sandy Loam,6.92,2.55,59.9,17.2,189.8,22.8,70.3,71.5,7.0,10.4,108.5,13.79
2020,Season A,September,Ngeruka,Rice,1.14,0.77,77.0,Flat,Improved (IR64 / NERICA),No,None,0.0,Partial,Cassava,High,Sufficient,No,No,15.3,Loam,7.04,2.8,80.7,18.6,204.0,22.7,101.1,71.8,7.4,11.8,114.4,28.87
2023,Season B,May,Mareba,Rice,1.83,1.8,180.0,Valley,Improved (IR64 / NERICA),No,None,0.0,No,Beans,Low,Limited,Yes,No,19.0,Sandy Loam,7.12,2.69,61.7,11.2,230.2,23.6,88.2,71.5,7.0,11.0,117.8,28.26
2023,Season A,November,Nyarugenge,Rice,0.93,0.68,68.0,Valley,Hybrid (Komboka),Partial,Inorganic (NPK),61.4,Partial,Maize,Medium,Limited,Yes,Yes,14.0,Clay Soil,6.16,2.08,37.4,22.1,205.8,25.0,99.1,78.8,6.6,10.2,120.6,26.34
2023,Season B,February,Shyara,Maize,2.7,1.68,168.0,Valley,Improved (WH507),No,None,0.0,Yes,Maize,Medium,Sufficient,Yes,No,21.3,Sandy Loam,6.16,2.44,52.1,23.1,281.9,22.4,98.1,69.2,7.2,10.9,117.2,17.84
2023,Season A,January,Gashora,Maize,2.28,1.58,158.0,Valley,Improved (WH507),Yes,Mixed (Organic + Inorganic),210.1,Yes,Rice,Medium,Limited,Yes,No,23.5,Loam,6.61,2.43,54.9,24.3,188.1,21.1,46.5,80.0,8.1,9.6,115.1,15.74
2021,Season A,September,Mayange,Maize,2.34,1.94,194.0,Valley,Improved (WH507),Partial,Organic (Compost),23.2,No,Beans,Low,Adequate,No,Yes,20.7,Sandy Loam,5.89,3.1,67.8,6.9,215.7,24.2,101.1,77.5,7.9,12.0,105.8,20.37
2021,Season A,September,Mwogo,Rice,0.32,0.21,21.0,Hillside,Hybrid (Komboka),Yes,Organic (Compost),0.0,No,Rice,Low,Adequate,Yes,No,22.6,Sandy Soil,6.12,1.88,67.8,21.8,173.9,24.7,66.1,66.5,6.6,10.8,102.0,26.18
2024,Season A,November,Kamabuye,Rice,1.11,0.72,72.0,Valley,Improved (IR64 / NERICA),Yes,Organic (Compost),0.0,Partial,Beans,Medium,Adequate,Yes,Yes,12.2,Clay Soil,7.14,2.29,40.2,17.0,197.7,24.9,71.3,78.1,6.1,10.0,90.1,33.15
2021,Season B,June,Nyarugenge,Rice,2.53,1.83,183.0,Valley,Hybrid (Komboka),Yes,Inorganic (NPK),44.2,No,Beans,Low,Sufficient,No,No,10.0,Clay Soil,6.18,2.34,45.9,23.7,185.6,24.0,36.6,63.4,8.0,13.0,132.0,19.74
2023,Season B,February,Kamabuye,Rice,0.4,0.32,32.0,Flat,Improved (IR64 / NERICA),No,None,0.0,Partial,Maize,High,Adequate,Yes,No,10.9,Clay Soil,7.1,2.28,47.8,19.7,202.5,24.2,58.3,74.6,7.7,12.5,99.7,22.75
2023,Season A,December,Juru,Rice,2.57,1.73,173.0,Valley,Hybrid (Komboka),Partial,Inorganic (NPK),23.3,No,Beans,Medium,Adequate,Yes,No,8.5,Sandy Loam,6.98,2.8,48.4,25.4,179.6,23.2,93.6,72.6,8.9,11.1,102.3,28.71
2021,Season B,April,Shyara,Beans,2.28,1.43,143.0,Hillside,Local Variety,No,None,0.0,Yes,Maize,Low,Sufficient,No,Yes,18.9,Sandy Loam,6.05,2.28,59.0,20.2,261.9,25.1,110.9,77.9,6.2,9.2,118.6,6.18
2021,Season B,April,Mwogo,Beans,1.75,1.48,148.0,Flat,Local Variety,Yes,Organic (Compost),0.0,No,Fallow,Low,Adequate,No,No,8.2,Sandy Soil,5.85,2.01,68.2,20.4,163.5,22.4,120.4,75.8,6.6,10.9,119.3,7.27
2021,Season B,April,Juru,Beans,1.76,1.7,170.0,Valley,Local Variety,Yes,Organic (Compost),0.0,Partial,Beans,Low,Adequate,No,Yes,6.0,Sandy Loam,6.95,2.53,51.3,25.2,179.6,23.7,124.7,68.6,7.5,12.0,93.4,7.08
2022,Season A,September,Ruhuha,Beans,2.07,1.57,157.0,Hillside,Hybrid (MAC 44),No,None,0.0,No,Cassava,Medium,Sufficient,No,No,10.8,Sandy Loam,6.92,2.23,61.1,17.1,183.5,24.1,73.3,76.8,7.8,12.0,130.3,9.6
2022,Season B,February,Kamabuye,Beans,0.46,0.43,43.0,Hillside,Hybrid (MAC 44),No,None,0.0,Partial,Maize,Low,Limited,Yes,Yes,24.3,Clay Soil,7.2,2.26,44.0,20.2,214.0,20.7,57.9,72.1,7.8,11.5,121.9,8.57
2023,Season A,December,Ngeruka,Maize,0.64,0.49,49.0,Valley,Local Variety,Yes,Mixed (Organic + Inorganic),133.1,Yes,Cassava,Medium,Adequate,Yes,Yes,5.4,Loam,6.98,2.73,74.2,20.7,191.8,23.2,110.3,63.0,7.2,11.7,97.5,17.06
2023,Season A,November,Mareba,Beans,1.35,1.02,102.0,Flat,Local Variety,Partial,Organic (Compost),31.2,Yes,Beans,Low,Adequate,Yes,No,11.8,Sandy Loam,7.03,2.8,56.8,14.2,233.3,23.0,133.5,74.6,7.5,9.6,108.5,7.33
2024,Season B,March,Juru,Rice,0.41,0.41,41.0,Flat,Hybrid (Komboka),No,None,0.0,No,Beans,High,Limited,Yes,No,23.9,Sandy Loam,7.19,2.67,42.4,26.4,172.9,21.3,114.7,69.8,7.4,10.7,128.6,18.55
2022,Season A,December,Mayange,Maize,0.24,0.18,18.0,Hillside,Improved (WH507),Partial,Inorganic (NPK),24.6,Partial,Maize,Low,Sufficient,Yes,No,22.0,Sandy Loam,5.93,2.74,68.8,13.6,213.6,23.3,83.1,68.3,7.4,11.8,114.8,22.8
2023,Season B,March,Mayange,Rice,2.24,1.4,140.0,Valley,Improved (IR64 / NERICA),Yes,Mixed (Organic + Inorganic),89.2,No,Beans,Low,Sufficient,Yes,No,18.6,Sandy Loam,6.0,2.85,66.1,14.8,196.7,19.8,115.6,81.7,7.0,9.9,102.7,39.5
2023,Season B,May,Ruhuha,Rice,1.28,0.83,83.0,Flat,Local Variety,Yes,Mixed (Organic + Inorganic),177.5,No,Beans,Medium,Sufficient,Yes,No,14.3,Sandy Loam,6.91,2.68,61.0,17.6,180.5,24.5,99.2,73.5,7.4,11.4,111.5,21.83
2021,Season B,February,Mwogo,Beans,0.77,0.5,50.0,Valley,Improved (RWR 2245),Yes,Mixed (Organic + Inorganic),238.1,Yes,Maize,Low,Adequate,Yes,No,12.8,Sandy Soil,5.87,2.28,71.8,19.8,160.7,22.6,51.6,69.8,7.9,9.7,95.7,14.16
2022,Season A,October,Rilima,Beans,2.86,2.22,222.0,Flat,Improved (RWR 2245),No,None,0.0,No,Fallow,Medium,Limited,Yes,Yes,21.4,Sandy Soil,6.18,1.92,43.9,17.0,206.5,25.7,130.9,74.0,6.6,8.1,114.1,10.76
2021,Season A,January,Ngeruka,Rice,1.48,1.02,102.0,Flat,Improved (IR64 / NERICA),Yes,Inorganic (NPK),223.7,No,Fallow,Low,Sufficient,Yes,No,21.9,Loam,7.13,2.78,72.0,19.5,200.9,22.2,92.3,73.0,7.9,12.0,119.5,34.89
2022,Season B,March,Musenyi,Rice,2.04,2.03,203.0,Valley,Improved (IR64 / NERICA),No,None,0.0,No,Beans,Low,Adequate,No,Yes,14.0,Loam,7.31,2.42,40.2,13.6,249.4,23.6,58.0,80.8,7.2,9.5,100.7,24.28
2024,Season B,February,Rilima,Beans,0.12,0.08,8.0,Valley,Hybrid (MAC 44),Yes,Inorganic (NPK),63.6,No,Rice,Low,Limited,Yes,No,7.9,Sandy Soil,6.02,2.08,39.1,18.3,195.6,22.6,91.2,75.5,7.5,10.6,103.9,11.18
2020,Season A,January,Mayange,Maize,1.26,0.84,84.0,Flat,Improved (WH507),Partial,Inorganic (NPK),76.3,Yes,Cassava,Low,Sufficient,Yes,Yes,22.2,Sandy Loam,6.07,2.85,63.5,15.4,196.7,23.7,69.5,65.6,7.6,7.9,115.5,20.19
2021,Season A,December,Mwogo,Rice,1.05,0.73,73.0,Valley,Improved (IR64 / NERICA),Partial,Inorganic (NPK),78.3,No,Fallow,Medium,Adequate,No,No,14.4,Sandy Soil,6.1,2.16,67.3,16.6,163.7,21.7,105.8,70.4,7.6,10.8,113.6,34.62
2021,Season B,June,Mareba,Rice,0.16,0.16,16.0,Hillside,Hybrid (Komboka),No,None,0.0,Yes,Rice,Medium,Limited,Yes,No,20.7,Sandy Loam,7.1,2.95,67.5,13.6,231.9,23.6,47.8,65.5,8.8,12.6,117.1,18.01
2023,Season B,May,Nyarugenge,Maize,0.29,0.19,19.0,Flat,Improved (WH507),No,None,0.0,No,Maize,Low,Adequate,Yes,No,7.5,Clay Soil,6.2,2.31,40.0,22.3,177.1,22.5,70.4,78.0,6.1,11.4,88.7,15.48
2022,Season A,November,Juru,Beans,1.18,0.93,93.0,Valley,Improved (RWR 2245),Yes,Inorganic (NPK),227.3,Partial,Beans,Low,Adequate,Yes,Yes,6.1,Sandy Loam,6.83,2.57,48.9,24.3,166.2,24.1,85.1,74.7,6.8,9.0,90.1,15.67
2021,Season B,April,Mayange,Rice,2.04,1.8,180.0,Valley,Improved (IR64 / NERICA),No,None,0.0,No,Cassava,Medium,Sufficient,No,No,21.5,Sandy Loam,6.08,2.73,65.4,15.1,213.7,23.0,136.5,80.4,7.0,8.8,103.0,31.33
2020,Season A,September,Mwogo,Rice,1.74,1.49,149.0,Valley,Hybrid (Komboka),No,None,0.0,No,Beans,Medium,Limited,Yes,Yes,23.8,Sandy Soil,5.97,1.84,67.6,19.9,167.0,20.8,63.5,68.5,7.2,11.5,112.2,18.53
2020,Season B,February,Gashora,Beans,2.65,2.33,233.0,Flat,Local Variety,No,None,0.0,Yes,Rice,Medium,Limited,No,No,16.8,Loam,6.68,2.2,51.5,24.2,191.8,21.7,51.3,72.4,7.2,11.6,107.7,6.3
2020,Season B,April,Ntarama,Maize,2.8,2.3,230.0,Hillside,Improved (WH507),Yes,Organic (Compost),0.0,Partial,Fallow,Medium,Limited,Yes,No,23.4,Sandy Soil,7.16,3.02,61.7,12.6,240.2,24.2,76.8,76.8,7.3,10.6,105.2,17.76
2022,Season A,October,Mwogo,Maize,1.15,0.7,70.0,Valley,Local Variety,No,None,0.0,Yes,Maize,Low,Adequate,Yes,No,6.3,Sandy Soil,5.98,1.77,65.1,20.7,162.7,24.2,104.2,77.9,6.3,10.4,108.4,14.9
2021,Season A,November,Shyara,Maize,2.94,2.46,246.0,Flat,Improved (WH507),Partial,Inorganic (NPK),52.9,No,Maize,Medium,Adequate,Yes,Yes,12.4,Sandy Loam,6.16,2.31,57.0,19.0,273.8,22.1,130.3,76.0,7.6,12.2,96.8,17.7
2024,Season B,June,Ntarama,Beans,0.4,0.31,31.0,Valley,Hybrid (MAC 44),Yes,Mixed (Organic + Inorganic),72.8,Yes,Fallow,Medium,Adequate,Yes,Yes,16.6,Sandy Soil,7.38,3.01,61.2,10.0,238.7,22.0,26.1,66.5,8.7,11.5,104.6,8.94
2020,Season B,April,Rilima,Rice,0.43,0.41,41.0,Valley,Improved (IR64 / NERICA),No,None,0.0,No,Rice,Medium,Adequate,Yes,No,24.4,Sandy Soil,6.1,1.7,45.0,14.4,215.6,22.2,121.1,77.8,6.1,12.0,111.3,29.57
2022,Season A,December,Ntarama,Beans,1.84,1.46,146.0,Valley,Hybrid (MAC 44),Yes,Organic (Compost),0.0,No,Beans,Low,Sufficient,Yes,No,22.0,Sandy Soil,7.06,2.92,65.3,10.9,240.5,23.3,54.3,71.8,8.1,11.1,122.7,9.37
2023,Season B,May,Nyamata,Rice,2.43,1.51,151.0,Hillside,Hybrid (Komboka),Partial,Inorganic (NPK),49.3,No,Maize,Low,Limited,No,No,16.4,Clay Soil,7.23,3.29,81.4,23.7,247.0,22.9,90.2,81.7,6.4,12.2,115.8,21.29
2022,Season A,November,Gashora,Beans,0.19,0.12,12.0,Hillside,Improved (RWR 2245),Yes,Mixed (Organic + Inorganic),178.7,Partial,Beans,Low,Sufficient,Yes,Yes,13.5,Loam,6.55,2.09,44.5,20.7,200.4,22.2,75.3,79.9,6.0,11.5,113.6,15.6
2022,Season B,February,Nyamata,Maize,2.82,1.83,183.0,Flat,Hybrid (H614D),Partial,Inorganic (NPK),70.9,No,Maize,Medium,Adequate,Yes,No,21.7,Clay Soil,7.14,3.28,74.0,22.3,243.4,22.5,43.4,71.4,7.3,10.7,109.1,19.17
2022,Season A,September,Juru,Maize,2.59,2.27,227.0,Hillside,Local Variety,Yes,Mixed (Organic + Inorganic),36.1,Partial,Rice,Low,Adequate,Yes,No,6.0,Sandy Loam,6.86,2.59,48.7,16.6,169.5,22.3,90.2,72.2,7.6,10.9,106.7,16.58
2022,Season B,June,Juru,Rice,2.17,1.37,137.0,Flat,Improved (IR64 / NERICA),Yes,Inorganic (NPK),34.4,No,Beans,High,Sufficient,Yes,No,20.6,Sandy Loam,7.04,2.36,49.4,25.5,177.5,21.9,42.9,67.8,8.8,10.7,124.4,19.53
2022,Season B,April,Mareba,Beans,0.72,0.53,53.0,Valley,Improved (RWR 2245),No,None,0.0,Yes,Maize,Low,Sufficient,No,No,8.8,Sandy Loam,7.16,2.81,61.9,8.7,213.2,23.8,98.9,75.4,5.9,10.9,121.8,13.08
2023,Season B,April,Rilima,Maize,0.47,0.43,43.0,Hillside,Improved (WH507),No,None,0.0,No,Beans,Low,Adequate,Yes,Yes,17.4,Sandy Soil,6.0,2.0,44.3,15.8,195.3,25.0,98.1,72.5,6.2,11.7,98.4,19.24
2024,Season A,January,Nyarugenge,Maize,2.71,2.3,230.0,Valley,Improved (WH507),Yes,Organic (Compost),0.0,No,Beans,Low,Sufficient,Yes,Yes,17.3,Clay Soil,6.17,2.45,34.3,24.6,193.2,23.2,41.7,70.2,6.8,10.8,98.4,19.73
2020,Season A,October,Ngeruka,Maize,2.35,2.11,211.0,Flat,Improved (WH507),No,None,0.0,Yes,Maize,Low,Adequate,Yes,No,6.9,Loam,7.12,2.74,72.9,19.6,194.8,27.2,109.5,82.7,6.2,11.6,115.6,16.66
2022,Season B,June,Nyamata,Beans,2.92,2.47,247.0,Flat,Improved (RWR 2245),No,None,0.0,Yes,Maize,Medium,Adequate,Yes,No,19.7,Clay Soil,7.07,3.34,74.9,24.4,252.9,24.5,48.4,68.2,7.9,10.5,120.8,10.78
2023,Season A,December,Kamabuye,Rice,2.88,2.42,242.0,Flat,Local Variety,Partial,Organic (Compost),21.2,No,Beans,Medium,Adequate,Yes,Yes,11.4,Clay Soil,7.13,2.34,37.8,18.5,208.9,22.9,66.0,72.4,7.4,11.4,96.1,20.02
2024,Season A,December,Mareba,Beans,0.63,0.57,57.0,Valley,Hybrid (MAC 44),Yes,Mixed (Organic + Inorganic),214.1,No,Maize,Medium,Limited,Yes,Yes,24.3,Sandy Loam,7.09,3.08,55.2,13.2,226.2,22.3,54.4,68.5,7.2,11.6,94.5,9.46
2022,Season A,January,Shyara,Maize,1.04,0.85,85.0,Valley,Hybrid (H614D),No,None,0.0,No,Fallow,High,Sufficient,No,No,18.3,Sandy Loam,6.09,2.45,55.2,17.0,267.0,21.9,46.9,60.0,7.8,11.5,94.6,15.48
2024,Season B,March,Ntarama,Beans,1.55,1.54,154.0,Hillside,Hybrid (MAC 44),Yes,Inorganic (NPK),26.8,Yes,Maize,High,Limited,Yes,No,5.1,Sandy Soil,7.0,3.05,56.7,12.3,256.3,24.2,73.4,69.8,7.5,11.2,125.5,8.8
2022,Season A,September,Ngeruka,Beans,0.54,0.4,40.0,Valley,Local Variety,Yes,Mixed (Organic + Inorganic),91.9,Partial,Rice,Medium,Sufficient,No,No,5.6,Loam,6.94,2.8,71.2,18.4,200.5,23.6,50.9,81.0,7.1,10.3,124.8,7.8
2023,Season A,January,Ntarama,Beans,0.28,0.25,25.0,Flat,Improved (RWR 2245),Yes,Organic (Compost),0.0,Yes,Beans,Medium,Limited,Yes,No,9.8,Sandy Soil,7.22,2.8,57.5,12.8,251.9,22.1,59.8,67.4,7.1,12.4,102.5,13.45
2022,Season B,May,Nyarugenge,Beans,2.64,2.14,214.0,Flat,Local Variety,Yes,Inorganic (NPK),118.8,No,Beans,Medium,Sufficient,No,Yes,10.6,Clay Soil,6.27,2.24,39.9,23.4,187.6,22.9,74.3,83.6,6.6,11.9,114.0,7.72
2022,Season B,March,Nyarugenge,Beans,0.31,0.3,30.0,Hillside,Hybrid (MAC 44),No,None,0.0,No,Fallow,Medium,Limited,Yes,No,24.6,Clay Soil,6.05,1.99,39.3,19.3,187.1,22.3,83.0,73.5,6.9,10.0,120.2,8.57
2023,Season B,June,Kamabuye,Maize,1.16,1.04,104.0,Hillside,Hybrid (H614D),Partial,Inorganic (NPK),66.3,No,Cassava,Low,Sufficient,No,No,11.2,Clay Soil,6.95,2.14,38.1,20.3,216.6,20.5,34.8,64.8,8.6,12.4,116.8,16.24
2022,Season A,December,Kamabuye,Rice,2.92,2.26,226.0,Valley,Hybrid (Komboka),No,None,0.0,Yes,Beans,Low,Limited,Yes,No,13.6,Clay Soil,7.23,2.26,39.7,19.6,207.1,24.2,72.2,75.1,6.9,11.8,108.8,20.11
2022,Season B,April,Musenyi,Rice,0.12,0.11,11.0,Valley,Improved (IR64 / NERICA),Yes,Mixed (Organic + Inorganic),143.0,Yes,Beans,Low,Adequate,Yes,Yes,18.6,Loam,7.19,2.16,42.8,10.7,255.5,20.5,92.1,74.7,6.6,8.6,111.6,35.83
2023,Season A,November,Ntarama,Maize,0.61,0.59,59.0,Flat,Hybrid (H614D),Partial,Organic (Compost),14.5,No,Maize,Medium,Sufficient,No,Yes,10.7,Sandy Soil,7.18,2.65,61.3,8.8,262.3,25.1,65.3,78.3,7.6,11.0,94.2,19.36
2020,Season A,October,Nyamata,Beans,1.51,1.12,112.0,Hillside,Improved (RWR 2245),No,None,0.0,No,Rice,Medium,Adequate,No,No,7.4,Clay Soil,7.19,3.14,71.0,25.4,252.0,25.1,105.1,83.7,5.5,9.8,91.1,10.76
2022,Season A,September,Ntarama,Maize,2.24,1.46,146.0,Flat,Improved (WH507),No,None,0.0,Yes,Beans,Medium,Sufficient,No,Yes,15.8,Sandy Soil,7.14,2.8,57.5,8.6,242.0,25.9,58.6,75.6,6.8,10.9,101.1,14.47
2023,Season A,November,Nyamata,Maize,1.16,0.86,86.0,Flat,Local Variety,No,None,0.0,Yes,Maize,Medium,Adequate,Yes,No,18.2,Clay Soil,7.13,3.1,78.0,26.2,250.6,23.6,94.6,82.1,6.5,10.9,120.5,12.79
2024,Season B,March,Gashora,Maize,0.52,0.38,38.0,Hillside,Improved (WH507),Partial,Inorganic (NPK),37.8,No,Cassava,Medium,Limited,Yes,Yes,11.3,Loam,6.55,1.85,48.3,23.0,192.0,20.9,100.7,72.4,6.9,11.2,108.4,17.28
2020,Season B,June,Shyara,Beans,0.52,0.33,33.0,Hillside,Improved (RWR 2245),Yes,Inorganic (NPK),98.0,No,Rice,Medium,Adequate,No,Yes,17.6,Sandy Loam,6.08,2.24,51.8,20.0,273.4,22.9,22.7,77.9,8.7,12.0,128.2,9.48
2021,Season A,October,Mareba,Rice,1.37,1.3,130.0,Valley,Local Variety,Yes,Organic (Compost),0.0,No,Maize,High,Adequate,Yes,Yes,20.5,Sandy Loam,7.1,3.01,63.4,13.6,216.9,27.6,139.2,78.0,6.4,10.5,103.5,18.74
2023,Season A,September,Ntarama,Beans,0.39,0.37,37.0,Hillside,Improved (RWR 2245),No,None,0.0,Partial,Beans,Medium,Limited,Yes,Yes,10.4,Sandy Soil,7.11,2.93,62.1,6.8,237.1,23.6,108.5,71.8,7.2,13.9,130.8,10.49
2024,Season A,November,Mareba,Rice,1.1,0.8,80.0,Valley,Improved (IR64 / NERICA),Partial,Inorganic (NPK),74.1,Partial,Beans,Low,Sufficient,Yes,No,18.9,Sandy Loam,7.15,3.13,65.7,11.5,237.3,23.1,77.1,78.3,6.5,9.6,108.2,33.65
2022,Season B,June,Rilima,Beans,0.28,0.23,23.0,Flat,Hybrid (MAC 44),No,None,0.0,No,Cassava,Low,Adequate,No,Yes,14.3,Sandy Soil,6.15,1.73,48.4,13.7,218.5,22.3,29.7,71.0,7.4,11.7,114.7,6.09
2020,Season A,January,Musenyi,Rice,2.35,2.09,209.0,Valley,Hybrid (Komboka),No,None,0.0,Yes,Beans,High,Sufficient,Yes,Yes,22.7,Loam,7.05,2.72,47.1,13.8,264.2,21.5,91.8,72.4,7.5,11.9,103.0,22.31
2024,Season B,March,Mayange,Beans,0.76,0.7,70.0,Flat,Improved (RWR 2245),Yes,Organic (Compost),0.0,No,Cassava,Medium,Limited,No,Yes,9.1,Sandy Loam,5.78,2.94,67.5,12.0,192.8,20.4,81.7,80.0,6.9,10.5,127.6,11.82
2023,Season B,April,Musenyi,Beans,1.79,1.3,130.0,Flat,Local Variety,No,None,0.0,Partial,Cassava,Medium,Adequate,Yes,No,21.8,Loam,7.07,2.48,40.6,13.8,256.4,24.0,145.7,74.6,6.6,10.6,115.4,5.91
2021,Season B,May,Shyara,Rice,0.71,0.57,57.0,Valley,Hybrid (Komboka),Yes,Mixed (Organic + Inorganic),99.3,Partial,Rice,Low,Sufficient,No,No,21.9,Sandy Loam,6.19,2.4,59.6,20.4,267.4,24.6,56.7,78.6,6.5,9.8,104.8,24.51
2022,Season A,September,Kamabuye,Maize,0.45,0.4,40.0,Hillside,Improved (WH507),No,None,0.0,No,Maize,Low,Adequate,Yes,Yes,17.7,Clay Soil,6.95,2.27,39.7,20.0,216.3,25.2,66.4,78.5,7.4,11.1,122.7,14.93
2021,Season B,April,Kamabuye,Rice,2.59,2.03,203.0,Valley,Improved (IR64 / NERICA),No,None,0.0,No,Beans,Medium,Adequate,No,No,20.2,Clay Soil,7.08,2.3,44.3,17.5,218.9,22.9,97.6,74.0,6.6,10.4,109.0,27.3
2022,Season A,October,Gashora,Maize,1.06,1.04,104.0,Valley,Improved (WH507),Yes,Inorganic (NPK),203.5,No,Rice,High,Adequate,Yes,No,21.6,Loam,6.47,1.62,48.0,23.0,194.1,25.7,69.5,79.8,6.7,11.8,111.0,15.44
2020,Season A,January,Mareba,Maize,2.18,2.01,201.0,Flat,Improved (WH507),Yes,Mixed (Organic + Inorganic),99.3,No,Beans,High,Adequate,Yes,No,15.0,Sandy Loam,7.18,2.9,63.3,10.9,231.8,22.6,51.0,68.1,7.5,12.1,106.8,17.07
2020,Season A,September,Juru,Maize,1.56,0.97,97.0,Flat,Local Variety,Yes,Inorganic (NPK),130.1,No,Beans,Medium,Sufficient,Yes,No,12.4,Sandy Loam,6.84,2.37,48.2,21.9,179.8,24.1,86.3,76.9,8.5,10.6,98.3,16.5
2022,Season A,September,Ntarama,Beans,2.88,1.85,185.0,Valley,Hybrid (MAC 44),Partial,Inorganic (NPK),62.1,No,Beans,Medium,Adequate,Yes,Yes,9.6,Sandy Soil,7.4,3.01,62.2,9.4,236.4,23.6,87.0,80.2,7.9,11.3,108.4,10.36
2020,Season B,April,Musenyi,Beans,2.5,1.51,151.0,Valley,Improved (RWR 2245),Yes,Mixed (Organic + Inorganic),116.8,No,Maize,Medium,Limited,No,No,15.4,Loam,7.03,2.22,42.7,13.7,244.1,22.4,117.3,73.8,7.3,9.8,103.3,12.05
2022,Season B,May,Gashora,Rice,0.99,0.65,65.0,Valley,Hybrid (Komboka),Yes,Inorganic (NPK),146.6,No,Beans,Low,Limited,Yes,Yes,9.9,Loam,6.6,1.76,43.1,24.3,187.2,23.1,108.3,77.1,6.6,9.8,111.4,25.79
2021,Season B,March,Rweru,Maize,2.29,1.61,161.0,Valley,Hybrid (H614D),Yes,Mixed (Organic + Inorganic),46.1,Partial,Beans,High,Adequate,Yes,Yes,13.6,Clay Soil,7.07,2.71,67.9,10.6,187.7,22.9,120.8,70.1,7.0,11.6,101.0,26.15
2020,Season A,December,Juru,Beans,0.33,0.32,32.0,Valley,Hybrid (MAC 44),Partial,Organic (Compost),38.5,No,Fallow,Medium,Sufficient,Yes,No,19.5,Sandy Loam,6.78,2.57,51.2,23.0,187.8,22.0,85.0,73.0,7.3,12.2,96.8,10.42
2023,Season A,September,Gashora,Maize,0.22,0.21,21.0,Hillside,Improved (WH507),No,None,0.0,Yes,Cassava,Medium,Adequate,Yes,Yes,24.8,Loam,6.44,2.01,46.6,25.2,180.7,23.7,74.4,72.4,6.6,14.4,120.9,17.05
2022,Season A,October,Nyamata,Maize,1.82,1.39,139.0,Valley,Hybrid (H614D),No,None,0.0,No,Fallow,Medium,Sufficient,No,No,14.9,Clay Soil,7.17,2.88,78.1,24.6,254.1,25.2,101.0,82.5,6.8,11.5,91.8,19.55
2020,Season A,January,Musenyi,Beans,2.79,2.58,258.0,Hillside,Hybrid (MAC 44),Yes,Inorganic (NPK),119.2,No,Rice,High,Adequate,No,No,14.6,Loam,7.14,2.17,40.7,14.2,255.4,24.4,69.2,69.3,7.8,11.3,97.5,9.07
2022,Season A,October,Ngeruka,Beans,0.95,0.81,81.0,Flat,Hybrid (MAC 44),No,None,0.0,Yes,Beans,High,Sufficient,No,No,12.9,Loam,7.01,2.61,74.5,20.5,191.8,25.1,110.9,84.3,7.2,9.9,103.3,7.3
2024,Season A,December,Mareba,Beans,0.63,0.54,54.0,Flat,Hybrid (MAC 44),Partial,Inorganic (NPK),35.5,Partial,Beans,Low,Adequate,Yes,No,7.9,Sandy Loam,7.0,3.28,65.0,15.3,241.7,22.3,69.8,78.9,7.0,10.2,109.2,10.51
2022,Season A,October,Ntarama,Rice,2.84,2.62,262.0,Hillside,Local Variety,Partial,Inorganic (NPK),49.2,No,Maize,Medium,Adequate,Yes,No,12.0,Sandy Soil,7.06,2.79,58.8,12.3,251.9,23.9,127.8,83.3,6.9,9.1,113.7,22.28
2023,Season B,February,Musenyi,Rice,0.87,0.7,70.0,Hillside,Improved (IR64 / NERICA),No,None,0.0,No,Rice,Low,Limited,Yes,No,15.5,Loam,7.08,2.3,43.4,15.1,278.5,22.0,61.4,68.1,8.1,11.7,112.2,19.63
2024,Season B,March,Nyamata,Beans,0.81,0.73,73.0,Flat,Local Variety,Partial,Organic (Compost),35.8,No,Maize,Low,Sufficient,No,Yes,9.4,Clay Soil,7.02,3.13,82.3,23.7,242.9,22.1,103.3,73.2,7.6,10.2,118.7,8.05
2022,Season A,December,Mwogo,Rice,1.91,1.49,149.0,Valley,Hybrid (Komboka),No,None,0.0,No,Beans,Low,Adequate,Yes,Yes,10.3,Sandy Soil,6.08,2.01,70.3,21.2,167.4,22.6,81.7,69.8,7.9,12.9,103.9,26.36
2024,Season A,September,Kamabuye,Beans,2.18,1.99,199.0,Hillside,Improved (RWR 2245),Yes,Inorganic (NPK),66.0,Partial,Maize,High,Limited,No,No,25.0,Clay Soil,7.35,2.39,38.5,21.5,219.4,25.0,54.5,61.8,7.2,11.9,110.0,9.66
2022,Season B,June,Mareba,Rice,1.75,1.6,160.0,Flat,Local Variety,No,None,0.0,Yes,Beans,High,Limited,Yes,Yes,11.5,Sandy Loam,7.24,2.82,61.4,11.2,244.8,24.5,22.3,64.9,8.3,11.9,104.0,15.1
2021,Season A,September,Ngeruka,Maize,1.01,0.85,85.0,Flat,Local Variety,Yes,Mixed (Organic + Inorganic),90.1,No,Maize,Medium,Adequate,No,Yes,14.0,Loam,6.95,2.82,73.5,20.2,200.2,25.0,50.1,72.7,7.6,12.6,113.6,12.31
2023,Season B,February,Ruhuha,Maize,2.28,1.47,147.0,Valley,Hybrid (H614D),Partial,Inorganic (NPK),54.6,Partial,Rice,Low,Limited,Yes,No,9.2,Sandy Loam,6.93,2.52,64.7,16.9,180.4,22.7,78.7,69.1,7.6,11.4,124.9,20.36
2024,Season B,March,Shyara,Maize,1.06,0.73,73.0,Hillside,Hybrid (H614D),Yes,Mixed (Organic + Inorganic),128.2,Yes,Beans,High,Sufficient,Yes,No,10.3,Sandy Loam,6.09,2.43,57.0,22.0,272.0,24.6,124.1,69.4,7.4,10.4,99.3,28.22
2021,Season A,November,Gashora,Maize,2.96,2.15,215.0,Flat,Improved (WH507),No,None,0.0,No,Rice,High,Adequate,No,No,23.6,Loam,6.33,2.34,43.6,26.7,177.1,22.9,83.3,83.0,6.9,11.8,93.0,15.01
2020,Season B,February,Rilima,Rice,1.42,1.4,140.0,Flat,Improved (IR64 / NERICA),No,None,0.0,Yes,Maize,Low,Adequate,No,No,24.9,Sandy Soil,6.1,1.86,44.5,14.4,209.1,22.4,89.8,67.2,7.3,10.6,107.6,30.36
2024,Season A,October,Rweru,Beans,0.95,0.59,59.0,Hillside,Hybrid (MAC 44),Yes,Mixed (Organic + Inorganic),110.9,Partial,Beans,Medium,Limited,Yes,Yes,5.7,Clay Soil,7.03,2.31,64.3,14.3,219.5,24.7,132.8,87.3,6.7,10.8,113.8,9.27
2022,Season A,September,Rweru,Rice,0.67,0.51,51.0,Flat,Improved (IR64 / NERICA),Yes,Organic (Compost),0.0,No,Maize,Medium,Adequate,No,Yes,11.5,Clay Soil,7.15,2.88,64.5,11.6,187.4,26.7,81.7,72.8,7.3,10.7,128.5,35.59
2023,Season B,March,Musenyi,Maize,0.17,0.13,13.0,Valley,Improved (WH507),Yes,Mixed (Organic + Inorganic),113.9,Partial,Rice,High,Adequate,Yes,Yes,22.1,Loam,7.1,2.27,39.6,11.2,255.6,21.4,68.4,87.3,6.3,10.4,126.9,17.23
2020,Season B,March,Rilima,Beans,2.38,2.08,208.0,Flat,Hybrid (MAC 44),Yes,Organic (Compost),0.0,No,Cassava,Low,Adequate,Yes,No,13.0,Sandy Soil,6.01,1.97,43.5,20.0,214.2,25.4,84.6,71.6,7.5,9.4,115.4,9.33
2021,Season A,January,Musenyi,Beans,0.51,0.39,39.0,Flat,Improved (RWR 2245),Partial,Inorganic (NPK),11.7,Partial,Beans,High,Adequate,No,Yes,6.9,Loam,7.21,2.62,37.4,15.7,268.2,21.4,91.3,67.4,8.0,11.4,118.9,11.84
2021,Season B,May,Rweru,Beans,0.42,0.39,39.0,Flat,Local Variety,Partial,Inorganic (NPK),32.8,No,Cassava,Medium,Adequate,No,No,21.3,Clay Soil,7.01,2.33,67.7,17.1,191.9,23.4,48.7,78.8,6.8,11.9,93.9,6.48
2021,Season B,May,Musenyi,Rice,2.11,1.45,145.0,Flat,Hybrid (Komboka),No,None,0.0,No,Fallow,Low,Adequate,No,No,8.6,Loam,7.15,2.4,37.3,13.7,260.4,23.2,52.5,71.0,7.0,12.3,105.1,19.77
2022,Season A,September,Rweru,Rice,1.76,1.35,135.0,Flat,Improved (IR64 / NERICA),No,None,0.0,No,Rice,Low,Sufficient,Yes,Yes,16.7,Clay Soil,6.98,2.66,61.9,17.2,196.3,24.3,93.0,73.8,7.4,11.1,120.7,30.93
2021,Season A,October,Nyarugenge,Rice,2.98,2.22,222.0,Flat,Improved (IR64 / NERICA),No,None,0.0,No,Beans,Low,Limited,Yes,Yes,10.5,Clay Soil,6.08,2.15,39.1,21.0,193.1,24.6,114.7,78.1,5.8,11.5,88.5,34.07
2020,Season B,April,Shyara,Maize,1.31,1.02,102.0,Flat,Hybrid (H614D),Yes,Organic (Compost),0.0,No,Beans,Low,Sufficient,Yes,No,17.7,Sandy Loam,5.94,2.3,57.8,21.4,262.2,24.5,71.0,79.3,6.4,9.5,95.8,27.57
2023,Season B,April,Rweru,Beans,2.94,2.91,291.0,Hillside,Local Variety,No,None,0.0,No,Beans,Low,Limited,Yes,No,11.3,Clay Soil,7.0,2.55,65.7,14.3,178.9,25.4,143.9,74.9,6.5,11.4,101.4,4.8
2022,Season B,April,Ngeruka,Beans,0.46,0.3,30.0,Valley,Local Variety,Partial,Inorganic (NPK),17.0,Partial,Rice,Low,Adequate,Yes,No,5.6,Loam,6.77,2.79,76.1,23.4,197.8,21.9,65.6,87.1,7.4,11.4,110.1,7.83
2020,Season B,April,Ruhuha,Beans,2.31,1.67,167.0,Hillside,Improved (RWR 2245),Yes,Mixed (Organic + Inorganic),218.8,Partial,Beans,Low,Adequate,Yes,Yes,21.3,Sandy Loam,7.04,2.62,63.6,18.6,180.7,22.3,84.3,74.1,6.9,10.4,116.2,14.7
2021,Season B,April,Shyara,Rice,0.83,0.8,80.0,Flat,Local Variety,Yes,Inorganic (NPK),107.4,No,Beans,Low,Limited,Yes,No,19.0,Sandy Loam,5.99,2.6,56.4,19.3,258.9,24.9,76.1,82.3,7.7,9.4,116.6,18.28
2022,Season A,November,Nyamata,Maize,2.57,1.77,177.0,Flat,Improved (WH507),Partial,Inorganic (NPK),75.6,No,Maize,Low,Limited,No,No,5.1,Clay Soil,7.19,3.1,76.8,24.5,262.3,23.1,136.5,73.0,6.8,10.6,98.2,15.66
2024,Season A,January,Rilima,Maize,1.27,1.25,125.0,Hillside,Local Variety,Yes,Inorganic (NPK),113.3,No,Rice,High,Sufficient,Yes,Yes,6.0,Sandy Soil,6.22,1.75,48.0,17.7,209.6,23.9,69.5,76.1,7.4,10.1,97.5,12.82
2024,Season B,April,Ruhuha,Beans,1.52,1.29,129.0,Valley,Hybrid (MAC 44),Yes,Mixed (Organic + Inorganic),170.1,No,Maize,Medium,Adequate,No,Yes,21.6,Sandy Loam,7.01,2.59,65.0,18.3,181.5,20.8,111.5,88.3,6.9,9.2,118.0,9.13
2024,Season A,January,Gashora,Beans,1.11,0.9,90.0,Valley,Improved (RWR 2245),Partial,Inorganic (NPK),75.7,Partial,Maize,Low,Adequate,Yes,Yes,22.3,Loam,6.51,2.0,49.0,23.5,188.9,23.5,80.1,69.7,8.8,9.5,94.2,15.22
2023,Season A,September,Mwogo,Maize,2.81,2.71,271.0,Flat,Hybrid (H614D),No,None,0.0,No,Cassava,High,Sufficient,Yes,Yes,9.9,Sandy Soil,6.1,2.23,66.4,21.0,148.6,23.6,75.5,78.6,8.4,10.7,116.2,19.14
2021,Season A,December,Mareba,Rice,0.84,0.77,77.0,Valley,Improved (IR64 / NERICA),No,None,0.0,No,Cassava,High,Sufficient,No,No,22.3,Sandy Loam,7.05,2.68,60.0,13.5,228.5,21.9,115.7,63.4,6.8,13.4,118.0,29.26
2020,Season A,January,Musenyi,Beans,1.64,1.44,144.0,Flat,Hybrid (MAC 44),Partial,Organic (Compost),10.4,Yes,Beans,Low,Sufficient,Yes,Yes,22.4,Loam,7.18,2.59,45.3,13.8,247.1,22.4,47.3,75.1,7.8,12.6,105.8,8.14
2020,Season A,January,Ruhuha,Beans,0.23,0.17,17.0,Flat,Hybrid (MAC 44),Yes,Inorganic (NPK),241.2,No,Beans,Low,Sufficient,Yes,No,23.5,Sandy Loam,7.14,2.39,62.6,19.3,181.6,20.9,80.9,74.0,7.8,11.7,113.9,10.32
2024,Season A,October,Nyarugenge,Beans,0.16,0.12,12.0,Hillside,Hybrid (MAC 44),No,None,0.0,No,Maize,Low,Limited,No,No,13.4,Clay Soil,6.2,2.02,42.8,21.9,200.6,23.6,135.5,83.4,6.1,10.7,103.1,8.7
2022,Season A,January,Gashora,Beans,1.3,0.8,80.0,Valley,Hybrid (MAC 44),Yes,Organic (Compost),0.0,No,Maize,Low,Adequate,Yes,Yes,18.5,Loam,6.47,2.0,48.5,24.7,202.3,22.5,67.6,66.8,7.6,11.4,95.4,12.54
2021,Season B,February,Mwogo,Maize,2.54,1.77,177.0,Flat,Hybrid (H614D),No,None,0.0,No,Beans,High,Adequate,Yes,Yes,10.3,Sandy Soil,6.03,2.22,66.6,22.2,156.2,23.5,44.5,78.8,7.7,9.5,94.6,16.96
2022,Season A,November,Rweru,Rice,0.4,0.31,31.0,Flat,Hybrid (Komboka),No,None,0.0,No,Maize,Low,Sufficient,Yes,No,11.6,Clay Soil,7.03,2.53,62.5,12.6,186.9,22.8,118.5,77.6,7.1,10.5,90.5,25.26
2023,Season B,April,Mareba,Rice,0.89,0.68,68.0,Valley,Local Variety,No,None,0.0,Yes,Beans,Medium,Adequate,No,No,10.5,Sandy Loam,7.12,2.84,59.2,14.0,229.7,25.8,89.6,74.0,7.0,9.5,104.4,18.72
2020,Season B,April,Rilima,Beans,2.18,1.43,143.0,Hillside,Hybrid (MAC 44),No,None,0.0,No,Beans,Medium,Limited,Yes,Yes,13.8,Sandy Soil,6.17,1.99,35.6,13.5,213.4,23.4,88.6,78.2,7.1,9.2,97.1,7.36
2024,Season A,September,Kamabuye,Beans,2.79,2.68,268.0,Valley,Hybrid (MAC 44),Yes,Mixed (Organic + Inorganic),186.5,Partial,Rice,Medium,Sufficient,No,No,11.9,Clay Soil,7.17,2.37,40.2,18.6,219.4,24.8,58.7,77.0,7.4,12.0,98.5,10.25
2024,Season B,May,Mayange,Rice,1.09,0.73,73.0,Hillside,Hybrid (Komboka),Partial,Organic (Compost),48.7,No,Cassava,Medium,Sufficient,Yes,No,10.6,Sandy Loam,5.93,2.68,57.7,12.2,205.5,22.4,66.3,82.2,7.1,9.7,96.0,20.93
2020,Season A,October,Mwogo,Beans,2.82,1.81,181.0,Valley,Local Variety,Partial,Organic (Compost),25.1,No,Cassava,Medium,Adequate,No,No,20.0,Sandy Soil,6.06,2.03,69.0,18.7,158.8,23.4,116.8,77.6,7.0,9.0,105.3,6.54
2023,Season A,October,Gashora,Rice,2.85,2.22,222.0,Hillside,Local Variety,No,None,0.0,No,Beans,Low,Sufficient,Yes,Yes,18.6,Loam,6.55,2.25,52.1,20.5,201.2,22.8,144.2,78.9,6.7,10.5,108.6,22.37
2022,Season B,June,Rilima,Rice,0.25,0.21,21.0,Flat,Improved (IR64 / NERICA),No,None,0.0,Yes,Beans,Medium,Adequate,Yes,Yes,17.4,Sandy Soil,6.29,1.83,41.7,18.4,209.9,22.4,41.3,67.0,7.3,13.8,125.6,29.57
2021,Season B,April,Juru,Rice,0.36,0.24,24.0,Flat,Hybrid (Komboka),Yes,Organic (Compost),0.0,Partial,Beans,Medium,Adequate,Yes,No,11.6,Sandy Loam,6.89,2.78,51.5,21.9,160.4,23.4,136.4,73.4,6.9,10.6,103.5,29.66
2021,Season B,April,Mwogo,Maize,0.49,0.47,47.0,Flat,Improved (WH507),Yes,Inorganic (NPK),157.0,Yes,Beans,Low,Sufficient,No,No,7.6,Sandy Soil,5.83,2.19,68.2,19.0,168.3,24.6,142.8,82.5,7.0,8.3,115.0,21.22
2022,Season B,May,Juru,Beans,1.28,0.97,97.0,Flat,Improved (RWR 2245),No,None,0.0,No,Beans,Medium,Limited,Yes,No,6.2,Sandy Loam,6.94,2.5,45.0,24.1,185.3,22.5,48.6,77.2,6.2,11.5,111.6,10.69
2024,Season B,March,Shyara,Maize,2.79,2.1,210.0,Valley,Local Variety,Yes,Organic (Compost),0.0,Partial,Maize,Low,Limited,Yes,No,22.7,Sandy Loam,6.16,2.34,56.6,18.9,274.2,24.5,76.2,70.8,7.4,12.3,105.3,12.36
2024,Season A,January,Rilima,Beans,2.04,1.44,144.0,Hillside,Hybrid (MAC 44),Yes,Inorganic (NPK),191.6,Yes,Beans,Low,Adequate,No,No,23.0,Sandy Soil,6.05,1.81,44.3,15.8,205.6,23.5,52.4,77.9,8.5,11.6,92.9,10.48
2023,Season A,January,Ruhuha,Maize,0.89,0.83,83.0,Flat,Improved (WH507),Partial,Inorganic (NPK),66.2,Yes,Cassava,Medium,Adequate,Yes,No,19.1,Sandy Loam,6.95,2.47,58.7,15.6,192.5,23.5,43.5,75.8,7.4,10.9,119.8,16.88
2020,Season B,March,Ngeruka,Maize,0.5,0.37,37.0,Valley,Local Variety,No,None,0.0,Partial,Rice,High,Sufficient,Yes,Yes,6.9,Loam,6.93,2.73,74.9,18.6,210.9,21.4,83.5,82.0,7.5,11.1,125.0,11.04
2020,Season B,April,Musenyi,Maize,1.44,1.15,115.0,Valley,Improved (WH507),Yes,Mixed (Organic + Inorganic),87.7,Yes,Maize,Low,Sufficient,Yes,No,8.1,Loam,7.09,2.66,49.4,14.2,261.3,25.2,122.8,76.7,6.9,9.6,109.1,19.1
2021,Season A,September,Juru,Rice,1.89,1.59,159.0,Flat,Improved (IR64 / NERICA),No,None,0.0,No,Beans,Medium,Adequate,Yes,No,14.7,Sandy Loam,6.82,2.84,48.0,26.1,179.3,22.8,94.1,68.9,7.3,11.0,130.9,31.64
2021,Season A,January,Nyamata,Beans,0.35,0.21,21.0,Flat,Improved (RWR 2245),No,None,0.0,No,Fallow,High,Sufficient,Yes,No,17.8,Clay Soil,7.21,2.9,77.7,21.1,258.1,20.9,70.7,72.7,7.7,12.2,113.5,11.37
2024,Season B,April,Rweru,Rice,0.17,0.13,13.0,Valley,Improved (IR64 / NERICA),Partial,Organic (Compost),55.8,Partial,Beans,Low,Adequate,No,No,9.3,Clay Soil,6.85,2.73,65.0,12.6,182.4,23.3,141.2,73.7,6.7,10.6,100.9,37.97
2022,Season A,September,Gashora,Maize,1.85,1.33,133.0,Flat,Improved (WH507),No,None,0.0,Yes,Maize,Low,Adequate,No,Yes,6.6,Loam,6.51,2.11,53.3,25.2,188.4,21.5,76.4,76.9,7.7,11.3,123.7,17.8
2021,Season B,May,Nyamata,Rice,1.08,0.65,65.0,Valley,Improved (IR64 / NERICA),Yes,Mixed (Organic + Inorganic),183.1,No,Maize,Medium,Sufficient,No,Yes,10.3,Clay Soil,7.03,3.42,77.7,25.4,252.0,23.2,52.8,71.6,6.9,8.8,118.3,30.7
2021,Season A,November,Ruhuha,Maize,0.4,0.37,37.0,Hillside,Hybrid (H614D),Yes,Inorganic (NPK),61.9,No,Beans,Low,Adequate,No,No,19.9,Sandy Loam,6.91,2.27,53.6,18.3,192.2,24.2,78.0,80.4,7.7,10.4,116.5,28.67
2020,Season A,October,Gashora,Rice,2.84,2.78,278.0,Valley,Improved (IR64 / NERICA),Yes,Inorganic (NPK),134.9,Yes,Fallow,High,Adequate,Yes,Yes,23.6,Loam,6.42,1.91,50.4,27.6,187.2,22.9,133.7,85.5,6.9,9.6,96.4,36.73
2020,Season A,December,Kamabuye,Rice,0.93,0.64,64.0,Valley,Improved (IR64 / NERICA),Partial,Inorganic (NPK),25.5,No,Fallow,Low,Sufficient,Yes,Yes,20.6,Clay Soil,7.12,2.16,40.3,18.4,224.1,21.8,108.5,82.0,7.1,11.5,101.1,34.87
2024,Season B,June,Gashora,Beans,2.89,2.24,224.0,Valley,Hybrid (MAC 44),No,None,0.0,No,Cassava,Medium,Limited,No,No,8.0,Loam,6.43,1.98,48.1,21.3,189.5,23.9,26.5,68.5,7.2,11.7,109.3,5.48
2021,Season A,November,Ntarama,Beans,1.83,1.7,170.0,Flat,Hybrid (MAC 44),Yes,Mixed (Organic + Inorganic),236.0,Yes,Cassava,High,Limited,Yes,No,12.9,Sandy Soil,7.33,2.92,60.3,16.3,248.3,22.5,84.6,78.4,7.4,10.8,110.9,9.81
2021,Season B,May,Ruhuha,Beans,2.01,1.56,156.0,Valley,Improved (RWR 2245),Partial,Organic (Compost),17.2,Partial,Maize,Medium,Sufficient,No,No,16.1,Sandy Loam,7.24,2.25,58.9,19.1,203.4,23.3,60.2,86.3,6.8,11.2,89.0,11.76
2023,Season B,March,Rilima,Beans,2.63,2.49,249.0,Flat,Hybrid (MAC 44),Yes,Mixed (Organic + Inorganic),42.5,No,Beans,Medium,Limited,Yes,No,20.6,Sandy Soil,6.05,1.61,45.4,15.8,206.3,22.4,77.7,85.6,7.4,11.7,122.0,9.19
2023,Season A,December,Juru,Beans,1.78,1.15,115.0,Flat,Hybrid (MAC 44),Partial,Organic (Compost),43.6,Yes,Maize,High,Sufficient,Yes,Yes,14.3,Sandy Loam,6.83,2.59,47.2,24.2,170.0,24.2,84.4,79.1,8.1,10.9,108.8,10.15
2021,Season B,May,Juru,Beans,2.46,1.85,185.0,Valley,Improved (RWR 2245),No,None,0.0,No,Maize,Low,Sufficient,Yes,No,15.1,Sandy Loam,6.91,2.48,46.6,28.0,160.2,23.8,76.3,71.6,6.4,8.7,116.2,12.77
2023,Season A,October,Shyara,Maize,0.97,0.76,76.0,Flat,Improved (WH507),No,None,0.0,Partial,Rice,Low,Sufficient,Yes,No,9.9,Sandy Loam,6.25,2.18,59.5,24.0,261.5,22.8,143.6,84.4,6.5,10.3,105.5,18.15
2020,Season A,September,Gashora,Maize,1.24,1.01,101.0,Valley,Improved (WH507),Partial,Inorganic (NPK),33.3,No,Rice,Low,Limited,Yes,No,16.5,Loam,6.54,2.35,48.9,24.2,184.4,25.4,109.1,78.1,7.9,11.1,103.9,18.34
2020,Season B,February,Juru,Maize,0.16,0.11,11.0,Flat,Improved (WH507),No,None,0.0,No,Rice,Medium,Adequate,Yes,No,15.8,Sandy Loam,7.1,2.63,47.8,22.3,166.6,23.4,62.4,71.5,7.6,10.8,99.7,14.44
2021,Season B,February,Ngeruka,Beans,1.5,1.11,111.0,Flat,Hybrid (MAC 44),Yes,Organic (Compost),0.0,Partial,Rice,Low,Adequate,Yes,No,17.4,Loam,7.22,2.68,74.5,17.4,181.8,21.6,82.8,76.4,6.7,12.2,107.9,11.29
2023,Season A,December,Nyarugenge,Maize,0.42,0.3,30.0,Valley,Improved (WH507),No,None,0.0,Yes,Beans,Medium,Limited,Yes,No,5.8,Clay Soil,5.91,2.37,36.9,23.2,186.6,23.1,61.1,78.6,7.7,12.4,108.6,17.86
2022,Season B,June,Gashora,Maize,1.0,0.7,70.0,Flat,Improved (WH507),Yes,Mixed (Organic + Inorganic),206.4,No,Beans,High,Limited,Yes,No,15.1,Loam,6.52,2.12,47.8,27.2,183.2,22.6,36.5,63.7,7.5,12.1,128.5,13.66
2021,Season B,April,Musenyi,Maize,0.66,0.46,46.0,Flat,Improved (WH507),No,None,0.0,No,Beans,Low,Adequate,No,Yes,18.6,Loam,7.07,2.66,44.5,13.2,255.0,24.6,106.0,76.6,6.3,10.8,105.4,17.42
2020,Season A,December,Musenyi,Maize,0.56,0.35,35.0,Valley,Improved (WH507),Yes,Mixed (Organic + Inorganic),97.9,Yes,Maize,High,Adequate,No,No,8.2,Loam,6.85,2.62,44.3,17.5,257.1,22.1,104.5,82.4,8.4,11.4,105.6,18.4
2020,Season A,October,Shyara,Beans,0.86,0.53,53.0,Flat,Improved (RWR 2245),Yes,Inorganic (NPK),24.5,No,Fallow,Medium,Adequate,Yes,No,16.8,Sandy Loam,6.13,2.25,56.7,21.1,278.5,24.8,148.6,80.0,6.1,8.3,104.6,13.66
2024,Season B,February,Rweru,Maize,1.81,1.61,161.0,Hillside,Local Variety,Partial,Organic (Compost),49.4,No,Beans,Low,Sufficient,Yes,Yes,19.5,Clay Soil,7.05,2.33,62.9,9.2,201.6,23.0,45.1,77.8,8.8,11.0,95.6,12.7
2020,Season B,April,Nyamata,Maize,1.17,0.74,74.0,Flat,Local Variety,No,None,0.0,Yes,Rice,Low,Adequate,No,Yes,10.3,Clay Soil,7.18,3.2,75.0,22.5,252.4,24.1,129.6,85.1,6.7,9.2,101.3,12.43
2023,Season B,April,Rweru,Beans,2.02,1.79,179.0,Valley,Hybrid (MAC 44),No,None,0.0,No,Maize,Low,Limited,Yes,No,24.5,Clay Soil,7.01,2.79,64.0,11.0,187.2,24.0,147.5,76.7,7.2,10.0,114.6,7.74
2023,Season B,May,Mayange,Beans,1.54,1.25,125.0,Flat,Improved (RWR 2245),Partial,Organic (Compost),20.3,No,Fallow,Medium,Limited,Yes,Yes,22.0,Sandy Loam,6.16,2.9,71.4,13.4,198.7,22.4,71.4,73.2,7.2,10.9,96.8,12.65
2022,Season B,April,Kamabuye,Maize,0.19,0.17,17.0,Valley,Improved (WH507),Yes,Mixed (Organic + Inorganic),57.6,No,Cassava,Low,Adequate,Yes,No,9.3,Clay Soil,7.13,2.41,39.9,16.7,196.5,22.8,130.7,78.0,7.5,9.9,118.8,18.74
2021,Season B,March,Ntarama,Rice,0.13,0.13,13.0,Valley,Improved (IR64 / NERICA),No,None,0.0,Partial,Maize,Medium,Adequate,Yes,No,7.4,Sandy Soil,7.01,2.7,59.7,9.3,245.3,21.8,110.7,73.4,7.3,11.8,109.0,31.71
2024,Season A,January,Mayange,Beans,2.27,2.1,210.0,Valley,Improved (RWR 2245),Partial,Inorganic (NPK),26.0,No,Beans,High,Sufficient,No,Yes,21.1,Sandy Loam,6.18,2.99,62.5,10.4,209.1,22.7,60.0,69.9,7.2,11.1,92.4,11.31
2022,Season B,February,Mareba,Maize,0.19,0.14,14.0,Flat,Improved (WH507),No,None,0.0,No,Cassava,Low,Adequate,Yes,No,21.7,Sandy Loam,7.23,2.89,61.6,10.2,234.9,23.2,56.8,70.6,8.3,12.7,105.8,14.19
2021,Season B,May,Nyarugenge,Rice,1.67,1.4,140.0,Valley,Hybrid (Komboka),Partial,Organic (Compost),65.1,No,Maize,Low,Adequate,Yes,Yes,18.5,Clay Soil,6.1,2.3,39.2,24.2,189.8,24.0,97.5,74.8,6.9,9.3,102.5,25.2
2020,Season A,November,Rweru,Beans,0.19,0.14,14.0,Flat,Improved (RWR 2245),Partial,Inorganic (NPK),27.7,No,Beans,Low,Adequate,No,Yes,23.7,Clay Soil,7.05,2.41,64.5,11.0,195.6,21.7,93.2,84.9,6.9,10.6,90.6,12.93
2024,Season B,April,Shyara,Beans,2.18,1.94,194.0,Flat,Improved (RWR 2245),Yes,Inorganic (NPK),121.8,No,Rice,Low,Limited,No,No,19.6,Sandy Loam,6.03,2.27,53.7,22.1,271.4,23.0,113.6,74.2,6.9,10.8,98.8,12.59
2024,Season B,April,Shyara,Rice,2.91,2.78,278.0,Valley,Local Variety,Yes,Inorganic (NPK),61.5,Yes,Fallow,Medium,Adequate,No,No,7.0,Sandy Loam,6.15,2.26,57.6,18.0,259.3,24.0,120.5,83.8,7.3,9.6,100.1,24.98
2022,Season A,January,Ruhuha,Rice,0.14,0.12,12.0,Flat,Hybrid (Komboka),Partial,Organic (Compost),71.9,No,Beans,Low,Adequate,Yes,No,24.2,Sandy Loam,7.08,2.61,66.4,18.0,179.7,21.8,47.2,77.5,8.7,12.3,105.6,23.83
2020,Season B,March,Mwogo,Beans,1.13,0.75,75.0,Flat,Improved (RWR 2245),Partial,Inorganic (NPK),69.1,No,Fallow,High,Limited,No,No,17.4,Sandy Soil,5.87,1.97,64.1,21.7,158.1,24.2,104.2,81.3,7.1,10.2,97.5,10.25
2020,Season B,May,Mareba,Beans,1.05,0.7,70.0,Valley,Local Variety,No,None,0.0,Yes,Maize,High,Sufficient,Yes,Yes,9.4,Sandy Loam,7.04,3.05,62.7,9.8,243.2,22.8,98.2,85.3,7.3,9.9,102.8,5.75
2022,Season A,November,Musenyi,Rice,2.45,1.74,174.0,Flat,Improved (IR64 / NERICA),Partial,Organic (Compost),11.3,Yes,Maize,Medium,Adequate,Yes,No,15.8,Loam,7.09,2.45,37.5,12.8,248.3,23.1,103.4,73.9,7.3,9.4,105.8,35.78
2022,Season A,November,Kamabuye,Beans,0.53,0.39,39.0,Valley,Improved (RWR 2245),No,None,0.0,Partial,Beans,Medium,Limited,Yes,Yes,24.5,Clay Soil,7.09,2.41,45.0,18.1,203.6,21.8,128.8,67.4,6.6,11.8,110.0,10.46
2021,Season A,December,Musenyi,Maize,0.15,0.11,11.0,Flat,Improved (WH507),Yes,Mixed (Organic + Inorganic),115.0,Yes,Cassava,Low,Sufficient,Yes,No,8.5,Loam,7.1,2.18,40.4,17.3,254.7,23.0,60.6,73.3,7.0,10.3,124.7,21.85
2023,Season A,November,Rilima,Rice,2.11,1.61,161.0,Flat,Improved (IR64 / NERICA),Yes,Inorganic (NPK),184.4,No,Maize,Medium,Limited,Yes,No,21.6,Sandy Soil,6.19,2.06,40.2,16.4,221.8,22.9,69.7,81.4,5.8,9.5,89.7,27.59
2024,Season A,December,Gashora,Rice,1.87,1.45,145.0,Flat,Improved (IR64 / NERICA),No,None,0.0,No,Beans,Low,Sufficient,No,No,24.5,Loam,6.5,2.1,55.1,22.4,200.0,23.9,84.3,75.9,7.0,11.3,109.7,32.09
2022,Season B,June,Nyarugenge,Rice,2.62,1.78,178.0,Flat,Hybrid (Komboka),Yes,Mixed (Organic + Inorganic),170.3,Yes,Rice,Low,Sufficient,Yes,No,21.1,Clay Soil,5.95,2.36,40.4,18.5,179.7,23.3,22.9,68.4,8.2,11.4,104.4,26.59
2022,Season A,January,Musenyi,Beans,2.71,1.86,186.0,Flat,Improved (RWR 2245),No,None,0.0,No,Beans,Low,Adequate,No,No,7.1,Loam,6.95,2.18,42.4,13.3,245.6,20.7,85.0,69.9,7.4,12.5,113.9,11.5
2020,Season A,January,Ngeruka,Maize,0.22,0.14,14.0,Hillside,Hybrid (H614D),Yes,Inorganic (NPK),235.2,No,Maize,Low,Adequate,No,No,8.7,Loam,7.03,2.56,75.9,22.4,191.3,23.8,53.6,75.6,8.1,12.5,104.2,21.05
2021,Season A,October,Mwogo,Beans,2.65,2.55,255.0,Flat,Improved (RWR 2245),No,None,0.0,No,Rice,Medium,Sufficient,Yes,No,17.4,Sandy Soil,6.17,1.98,64.0,22.4,177.8,23.5,85.7,82.8,6.4,8.9,92.4,12.63
2023,Season A,September,Rweru,Maize,0.28,0.18,18.0,Valley,Improved (WH507),Partial,Inorganic (NPK),77.1,No,Beans,Medium,Sufficient,Yes,Yes,21.1,Clay Soil,6.96,2.69,60.2,12.9,204.2,26.2,73.8,64.5,6.7,11.3,98.6,17.73
2022,Season B,June,Juru,Beans,1.45,0.99,99.0,Flat,Local Variety,Partial,Organic (Compost),14.0,No,Maize,Low,Adequate,No,No,13.7,Sandy Loam,6.95,2.71,46.6,24.1,163.7,24.0,31.3,67.0,8.0,12.9,117.1,4.72
2021,Season A,January,Musenyi,Beans,0.14,0.11,11.0,Valley,Hybrid (MAC 44),Yes,Inorganic (NPK),195.9,Partial,Beans,Medium,Limited,No,Yes,5.8,Loam,7.02,2.36,40.1,12.2,249.7,23.0,69.5,70.3,8.2,12.0,111.3,9.84
2021,Season B,June,Mwogo,Maize,2.26,1.49,149.0,Hillside,Improved (WH507),No,None,0.0,Partial,Beans,Low,Adequate,Yes,No,17.0,Sandy Soil,6.07,1.94,72.7,22.4,157.2,22.1,40.6,68.3,8.2,14.0,114.0,15.48
2021,Season A,January,Musenyi,Maize,1.52,0.98,98.0,Flat,Improved (WH507),Yes,Inorganic (NPK),191.9,Yes,Cassava,Low,Sufficient,No,No,22.3,Loam,7.23,2.56,40.0,14.5,257.3,21.2,62.1,65.8,7.9,12.3,111.5,21.43
2020,Season B,April,Gashora,Beans,2.93,2.18,218.0,Flat,Hybrid (MAC 44),No,None,0.0,No,Beans,Low,Limited,Yes,No,17.4,Loam,6.48,2.16,48.7,25.9,183.9,23.8,139.9,70.4,7.7,10.0,121.1,8.15
2021,Season B,February,Juru,Maize,0.21,0.19,19.0,Flat,Improved (WH507),Yes,Mixed (Organic + Inorganic),151.7,Partial,Cassava,Low,Adequate,Yes,Yes,23.6,Sandy Loam,7.15,2.73,46.3,26.5,163.4,21.9,64.8,72.0,7.2,11.3,116.4,19.34
2020,Season A,December,Nyamata,Beans,0.63,0.47,47.0,Flat,Improved (RWR 2245),No,None,0.0,No,Beans,Medium,Limited,Yes,Yes,15.8,Clay Soil,7.08,3.18,74.6,27.1,261.8,21.8,98.9,78.9,8.3,11.6,106.6,10.95
2021,Season A,December,Nyamata,Beans,0.46,0.29,29.0,Hillside,Local Variety,Partial,Inorganic (NPK),55.7,Partial,Beans,Medium,Adequate,Yes,No,21.8,Clay Soil,7.22,3.18,83.2,23.1,269.0,23.9,113.8,71.4,7.6,11.7,99.6,6.19
2022,Season B,May,Ntarama,Beans,2.34,1.66,166.0,Hillside,Local Variety,No,None,0.0,Partial,Rice,Low,Sufficient,Yes,No,13.3,Sandy Soil,7.07,2.82,57.8,9.7,235.3,23.3,56.9,82.2,7.2,12.3,93.3,6.02
2021,Season B,May,Juru,Maize,1.39,0.85,85.0,Flat,Improved (WH507),No,None,0.0,Yes,Rice,Low,Adequate,Yes,Yes,14.1,Sandy Loam,6.9,2.51,45.7,25.8,171.1,22.6,85.6,72.7,7.3,10.3,108.0,18.65
2024,Season B,May,Kamabuye,Rice,2.51,2.17,217.0,Valley,Improved (IR64 / NERICA),Yes,Organic (Compost),0.0,No,Maize,High,Sufficient,No,No,21.2,Clay Soil,7.15,2.34,40.8,18.6,197.9,24.2,70.2,74.2,7.7,10.7,98.3,22.11
2023,Season B,June,Nyarugenge,Maize,0.22,0.17,17.0,Valley,Local Variety,No,None,0.0,No,Maize,Low,Adequate,Yes,No,12.6,Clay Soil,6.03,2.47,43.6,27.5,205.7,23.3,31.5,69.5,7.8,12.3,102.2,8.34
2020,Season B,June,Mayange,Maize,1.81,1.4,140.0,Hillside,Hybrid (H614D),Partial,Organic (Compost),37.7,No,Rice,Medium,Sufficient,No,No,19.5,Sandy Loam,6.12,2.7,68.1,12.2,193.9,22.2,23.9,70.2,8.0,12.1,115.4,17.94
2021,Season B,February,Shyara,Rice,1.57,1.07,107.0,Flat,Improved (IR64 / NERICA),Yes,Mixed (Organic + Inorganic),159.5,Yes,Fallow,Medium,Adequate,Yes,No,5.2,Sandy Loam,6.13,2.55,52.6,17.0,269.8,20.4,94.6,75.4,8.4,11.4,116.2,35.52
2022,Season A,January,Mayange,Maize,0.51,0.32,32.0,Flat,Hybrid (H614D),No,None,0.0,No,Maize,Medium,Adequate,Yes,Yes,16.9,Sandy Loam,6.1,3.01,62.4,13.0,210.1,22.0,90.8,70.8,7.5,12.2,96.2,22.55
2023,Season A,January,Mayange,Beans,0.97,0.67,67.0,Hillside,Improved (RWR 2245),Yes,Organic (Compost),0.0,Yes,Beans,Low,Limited,Yes,Yes,15.9,Sandy Loam,6.1,2.91,60.9,11.2,210.4,23.8,61.1,74.3,8.1,11.2,101.4,12.1
2021,Season B,March,Ntarama,Maize,2.54,2.44,244.0,Flat,Improved (WH507),No,None,0.0,Partial,Fallow,Low,Sufficient,Yes,No,14.0,Sandy Soil,7.22,3.14,57.4,11.5,256.7,21.7,113.0,77.5,7.0,11.3,98.4,16.1
2020,Season B,May,Juru,Beans,1.47,1.15,115.0,Flat,Hybrid (MAC 44),Partial,Inorganic (NPK),41.3,Yes,Beans,Low,Adequate,Yes,No,15.4,Sandy Loam,7.02,2.24,46.1,21.3,160.9,22.9,81.3,82.8,7.3,10.9,88.9,11.41
2020,Season B,May,Mayange,Rice,1.86,1.48,148.0,Hillside,Hybrid (Komboka),Yes,Organic (Compost),0.0,No,Beans,Medium,Sufficient,Yes,No,7.6,Sandy Loam,5.98,2.7,59.0,11.5,203.7,23.4,71.2,86.7,6.5,9.8,118.0,23.96
2023,Season A,September,Shyara,Rice,1.94,1.17,117.0,Valley,Hybrid (Komboka),No,None,0.0,No,Maize,High,Limited,No,Yes,13.6,Sandy Loam,6.04,2.09,56.4,19.1,273.2,23.5,72.9,78.8,7.3,12.4,114.5,16.9
2021,Season B,June,Mayange,Rice,1.78,1.72,172.0,Valley,Improved (IR64 / NERICA),Yes,Inorganic (NPK),120.1,No,Rice,High,Adequate,Yes,Yes,5.7,Sandy Loam,5.89,2.86,66.3,15.1,198.5,24.3,28.4,65.6,7.4,12.1,130.6,23.8
2021,Season A,January,Nyarugenge,Beans,1.3,1.22,122.0,Hillside,Improved (RWR 2245),No,None,0.0,Yes,Cassava,Low,Sufficient,Yes,No,9.4,Clay Soil,6.4,2.24,36.9,21.7,201.2,22.4,43.0,71.1,8.3,9.8,101.3,11.11
2021,Season B,June,Mayange,Maize,1.36,0.98,98.0,Flat,Hybrid (H614D),No,None,0.0,No,Beans,Low,Adequate,No,No,14.3,Sandy Loam,6.11,2.74,63.1,13.2,203.8,23.8,24.0,72.4,8.4,12.5,101.2,17.03
2024,Season B,June,Mareba,Maize,1.86,1.35,135.0,Hillside,Improved (WH507),Partial,Inorganic (NPK),62.9,Yes,Cassava,Low,Adequate,Yes,Yes,18.7,Sandy Loam,7.18,3.04,64.4,10.0,227.5,22.7,46.3,69.0,8.1,12.0,116.0,16.51
2022,Season B,June,Mwogo,Rice,0.65,0.6,60.0,Valley,Improved (IR64 / NERICA),Yes,Mixed (Organic + Inorganic),215.4,No,Cassava,High,Sufficient,Yes,Yes,17.2,Sandy Soil,6.12,2.07,70.0,19.8,172.9,23.8,26.9,68.8,8.8,13.0,110.7,25.86
2023,Season B,February,Shyara,Maize,2.1,1.38,138.0,Flat,Hybrid (H614D),Partial,Organic (Compost),36.9,Yes,Beans,Low,Adequate,Yes,No,14.2,Sandy Loam,5.95,2.08,57.6,16.9,269.5,23.5,49.9,71.5,7.6,11.2,122.8,24.78
2022,Season B,April,Mayange,Rice,2.55,1.82,182.0,Valley,Local Variety,No,None,0.0,Yes,Maize,Low,Adequate,Yes,No,19.7,Sandy Loam,5.96,2.61,63.9,12.3,184.5,25.7,117.0,82.3,7.6,11.3,109.8,22.47
2021,Season B,May,Juru,Maize,1.98,1.93,193.0,Valley,Local Variety,Yes,Mixed (Organic + Inorganic),24.9,Partial,Maize,Low,Adequate,No,Yes,20.3,Sandy Loam,6.87,2.72,49.0,25.1,183.7,22.0,72.4,70.7,7.4,10.3,90.6,12.43
2023,Season B,May,Rweru,Beans,2.92,1.81,181.0,Hillside,Improved (RWR 2245),No,None,0.0,No,Maize,High,Limited,Yes,Yes,14.9,Clay Soil,7.07,2.61,66.2,10.3,198.2,23.1,103.0,82.7,6.3,11.6,106.0,9.65
2024,Season B,February,Rweru,Rice,1.61,1.43,143.0,Flat,Local Variety,No,None,0.0,Yes,Maize,Medium,Limited,No,No,21.9,Clay Soil,6.94,2.4,70.5,18.4,189.7,23.2,76.7,71.7,8.0,12.3,97.9,14.14
2024,Season B,March,Shyara,Maize,1.46,1.36,136.0,Flat,Hybrid (H614D),No,None,0.0,No,Rice,Low,Adequate,No,No,22.0,Sandy Loam,6.1,2.21,60.2,20.2,270.8,21.6,131.9,69.9,6.6,10.9,102.6,22.44
2023,Season A,October,Nyarugenge,Maize,1.88,1.73,173.0,Flat,Local Variety,Partial,Organic (Compost),57.6,No,Maize,Low,Adequate,Yes,No,11.7,Clay Soil,6.19,2.26,39.5,20.7,224.3,23.5,100.1,82.1,6.3,12.1,112.9,15.05
2024,Season B,June,Gashora,Maize,2.65,2.45,245.0,Hillside,Local Variety,No,None,0.0,No,Rice,Low,Adequate,Yes,No,15.1,Loam,6.55,2.05,45.1,24.5,191.7,23.1,48.2,55.2,8.6,11.4,106.4,10.15
2024,Season B,February,Mareba,Maize,0.94,0.77,77.0,Valley,Hybrid (H614D),Partial,Organic (Compost),60.5,Yes,Fallow,Medium,Sufficient,No,No,9.4,Sandy Loam,7.11,2.96,60.6,14.4,235.9,23.7,72.7,81.9,8.7,11.6,123.3,23.85
2020,Season A,November,Juru,Maize,2.82,2.78,278.0,Hillside,Hybrid (H614D),No,None,0.0,No,Cassava,Medium,Sufficient,Yes,No,6.2,Sandy Loam,6.98,2.65,46.0,24.8,169.7,22.2,140.3,76.9,6.8,11.6,101.3,22.06
2022,Season B,March,Ruhuha,Beans,1.64,1.36,136.0,Hillside,Local Variety,Partial,Organic (Compost),43.7,No,Cassava,Low,Limited,No,Yes,20.9,Sandy Loam,7.01,2.66,56.7,18.7,191.3,21.9,132.5,75.0,7.8,8.5,122.3,7.0
2023,Season A,September,Kamabuye,Maize,1.03,0.69,69.0,Flat,Hybrid (H614D),No,None,0.0,No,Beans,Low,Adequate,No,Yes,20.1,Clay Soil,7.16,2.1,39.3,18.9,213.9,24.0,51.4,76.9,7.4,12.9,125.9,19.87
2022,Season B,February,Rweru,Maize,1.08,1.08,108.0,Flat,Improved (WH507),No,None,0.0,No,Beans,Low,Adequate,No,Yes,10.4,Clay Soil,6.97,2.63,61.8,13.4,195.7,23.7,73.0,76.9,6.9,8.8,124.8,16.88
2023,Season B,June,Mayange,Beans,2.5,1.69,169.0,Flat,Improved (RWR 2245),No,None,0.0,No,Maize,Medium,Adequate,No,Yes,21.5,Sandy Loam,5.93,2.64,63.3,11.5,208.2,22.4,28.6,66.7,8.7,11.3,128.2,8.35
2021,Season A,January,Nyarugenge,Beans,2.66,2.36,236.0,Flat,Local Variety,Yes,Inorganic (NPK),134.3,No,Fallow,Medium,Adequate,Yes,No,16.4,Clay Soil,6.3,2.24,41.7,20.3,204.4,22.8,82.5,80.2,7.8,10.9,92.2,7.77
2022,Season B,March,Mwogo,Beans,0.48,0.36,36.0,Hillside,Local Variety,Yes,Mixed (Organic + Inorganic),41.1,Yes,Maize,Medium,Adequate,Yes,No,24.3,Sandy Soil,6.07,2.36,64.9,19.2,176.5,24.5,76.6,70.4,7.3,11.3,122.2,6.8
2024,Season A,October,Juru,Beans,1.34,1.28,128.0,Flat,Local Variety,Yes,Mixed (Organic + Inorganic),113.0,No,Fallow,High,Sufficient,No,No,12.7,Sandy Loam,6.91,2.54,45.4,20.4,169.7,25.9,99.2,79.7,6.7,9.1,92.7,6.15
2023,Season A,October,Rweru,Maize,1.96,1.73,173.0,Flat,Improved (WH507),Partial,Organic (Compost),50.8,No,Beans,Low,Adequate,Yes,No,17.2,Clay Soil,7.08,2.82,62.5,13.4,187.8,22.1,70.4,87.2,5.9,11.7,115.3,19.63
2021,Season A,September,Ngeruka,Maize,0.86,0.53,53.0,Valley,Improved (WH507),Yes,Inorganic (NPK),60.4,Yes,Cassava,Low,Sufficient,Yes,No,7.0,Loam,6.8,2.52,72.7,21.1,203.1,23.2,71.5,73.3,7.5,10.3,120.6,20.47
2022,Season A,November,Ntarama,Maize,0.97,0.87,87.0,Valley,Local Variety,No,None,0.0,No,Maize,High,Adequate,Yes,Yes,20.9,Sandy Soil,7.01,2.94,64.9,12.0,246.5,23.5,142.4,75.7,7.0,11.8,91.3,10.71
2021,Season B,April,Nyarugenge,Rice,0.53,0.34,34.0,Valley,Improved (IR64 / NERICA),No,None,0.0,No,Beans,Medium,Adequate,No,No,5.8,Clay Soil,6.22,2.34,40.4,22.2,198.7,24.4,131.4,84.3,7.4,8.8,100.8,36.85
2024,Season A,December,Nyarugenge,Rice,1.65,1.15,115.0,Valley,Hybrid (Komboka),Partial,Organic (Compost),53.0,No,Beans,Low,Adequate,No,No,23.5,Clay Soil,6.13,2.34,40.1,23.3,202.3,23.2,88.7,65.8,8.3,11.9,105.5,29.52
2021,Season A,December,Ntarama,Rice,1.06,0.84,84.0,Valley,Improved (IR64 / NERICA),No,None,0.0,Yes,Maize,Low,Adequate,No,Yes,14.3,Sandy Soil,7.13,2.78,65.6,9.8,241.3,21.4,83.3,67.3,7.7,9.8,121.3,32.76
2020,Season B,June,Nyarugenge,Maize,1.31,1.1,110.0,Hillside,Local Variety,Yes,Organic (Compost),0.0,Partial,Rice,Medium,Sufficient,Yes,No,17.3,Clay Soil,6.04,1.95,46.1,26.1,186.0,21.4,47.9,66.0,9.1,12.2,112.9,12.26
2022,Season B,April,Rweru,Rice,1.46,0.92,92.0,Flat,Hybrid (Komboka),Yes,Organic (Compost),0.0,No,Maize,Low,Sufficient,Yes,Yes,15.5,Clay Soil,7.04,2.62,65.8,11.7,199.6,24.3,69.3,73.2,7.7,10.3,103.8,23.44
2022,Season A,September,Nyarugenge,Rice,0.11,0.08,8.0,Valley,Improved (IR64 / NERICA),No,None,0.0,No,Maize,Low,Sufficient,Yes,No,5.1,Clay Soil,6.3,2.27,39.1,21.2,198.1,24.1,82.4,73.1,7.0,13.0,123.8,34.45
2020,Season A,December,Mayange,Beans,0.88,0.63,63.0,Valley,Hybrid (MAC 44),Yes,Organic (Compost),0.0,Yes,Beans,Low,Adequate,Yes,No,23.3,Sandy Loam,6.0,2.77,66.5,12.5,206.6,22.9,89.6,81.0,7.5,13.3,108.5,11.09
2024,Season B,May,Mayange,Maize,0.73,0.55,55.0,Flat,Local Variety,No,None,0.0,No,Maize,Medium,Adequate,Yes,Yes,13.6,Sandy Loam,6.01,2.64,66.3,13.7,209.3,21.6,50.1,80.7,6.6,9.9,119.2,9.72
2023,Season B,June,Rweru,Maize,2.53,2.18,218.0,Flat,Local Variety,Yes,Organic (Compost),0.0,Yes,Beans,Medium,Sufficient,Yes,No,19.5,Clay Soil,6.95,2.64,63.9,15.0,187.7,24.8,26.9,69.6,7.9,12.5,109.4,12.1
2021,Season A,January,Ntarama,Rice,0.71,0.63,63.0,Flat,Local Variety,Yes,Inorganic (NPK),144.5,No,Beans,High,Adequate,Yes,Yes,5.0,Sandy Soil,7.14,2.72,56.7,10.3,232.0,23.6,91.8,77.8,7.8,11.6,106.7,21.9
2020,Season B,February,Juru,Maize,0.41,0.36,36.0,Hillside,Local Variety,No,None,0.0,Yes,Fallow,High,Adequate,Yes,No,15.6,Sandy Loam,6.89,2.6,43.7,25.7,182.0,22.6,95.3,83.3,6.9,10.5,119.9,12.41
2022,Season B,April,Kamabuye,Maize,0.82,0.75,75.0,Flat,Improved (WH507),Yes,Inorganic (NPK),205.1,No,Maize,Medium,Adequate,Yes,Yes,7.0,Clay Soil,7.22,2.13,41.1,18.4,194.6,22.7,130.2,76.7,7.0,8.9,94.1,17.65
2021,Season B,May,Shyara,Maize,0.53,0.52,52.0,Hillside,Local Variety,Partial,Inorganic (NPK),65.9,Partial,Beans,Low,Adequate,Yes,No,18.5,Sandy Loam,6.01,2.3,53.5,22.1,253.7,21.3,50.7,80.0,6.7,10.2,115.4,12.34
2021,Season A,January,Mwogo,Rice,1.67,1.21,121.0,Valley,Hybrid (Komboka),No,None,0.0,No,Rice,Medium,Limited,No,No,23.7,Sandy Soil,6.04,1.72,69.0,24.3,164.0,22.6,41.2,71.4,7.5,11.4,113.2,17.93
2023,Season B,February,Juru,Beans,2.48,2.05,205.0,Flat,Hybrid (MAC 44),Yes,Mixed (Organic + Inorganic),71.2,No,Maize,High,Adequate,Yes,Yes,10.4,Sandy Loam,6.8,2.48,51.8,24.2,177.9,20.4,92.9,72.6,7.3,10.8,121.2,9.36
2021,Season A,October,Rweru,Maize,1.08,0.89,89.0,Hillside,Local Variety,Yes,Organic (Compost),0.0,No,Cassava,Medium,Sufficient,Yes,No,13.6,Clay Soil,6.88,2.67,63.6,10.9,194.7,21.9,90.0,85.5,6.4,10.1,101.8,14.4
2023,Season B,June,Nyamata,Rice,2.11,2.02,202.0,Flat,Improved (IR64 / NERICA),No,None,0.0,No,Beans,Low,Adequate,No,No,24.7,Clay Soil,6.97,3.34,78.8,21.9,247.5,22.9,34.0,71.3,8.4,12.7,117.7,23.4
2024,Season A,October,Mareba,Rice,2.62,1.64,164.0,Valley,Local Variety,Yes,Organic (Compost),0.0,No,Rice,High,Sufficient,Yes,Yes,20.8,Sandy Loam,7.07,2.99,64.3,15.0,229.2,23.8,145.7,95.0,7.1,11.3,87.2,20.19
2024,Season A,January,Rilima,Maize,2.59,2.4,240.0,Flat,Local Variety,Yes,Mixed (Organic + Inorganic),204.9,No,Maize,Medium,Limited,Yes,Yes,19.2,Sandy Soil,6.01,1.98,47.6,18.0,209.5,23.1,83.2,70.8,7.6,10.8,106.4,16.19
2022,Season B,June,Nyarugenge,Maize,0.18,0.14,14.0,Hillside,Hybrid (H614D),Yes,Mixed (Organic + Inorganic),226.9,No,Beans,Medium,Adequate,Yes,No,23.4,Clay Soil,6.08,2.31,40.0,20.1,191.7,23.0,31.0,70.9,7.9,12.9,118.2,22.39
2024,Season A,November,Musenyi,Beans,2.56,2.43,243.0,Flat,Improved (RWR 2245),No,None,0.0,No,Maize,Low,Limited,Yes,Yes,24.7,Loam,7.09,2.18,42.0,13.9,253.7,22.7,127.6,78.7,7.3,10.9,99.0,12.06
2020,Season A,January,Nyarugenge,Maize,1.84,1.44,144.0,Valley,Hybrid (H614D),Yes,Organic (Compost),0.0,Yes,Beans,High,Limited,No,No,15.4,Clay Soil,6.34,2.4,43.1,22.3,191.9,20.8,44.2,78.4,8.1,12.0,123.6,20.3
2020,Season B,February,Ntarama,Rice,2.74,2.06,206.0,Valley,Improved (IR64 / NERICA),No,None,0.0,No,Beans,Low,Limited,No,Yes,21.4,Sandy Soil,7.02,2.77,61.8,8.5,257.8,23.4,43.9,85.7,7.3,11.6,117.5,21.72
2022,Season B,May,Musenyi,Maize,2.05,1.36,136.0,Valley,Improved (WH507),No,None,0.0,Partial,Beans,High,Adequate,Yes,Yes,9.7,Loam,7.05,2.32,38.0,7.5,267.1,24.1,101.7,76.3,5.9,9.5,105.7,14.4
2022,Season B,April,Gashora,Maize,2.98,2.42,242.0,Hillside,Improved (WH507),Partial,Organic (Compost),21.7,Partial,Maize,Medium,Adequate,No,Yes,12.4,Loam,6.52,2.2,49.0,25.7,199.3,24.4,126.1,82.4,6.2,11.8,100.7,18.5
2020,Season A,October,Mwogo,Beans,0.42,0.38,38.0,Valley,Hybrid (MAC 44),No,None,0.0,No,Rice,Low,Adequate,Yes,No,9.5,Sandy Soil,6.08,1.86,70.0,21.7,176.3,24.9,126.5,78.9,7.3,10.5,96.0,8.96
2020,Season B,March,Kamabuye,Beans,2.91,2.62,262.0,Valley,Hybrid (MAC 44),Yes,Organic (Compost),0.0,No,Cassava,Medium,Adequate,Yes,No,17.1,Clay Soil,7.15,2.45,37.4,17.6,207.8,23.8,83.7,85.7,8.0,10.6,97.2,10.55
2021,Season B,June,Gashora,Beans,2.44,2.06,206.0,Flat,Local Variety,No,None,0.0,Partial,Rice,Medium,Adequate,Yes,No,15.0,Loam,6.38,1.99,45.8,27.0,202.1,22.6,48.5,75.4,7.9,11.8,113.6,6.38
2020,Season A,October,Mwogo,Rice,0.79,0.58,58.0,Valley,Improved (IR64 / NERICA),Yes,Mixed (Organic + Inorganic),31.8,No,Beans,Low,Adequate,Yes,Yes,21.5,Sandy Soil,6.04,1.68,69.8,24.2,171.6,23.6,119.1,79.5,6.0,11.2,105.1,45.53
2022,Season A,September,Rweru,Beans,1.71,1.45,145.0,Valley,Hybrid (MAC 44),Partial,Inorganic (NPK),65.9,No,Fallow,High,Adequate,Yes,No,11.1,Clay Soil,7.02,2.12,67.4,14.2,187.7,24.6,108.0,71.0,7.5,13.1,112.0,8.56
2020,Season B,May,Mwogo,Rice,1.61,1.29,129.0,Valley,Improved (IR64 / NERICA),Yes,Inorganic (NPK),108.1,No,Beans,Low,Adequate,Yes,No,23.1,Sandy Soil,5.89,2.13,72.8,20.2,162.0,23.9,60.8,72.9,7.2,9.2,117.6,31.6
2024,Season A,January,Rilima,Maize,2.06,1.48,148.0,Hillside,Local Variety,No,None,0.0,No,Beans,Medium,Limited,Yes,No,10.1,Sandy Soil,6.02,1.55,40.3,14.9,225.0,21.5,74.7,74.9,8.3,11.4,109.6,13.17
2022,Season B,February,Rweru,Maize,0.13,0.13,13.0,Hillside,Local Variety,Yes,Inorganic (NPK),186.0,No,Rice,Low,Sufficient,No,No,20.3,Clay Soil,6.98,2.52,65.3,11.7,188.2,23.2,48.3,78.4,7.2,11.0,106.9,12.48
2023,Season B,May,Mareba,Beans,1.5,1.13,113.0,Flat,Improved (RWR 2245),No,None,0.0,Partial,Maize,High,Limited,Yes,Yes,18.5,Sandy Loam,6.96,3.06,61.1,12.0,219.4,22.8,68.4,76.7,7.3,11.2,103.8,10.04
2024,Season B,April,Shyara,Maize,2.9,2.79,279.0,Hillside,Improved (WH507),No,None,0.0,Yes,Rice,Low,Sufficient,Yes,No,23.9,Sandy Loam,6.01,2.2,54.2,23.7,250.9,23.4,149.6,73.1,7.4,10.3,108.8,19.21
2022,Season A,January,Ruhuha,Maize,2.42,1.7,170.0,Flat,Improved (WH507),No,None,0.0,Partial,Maize,High,Adequate,Yes,No,11.9,Sandy Loam,6.95,2.54,63.8,20.2,192.0,21.1,75.1,71.9,8.1,13.3,95.2,12.89
2021,Season A,October,Ruhuha,Beans,0.83,0.59,59.0,Hillside,Local Variety,No,None,0.0,Yes,Cassava,Medium,Sufficient,No,No,18.8,Sandy Loam,7.14,2.24,60.9,18.5,191.3,23.4,126.2,85.5,7.2,10.6,99.2,6.84
2021,Season B,June,Mayange,Beans,0.28,0.28,28.0,Valley,Hybrid (MAC 44),No,None,0.0,No,Beans,Low,Adequate,Yes,Yes,13.8,Sandy Loam,5.99,2.97,63.5,13.8,214.7,23.3,38.0,74.5,7.9,11.0,128.0,6.05
2022,Season A,September,Ntarama,Beans,1.63,1.06,106.0,Valley,Improved (RWR 2245),Partial,Inorganic (NPK),15.4,No,Cassava,Medium,Sufficient,No,No,18.5,Sandy Soil,7.29,2.72,65.4,10.3,252.5,22.4,83.2,78.4,7.2,12.4,127.6,14.72
2021,Season B,June,Nyamata,Rice,0.61,0.39,39.0,Valley,Improved (IR64 / NERICA),Yes,Inorganic (NPK),27.2,No,Maize,Low,Sufficient,Yes,Yes,21.8,Clay Soil,7.19,3.27,74.9,26.1,247.2,22.8,30.8,74.7,8.0,12.1,110.8,24.53
2021,Season A,November,Mareba,Maize,0.74,0.64,64.0,Hillside,Hybrid (H614D),Yes,Organic (Compost),0.0,Yes,Maize,Low,Adequate,No,No,18.9,Sandy Loam,7.13,3.16,63.3,10.6,233.4,22.8,132.3,76.4,7.3,8.9,97.1,27.08
2024,Season A,November,Mareba,Beans,0.53,0.42,42.0,Valley,Improved (RWR 2245),Partial,Organic (Compost),30.7,No,Rice,Medium,Limited,No,No,9.9,Sandy Loam,7.12,3.01,62.7,9.5,250.1,25.3,141.9,89.2,6.8,10.3,108.5,11.02
2024,Season B,June,Nyamata,Beans,1.64,1.09,109.0,Flat,Local Variety,No,None,0.0,Partial,Beans,High,Limited,Yes,No,19.2,Clay Soil,7.24,3.43,75.9,23.9,258.6,22.0,29.7,66.2,7.4,11.7,106.1,3.84
2024,Season B,February,Rweru,Rice,1.1,0.77,77.0,Flat,Hybrid (Komboka),No,None,0.0,No,Beans,Low,Adequate,Yes,No,18.5,Clay Soil,6.92,2.45,64.0,10.4,187.9,21.4,52.8,73.9,7.6,11.0,117.7,17.62
2021,Season B,April,Juru,Beans,2.89,2.87,287.0,Hillside,Local Variety,Yes,Organic (Compost),0.0,No,Beans,High,Sufficient,Yes,No,17.2,Sandy Loam,6.8,2.58,47.1,22.5,165.6,24.2,120.6,75.5,6.4,9.0,99.8,5.73
2024,Season A,September,Mareba,Rice,2.27,1.67,167.0,Flat,Improved (IR64 / NERICA),No,None,0.0,No,Maize,Low,Limited,No,No,16.0,Sandy Loam,7.12,3.14,60.5,14.7,237.3,23.2,68.3,69.4,7.8,12.4,129.4,22.67
2020,Season B,April,Gashora,Maize,1.51,1.11,111.0,Valley,Improved (WH507),Yes,Mixed (Organic + Inorganic),239.9,Yes,Beans,Medium,Limited,No,No,11.7,Loam,6.54,2.3,50.8,20.3,202.4,23.3,148.6,77.9,7.4,11.1,114.8,20.37
2022,Season B,May,Nyamata,Rice,2.96,1.86,186.0,Valley,Local Variety,Yes,Mixed (Organic + Inorganic),197.3,Yes,Beans,Low,Adequate,No,Yes,9.5,Clay Soil,7.0,3.2,75.9,21.6,246.8,22.7,82.7,77.5,7.6,11.7,100.6,24.03
2022,Season A,October,Nyarugenge,Beans,2.29,2.17,217.0,Valley,Hybrid (MAC 44),Yes,Organic (Compost),0.0,Yes,Beans,Low,Sufficient,No,Yes,9.8,Clay Soil,6.22,2.32,41.1,19.1,204.3,24.1,144.2,77.8,7.0,10.7,97.2,10.82
2021,Season B,May,Ruhuha,Rice,0.46,0.45,45.0,Valley,Hybrid (Komboka),Yes,Mixed (Organic + Inorganic),230.6,Partial,Maize,Low,Adequate,Yes,No,12.2,Sandy Loam,6.88,2.59,62.2,16.0,189.2,22.0,99.9,79.1,7.6,12.5,91.3,26.57
2020,Season A,October,Rweru,Maize,2.86,2.68,268.0,Hillside,Local Variety,No,None,0.0,No,Beans,Medium,Sufficient,No,No,6.4,Clay Soil,7.11,2.7,71.4,10.5,194.6,24.6,117.4,79.0,5.7,10.5,98.0,14.32
2021,Season B,May,Mareba,Beans,2.02,1.26,126.0,Hillside,Hybrid (MAC 44),Yes,Mixed (Organic + Inorganic),124.1,No,Beans,High,Sufficient,Yes,No,21.2,Sandy Loam,6.94,3.13,61.6,15.3,251.3,22.8,82.3,75.6,6.6,10.7,114.7,8.7
2021,Season B,February,Mwogo,Rice,2.42,1.8,180.0,Valley,Hybrid (Komboka),No,None,0.0,Partial,Beans,Medium,Sufficient,Yes,No,23.8,Sandy Soil,5.87,1.99,69.3,24.2,161.2,23.4,92.4,74.6,7.5,12.0,122.4,25.16
2023,Season B,June,Kamabuye,Beans,0.71,0.69,69.0,Valley,Local Variety,Partial,Organic (Compost),31.2,No,Beans,Medium,Limited,No,No,24.8,Clay Soil,7.04,2.39,36.4,19.4,212.3,21.7,32.4,71.3,7.6,10.8,125.1,4.52
2024,Season B,May,Shyara,Beans,0.9,0.86,86.0,Valley,Hybrid (MAC 44),Yes,Organic (Compost),0.0,No,Maize,Medium,Limited,Yes,No,7.0,Sandy Loam,6.15,2.4,59.4,20.2,269.7,24.9,102.9,81.7,7.3,9.2,101.9,9.05
2024,Season B,April,Nyarugenge,Beans,1.93,1.39,139.0,Hillside,Hybrid (MAC 44),No,None,0.0,Yes,Cassava,High,Adequate,No,No,19.0,Clay Soil,5.98,2.18,38.5,23.1,188.7,22.9,137.4,78.0,5.9,10.5,96.0,8.16
2024,Season B,June,Rweru,Maize,2.54,2.26,226.0,Hillside,Improved (WH507),Yes,Mixed (Organic + Inorganic),241.6,No,Beans,Low,Adequate,No,No,9.3,Clay Soil,7.18,2.69,66.0,13.8,183.0,24.4,41.5,68.1,9.4,13.2,116.3,15.49
2020,Season A,November,Juru,Maize,1.41,1.33,133.0,Valley,Hybrid (H614D),Partial,Inorganic (NPK),28.4,Partial,Beans,Medium,Sufficient,No,Yes,14.8,Sandy Loam,6.91,2.83,42.5,23.4,173.3,23.3,118.1,66.2,7.3,10.9,92.2,26.19
2020,Season A,October,Mayange,Beans,1.48,1.35,135.0,Hillside,Improved (RWR 2245),No,None,0.0,Yes,Beans,High,Sufficient,Yes,No,5.9,Sandy Loam,6.09,2.83,68.5,11.8,204.6,23.8,84.6,68.4,6.6,8.9,104.6,10.55
2020,Season B,April,Mwogo,Rice,2.95,2.39,239.0,Valley,Hybrid (Komboka),No,None,0.0,No,Maize,Low,Limited,No,Yes,6.2,Sandy Soil,6.19,1.83,66.8,19.5,158.2,25.1,146.0,76.1,7.0,9.2,115.2,23.36
2024,Season A,January,Mareba,Maize,0.76,0.74,74.0,Flat,Improved (WH507),Partial,Organic (Compost),49.2,No,Maize,Low,Limited,Yes,Yes,20.3,Sandy Loam,7.08,3.21,60.4,10.5,226.5,21.3,67.0,70.3,7.5,10.5,105.0,15.52
2024,Season A,September,Juru,Maize,2.44,1.91,191.0,Flat,Local Variety,Yes,Inorganic (NPK),146.7,No,Beans,Low,Limited,Yes,Yes,16.4,Sandy Loam,6.92,2.67,42.8,22.9,174.0,23.0,100.6,75.0,7.4,11.1,130.9,16.06
2022,Season B,April,Mwogo,Maize,1.18,1.0,100.0,Valley,Hybrid (H614D),No,None,0.0,Yes,Maize,Low,Limited,No,No,10.4,Sandy Soil,5.96,1.9,65.6,22.2,167.2,24.6,81.6,77.8,6.8,10.4,106.7,22.85
2022,Season B,April,Ruhuha,Rice,0.33,0.32,32.0,Valley,Improved (IR64 / NERICA),Partial,Inorganic (NPK),10.1,No,Rice,Medium,Adequate,Yes,No,17.2,Sandy Loam,6.96,2.49,58.3,19.5,183.8,22.5,150.1,85.9,6.9,11.1,100.5,32.18
2022,Season B,June,Shyara,Maize,1.43,0.93,93.0,Hillside,Improved (WH507),Partial,Inorganic (NPK),48.4,Yes,Beans,Low,Limited,Yes,No,6.4,Sandy Loam,6.24,2.32,57.7,18.1,271.5,20.6,24.0,52.3,8.6,12.6,114.4,16.13
2021,Season B,April,Ruhuha,Rice,0.67,0.54,54.0,Flat,Local Variety,No,None,0.0,No,Beans,Low,Adequate,No,No,18.4,Sandy Loam,7.06,2.29,64.4,15.7,181.6,21.9,111.9,71.0,6.7,11.1,113.6,19.41
2024,Season B,March,Ngeruka,Maize,0.98,0.71,71.0,Valley,Improved (WH507),No,None,0.0,No,Cassava,Low,Sufficient,Yes,No,8.8,Loam,7.15,2.75,66.4,24.0,202.0,23.9,132.4,65.8,6.7,11.4,96.7,15.04
2023,Season A,December,Shyara,Rice,0.77,0.6,60.0,Flat,Local Variety,Yes,Inorganic (NPK),73.7,Partial,Beans,Medium,Limited,No,Yes,22.3,Sandy Loam,6.04,2.45,58.0,23.4,261.3,21.1,75.6,76.9,7.8,12.2,111.5,16.76
2020,Season B,April,Rweru,Maize,1.31,1.18,118.0,Hillside,Improved (WH507),Yes,Organic (Compost),0.0,Yes,Maize,Medium,Limited,Yes,Yes,18.5,Clay Soil,7.1,2.53,67.8,10.2,199.8,21.6,114.4,80.2,6.1,11.7,99.4,17.95
2022,Season A,November,Ruhuha,Rice,2.37,2.17,217.0,Flat,Local Variety,Yes,Organic (Compost),0.0,Yes,Beans,Low,Limited,No,No,6.8,Sandy Loam,7.03,2.42,61.4,15.6,182.2,23.3,110.7,78.9,6.8,10.9,109.8,22.1
2024,Season B,April,Nyamata,Rice,0.64,0.55,55.0,Valley,Improved (IR64 / NERICA),Yes,Organic (Compost),0.0,No,Cassava,Medium,Limited,Yes,No,11.7,Clay Soil,7.16,2.95,76.0,22.9,250.3,23.9,88.3,80.6,7.6,9.8,93.2,30.4
2024,Season B,March,Kamabuye,Maize,0.84,0.71,71.0,Valley,Hybrid (H614D),No,None,0.0,Yes,Beans,Low,Adequate,No,Yes,16.6,Clay Soil,7.11,2.35,35.4,20.9,202.9,24.8,90.3,70.0,7.8,10.9,103.6,21.48
2021,Season A,September,Nyarugenge,Maize,1.72,1.64,164.0,Flat,Hybrid (H614D),Partial,Organic (Compost),17.7,No,Beans,Low,Adequate,Yes,No,17.0,Clay Soil,6.33,2.52,37.1,22.3,210.8,22.4,75.1,73.6,6.1,12.9,125.9,28.68
2024,Season B,April,Rweru,Beans,0.33,0.26,26.0,Hillside,Hybrid (MAC 44),No,None,0.0,No,Fallow,Low,Limited,Yes,No,9.0,Clay Soil,7.01,2.66,64.3,19.6,191.7,24.0,67.0,82.5,7.0,9.4,111.2,9.02
2020,Season A,November,Nyamata,Beans,0.56,0.51,51.0,Valley,Hybrid (MAC 44),Partial,Inorganic (NPK),74.4,No,Maize,Low,Adequate,Yes,No,21.1,Clay Soil,7.16,3.16,79.7,23.4,248.9,22.2,100.0,75.1,7.1,10.2,105.6,11.53
2023,Season A,December,Rweru,Maize,1.66,1.55,155.0,Valley,Improved (WH507),Yes,Mixed (Organic + Inorganic),36.3,No,Beans,High,Adequate,No,No,23.6,Clay Soil,6.99,2.71,65.7,13.2,179.2,23.3,51.4,76.0,7.6,12.1,110.4,15.31
2020,Season A,November,Ntarama,Beans,0.63,0.39,39.0,Valley,Improved (RWR 2245),Yes,Mixed (Organic + Inorganic),53.9,Yes,Beans,Low,Adequate,Yes,No,12.4,Sandy Soil,6.98,2.9,61.7,10.6,249.1,25.1,118.7,82.3,7.5,11.0,108.0,14.08
2023,Season B,May,Rilima,Maize,2.03,1.93,193.0,Hillside,Improved (WH507),Partial,Organic (Compost),67.3,Yes,Cassava,Low,Adequate,No,Yes,14.5,Sandy Soil,5.95,1.85,41.3,15.0,207.9,21.1,55.1,71.1,6.8,9.2,119.4,18.19
2022,Season A,September,Gashora,Rice,2.71,2.59,259.0,Flat,Improved (IR64 / NERICA),No,None,0.0,Yes,Cassava,High,Sufficient,No,No,14.0,Loam,6.36,1.81,49.4,25.4,194.0,25.9,107.2,84.8,7.1,13.1,121.5,33.46
2020,Season A,January,Nyarugenge,Rice,2.82,2.76,276.0,Valley,Improved (IR64 / NERICA),Yes,Mixed (Organic + Inorganic),89.2,Partial,Beans,Low,Sufficient,Yes,No,16.4,Clay Soil,5.99,2.17,40.5,23.5,192.0,21.9,42.5,67.5,7.1,10.7,110.3,35.66
2022,Season B,June,Rilima,Beans,2.92,2.41,241.0,Valley,Hybrid (MAC 44),No,None,0.0,No,Beans,High,Sufficient,No,Yes,12.2,Sandy Soil,5.98,1.79,44.0,16.9,214.4,24.7,47.2,65.9,8.6,11.9,111.0,5.19
2024,Season A,November,Ntarama,Rice,1.71,1.15,115.0,Valley,Improved (IR64 / NERICA),Partial,Inorganic (NPK),14.2,Yes,Beans,Low,Adequate,No,No,18.6,Sandy Soil,7.09,3.07,60.8,13.7,244.8,23.6,82.6,77.9,6.9,11.1,91.5,39.44
2023,Season A,January,Ngeruka,Beans,2.15,1.33,133.0,Valley,Hybrid (MAC 44),Partial,Inorganic (NPK),62.2,Yes,Cassava,Medium,Adequate,No,No,17.1,Loam,6.96,2.54,76.0,18.5,187.7,20.6,89.0,78.5,7.6,12.3,100.2,10.7
2022,Season A,November,Nyarugenge,Maize,2.92,2.67,267.0,Hillside,Local Variety,Yes,Mixed (Organic + Inorganic),165.5,Partial,Beans,Medium,Limited,Yes,No,19.5,Clay Soil,6.24,2.01,39.3,21.6,191.1,23.5,77.9,86.0,7.8,10.9,117.5,17.34
2020,Season A,October,Rweru,Beans,1.34,1.0,100.0,Flat,Hybrid (MAC 44),No,None,0.0,No,Fallow,Low,Sufficient,No,No,13.5,Clay Soil,6.95,2.63,64.7,9.4,185.6,25.7,153.3,84.2,7.0,10.2,102.9,7.81
2023,Season B,June,Rilima,Rice,2.88,2.06,206.0,Flat,Improved (IR64 / NERICA),Yes,Mixed (Organic + Inorganic),98.4,No,Cassava,High,Adequate,Yes,No,10.4,Sandy Soil,6.16,1.42,44.0,15.0,209.9,20.9,35.6,65.1,8.4,12.3,120.7,23.44
2024,Season B,March,Kamabuye,Maize,0.65,0.51,51.0,Hillside,Local Variety,No,None,0.0,Yes,Maize,Low,Adequate,Yes,Yes,9.4,Clay Soil,7.06,2.3,42.3,19.9,201.5,23.0,90.8,79.7,7.1,10.9,109.1,12.45
2024,Season B,February,Shyara,Beans,0.23,0.16,16.0,Flat,Hybrid (MAC 44),No,None,0.0,No,Fallow,Medium,Adequate,No,Yes,5.2,Sandy Loam,5.99,2.15,56.4,20.7,270.8,25.0,44.2,66.0,7.4,11.4,126.3,6.34
2020,Season A,October,Musenyi,Rice,0.54,0.39,39.0,Flat,Local Variety,Partial,Inorganic (NPK),12.5,No,Beans,High,Sufficient,Yes,No,24.9,Loam,7.01,2.42,44.9,14.6,263.6,22.5,76.4,75.4,6.2,10.4,110.1,17.71
2024,Season A,December,Mwogo,Beans,0.15,0.14,14.0,Hillside,Hybrid (MAC 44),Partial,Organic (Compost),78.6,No,Fallow,Low,Limited,No,No,12.9,Sandy Soil,5.95,2.04,69.2,20.7,155.4,24.9,82.3,67.7,7.9,9.7,117.6,8.55
2021,Season A,September,Mayange,Rice,1.53,1.23,123.0,Flat,Improved (IR64 / NERICA),Yes,Inorganic (NPK),198.3,Yes,Maize,High,Sufficient,Yes,Yes,5.5,Sandy Loam,5.96,2.78,65.9,9.8,215.0,24.8,75.6,84.3,7.1,10.9,129.7,30.68
2021,Season B,May,Mareba,Beans,1.72,1.3,130.0,Flat,Hybrid (MAC 44),Yes,Organic (Compost),0.0,No,Maize,Medium,Sufficient,No,Yes,14.0,Sandy Loam,7.07,2.79,61.5,12.1,232.8,23.6,104.1,77.0,7.4,10.8,106.7,9.83
2023,Season B,March,Mayange,Beans,1.17,0.78,78.0,Valley,Improved (RWR 2245),Partial,Inorganic (NPK),79.0,No,Rice,Low,Adequate,Yes,No,15.1,Sandy Loam,6.08,2.88,66.5,11.8,202.6,22.1,124.7,67.0,6.9,10.6,104.3,13.26
2024,Season B,April,Kamabuye,Maize,2.07,1.71,171.0,Flat,Local Variety,No,None,0.0,Yes,Maize,Medium,Sufficient,Yes,No,24.1,Clay Soil,7.04,2.33,34.7,17.8,215.8,22.8,85.3,78.6,6.7,10.1,93.0,12.79
2021,Season A,November,Nyamata,Rice,0.2,0.15,15.0,Valley,Hybrid (Komboka),Yes,Mixed (Organic + Inorganic),89.0,Yes,Fallow,Medium,Adequate,No,Yes,9.5,Clay Soil,7.04,3.13,74.5,23.8,236.9,23.7,86.5,79.4,6.8,10.5,106.8,27.2
2021,Season A,October,Rilima,Beans,0.49,0.42,42.0,Flat,Hybrid (MAC 44),Partial,Organic (Compost),11.1,No,Beans,Low,Adequate,Yes,No,10.6,Sandy Soil,6.11,1.97,41.2,17.4,206.4,23.0,121.1,72.8,6.4,11.6,112.2,10.28
2021,Season A,January,Mareba,Beans,0.93,0.66,66.0,Valley,Hybrid (MAC 44),Yes,Inorganic (NPK),237.3,No,Maize,High,Limited,Yes,No,24.2,Sandy Loam,7.05,2.96,62.3,10.3,234.9,20.8,76.0,74.5,7.5,10.1,99.2,8.52
2021,Season A,January,Rilima,Rice,0.61,0.56,56.0,Valley,Improved (IR64 / NERICA),No,None,0.0,Partial,Beans,Medium,Limited,Yes,No,14.4,Sandy Soil,6.28,1.8,44.8,15.9,212.5,23.6,53.3,70.1,7.6,11.5,123.6,26.8
2021,Season A,October,Mayange,Beans,1.89,1.25,125.0,Hillside,Improved (RWR 2245),No,None,0.0,No,Beans,Low,Adequate,Yes,Yes,14.2,Sandy Loam,6.1,2.95,63.9,16.4,213.9,25.3,77.4,74.4,7.3,9.2,91.2,12.13
2021,Season B,April,Gashora,Beans,0.91,0.57,57.0,Valley,Local Variety,No,None,0.0,No,Fallow,High,Adequate,Yes,No,24.6,Loam,6.54,2.07,50.2,22.7,198.4,24.7,84.8,79.8,6.8,9.4,115.9,5.84
2024,Season A,September,Rilima,Rice,0.56,0.45,45.0,Valley,Local Variety,No,None,0.0,Yes,Cassava,Low,Adequate,Yes,Yes,22.1,Sandy Soil,6.05,1.86,46.7,17.3,211.6,24.8,108.8,71.3,7.2,12.6,121.2,25.11
2024,Season A,December,Gashora,Maize,0.15,0.12,12.0,Valley,Improved (WH507),No,None,0.0,No,Beans,Medium,Sufficient,No,Yes,16.8,Loam,6.42,2.04,50.5,29.6,191.8,23.2,117.6,78.6,7.5,9.5,113.7,18.95
2020,Season B,March,Ngeruka,Beans,1.78,1.58,158.0,Valley,Hybrid (MAC 44),Yes,Mixed (Organic + Inorganic),69.7,No,Cassava,Low,Limited,No,No,23.3,Loam,6.97,2.77,77.5,19.2,200.6,25.5,104.0,76.4,6.6,9.8,106.7,9.05
2022,Season B,March,Nyamata,Beans,2.41,2.36,236.0,Valley,Hybrid (MAC 44),Partial,Inorganic (NPK),70.7,Partial,Rice,Medium,Sufficient,Yes,Yes,5.9,Clay Soil,7.03,3.25,79.9,25.0,261.6,23.0,75.3,81.0,7.0,12.1,110.0,11.03
2021,Season A,October,Nyamata,Rice,2.97,2.01,201.0,Flat,Improved (IR64 / NERICA),Partial,Inorganic (NPK),56.3,No,Beans,High,Adequate,No,Yes,14.8,Clay Soil,6.97,2.98,75.2,24.0,266.0,23.8,70.8,79.1,6.8,10.9,110.9,27.42
2022,Season B,March,Shyara,Maize,0.94,0.7,70.0,Hillside,Improved (WH507),No,None,0.0,No,Beans,High,Sufficient,Yes,No,19.0,Sandy Loam,6.03,2.07,56.4,20.4,261.0,25.2,72.3,74.8,5.8,11.2,112.2,13.96
2020,Season B,April,Juru,Beans,2.26,1.65,165.0,Hillside,Improved (RWR 2245),No,None,0.0,No,Maize,Low,Sufficient,Yes,No,7.1,Sandy Loam,6.94,2.55,52.0,26.7,170.5,22.4,141.8,83.0,6.7,9.7,108.5,13.22
2024,Season B,May,Mayange,Beans,0.5,0.45,45.0,Hillside,Local Variety,Yes,Organic (Compost),0.0,No,Beans,Medium,Adequate,No,No,20.4,Sandy Loam,5.9,2.92,65.9,12.9,201.4,21.2,100.7,79.1,5.9,10.4,99.7,6.56
2023,Season B,March,Ntarama,Maize,1.59,1.38,138.0,Flat,Improved (WH507),Yes,Inorganic (NPK),186.9,No,Rice,Low,Sufficient,Yes,No,16.0,Sandy Soil,7.05,2.89,59.9,10.9,234.1,22.0,94.4,84.5,7.5,11.1,99.8,19.17
2024,Season A,November,Mayange,Rice,1.45,1.39,139.0,Valley,Improved (IR64 / NERICA),Yes,Organic (Compost),0.0,Yes,Fallow,Low,Sufficient,No,No,8.7,Sandy Loam,6.07,2.83,59.0,10.2,209.1,21.8,87.4,75.6,7.5,11.5,105.0,39.23
2021,Season A,December,Nyamata,Rice,1.17,0.96,96.0,Valley,Hybrid (Komboka),Yes,Mixed (Organic + Inorganic),247.3,No,Rice,High,Adequate,No,Yes,19.1,Clay Soil,7.02,3.28,77.6,21.6,248.9,24.4,115.2,74.9,7.8,10.8,101.5,27.6
2022,Season B,February,Ntarama,Rice,2.42,2.37,237.0,Flat,Improved (IR64 / NERICA),No,None,0.0,No,Rice,Medium,Adequate,Yes,Yes,17.9,Sandy Soil,7.06,2.84,62.9,13.5,246.1,22.8,66.0,78.2,8.7,9.5,117.2,24.34
2024,Season A,December,Rilima,Maize,2.58,1.81,181.0,Valley,Improved (WH507),Yes,Inorganic (NPK),117.1,Yes,Maize,Low,Limited,No,No,12.1,Sandy Soil,6.01,1.82,41.9,13.4,215.7,21.0,100.5,65.1,8.1,11.2,123.5,19.04
2020,Season A,January,Kamabuye,Rice,1.41,1.19,119.0,Flat,Improved (IR64 / NERICA),No,None,0.0,Partial,Rice,Low,Adequate,No,No,21.6,Clay Soil,7.17,2.41,37.6,22.5,209.9,21.7,57.7,69.4,8.0,11.1,99.3,25.49
2022,Season B,February,Kamabuye,Maize,1.88,1.46,146.0,Hillside,Local Variety,No,None,0.0,Yes,Cassava,Low,Adequate,Yes,No,7.3,Clay Soil,7.03,2.01,43.1,22.3,211.5,22.3,59.4,69.2,8.2,11.4,118.6,10.7
2024,Season A,January,Nyamata,Rice,1.99,1.82,182.0,Valley,Hybrid (Komboka),Yes,Inorganic (NPK),153.5,Partial,Fallow,High,Adequate,No,No,8.9,Clay Soil,6.96,3.11,76.6,26.2,259.2,21.5,88.1,75.2,7.4,9.9,106.6,23.77
2020,Season A,November,Kamabuye,Beans,1.64,1.15,115.0,Flat,Improved (RWR 2245),Yes,Mixed (Organic + Inorganic),197.0,No,Beans,Low,Sufficient,No,No,19.2,Clay Soil,7.12,2.3,37.9,21.4,199.5,24.4,62.9,80.2,7.1,11.2,107.1,12.81
2021,Season B,February,Mwogo,Maize,1.62,1.04,104.0,Hillside,Improved (WH507),Yes,Mixed (Organic + Inorganic),28.6,No,Rice,Low,Adequate,Yes,Yes,7.3,Sandy Soil,6.02,2.15,67.0,22.9,166.9,21.8,73.7,67.9,8.0,12.7,98.4,19.9
2024,Season B,June,Gashora,Beans,1.91,1.33,133.0,Valley,Local Variety,Partial,Inorganic (NPK),33.8,No,Beans,Low,Adequate,Yes,No,17.4,Loam,6.54,2.1,48.8,21.7,191.8,25.7,22.1,64.6,7.4,10.3,108.6,5.21
2020,Season B,March,Mareba,Rice,2.54,2.32,232.0,Hillside,Improved (IR64 / NERICA),No,None,0.0,Yes,Maize,Medium,Adequate,No,Yes,22.3,Sandy Loam,7.03,2.9,62.6,15.8,235.2,24.2,57.2,76.6,6.6,12.6,112.2,27.46
2020,Season B,February,Juru,Rice,0.47,0.3,30.0,Valley,Local Variety,No,None,0.0,Partial,Beans,Low,Limited,Yes,No,18.3,Sandy Loam,6.94,2.7,48.6,24.4,180.3,24.2,94.9,82.3,7.9,12.1,121.1,18.52
2021,Season A,September,Musenyi,Rice,2.22,1.71,171.0,Valley,Improved (IR64 / NERICA),No,None,0.0,Yes,Beans,Medium,Adequate,No,No,18.3,Loam,7.21,2.33,38.4,12.7,252.8,25.2,90.8,79.7,8.3,12.2,125.4,35.11
2021,Season B,June,Nyamata,Rice,0.64,0.59,59.0,Flat,Improved (IR64 / NERICA),No,None,0.0,Yes,Maize,Medium,Adequate,Yes,No,12.3,Clay Soil,7.11,3.35,75.6,21.6,254.0,24.4,34.4,60.0,8.9,10.8,129.6,28.4
2024,Season A,November,Ngeruka,Maize,0.21,0.14,14.0,Hillside,Local Variety,No,None,0.0,No,Beans,Low,Adequate,Yes,No,24.7,Loam,6.89,2.81,75.3,22.7,195.0,23.7,85.3,84.4,6.7,9.4,110.3,14.66
2023,Season A,December,Ruhuha,Beans,0.23,0.19,19.0,Valley,Local Variety,Yes,Mixed (Organic + Inorganic),197.3,Yes,Beans,Low,Adequate,Yes,No,21.5,Sandy Loam,6.92,2.41,58.0,24.6,192.3,22.0,111.1,73.1,7.8,10.4,119.8,8.3
2023,Season B,June,Nyamata,Rice,2.91,2.81,281.0,Valley,Hybrid (Komboka),Partial,Organic (Compost),36.8,Yes,Maize,Low,Adequate,No,No,16.2,Clay Soil,6.95,3.24,80.7,25.5,265.1,22.8,40.3,71.2,9.2,11.1,109.6,22.98
2021,Season A,September,Mareba,Maize,1.65,1.61,161.0,Flat,Local Variety,No,None,0.0,No,Rice,Medium,Adequate,Yes,No,7.5,Sandy Loam,6.98,3.15,67.2,15.2,243.7,23.2,67.0,79.2,7.3,12.2,110.2,11.41
2021,Season B,March,Rilima,Rice,1.9,1.4,140.0,Flat,Hybrid (Komboka),No,None,0.0,Yes,Rice,Medium,Adequate,Yes,Yes,9.9,Sandy Soil,6.04,1.77,44.2,14.3,221.7,23.7,89.0,71.2,6.9,10.9,124.1,22.14
2021,Season B,April,Ntarama,Maize,1.49,1.0,100.0,Flat,Local Variety,Yes,Inorganic (NPK),36.9,No,Fallow,Low,Limited,Yes,No,14.7,Sandy Soil,7.12,2.86,56.8,16.5,251.7,23.7,106.0,89.7,7.1,11.1,105.5,12.62
2023,Season B,April,Mwogo,Rice,2.94,2.68,268.0,Valley,Hybrid (Komboka),No,None,0.0,No,Beans,Low,Adequate,No,No,14.2,Sandy Soil,5.97,2.28,65.8,23.3,164.6,23.3,147.4,95.0,7.3,8.3,120.5,26.27
2022,Season A,January,Shyara,Rice,2.08,1.49,149.0,Flat,Hybrid (Komboka),Yes,Inorganic (NPK),36.7,No,Beans,Medium,Sufficient,No,No,20.2,Sandy Loam,6.17,2.09,58.8,20.4,257.9,19.6,61.7,72.7,7.8,9.4,115.4,23.64
2023,Season B,June,Gashora,Maize,1.69,1.55,155.0,Flat,Local Variety,No,None,0.0,No,Beans,Low,Adequate,No,Yes,9.1,Loam,6.56,2.05,47.8,22.3,184.9,22.6,29.7,66.9,8.3,12.5,124.2,10.22
2024,Season A,September,Mayange,Maize,2.6,2.17,217.0,Flat,Improved (WH507),Partial,Inorganic (NPK),63.2,Yes,Fallow,Low,Adequate,Yes,No,15.5,Sandy Loam,6.04,2.87,69.0,14.4,205.9,24.9,78.7,76.2,6.9,11.4,114.6,20.42
2023,Season A,September,Mayange,Maize,2.11,1.38,138.0,Flat,Improved (WH507),Partial,Inorganic (NPK),79.8,Yes,Rice,Low,Adequate,Yes,No,22.6,Sandy Loam,5.88,2.84,72.7,9.3,193.8,22.9,88.6,68.1,6.1,11.1,109.1,24.29
2024,Season A,October,Rweru,Beans,0.29,0.24,24.0,Valley,Improved (RWR 2245),No,None,0.0,No,Rice,Medium,Adequate,Yes,No,10.8,Clay Soil,6.82,2.49,66.4,13.1,179.8,23.6,98.2,76.9,7.9,8.9,117.1,13.44
2020,Season B,June,Mareba,Beans,2.43,1.58,158.0,Hillside,Hybrid (MAC 44),Partial,Inorganic (NPK),43.3,Partial,Beans,Low,Adequate,Yes,Yes,7.7,Sandy Loam,7.16,3.28,54.7,14.3,225.7,21.6,24.1,69.7,8.6,12.3,128.0,8.29
2021,Season B,April,Ntarama,Beans,1.49,1.13,113.0,Valley,Hybrid (MAC 44),No,None,0.0,Partial,Maize,Low,Adequate,Yes,No,14.0,Sandy Soil,7.07,2.73,63.4,14.4,223.6,24.7,133.8,90.1,7.2,11.1,106.0,8.71
2020,Season A,September,Nyarugenge,Beans,1.89,1.45,145.0,Flat,Improved (RWR 2245),Partial,Inorganic (NPK),46.4,Partial,Beans,Low,Adequate,No,No,18.4,Clay Soil,6.23,2.27,37.9,22.3,189.2,23.2,76.2,71.9,8.0,10.2,128.2,14.89
2021,Season A,September,Kamabuye,Rice,2.18,1.48,148.0,Valley,Local Variety,No,None,0.0,No,Beans,Medium,Adequate,Yes,No,16.1,Clay Soil,7.31,2.27,42.7,20.5,190.9,24.2,55.3,81.0,6.8,13.4,114.4,18.86
2021,Season B,May,Mayange,Beans,0.33,0.21,21.0,Hillside,Hybrid (MAC 44),No,None,0.0,Partial,Fallow,Medium,Limited,Yes,No,6.9,Sandy Loam,5.94,2.9,65.1,11.2,190.6,23.4,59.4,82.5,6.6,10.4,90.9,8.1
2020,Season B,June,Musenyi,Beans,2.86,2.49,249.0,Hillside,Improved (RWR 2245),Partial,Inorganic (NPK),76.9,Yes,Maize,Low,Adequate,Yes,No,22.7,Loam,7.14,2.26,42.1,16.2,251.9,22.5,38.8,71.3,8.3,12.7,113.1,12.62
2023,Season A,January,Nyamata,Maize,0.7,0.5,50.0,Hillside,Improved (WH507),No,None,0.0,Partial,Maize,Low,Adequate,No,No,11.8,Clay Soil,7.06,3.24,78.1,24.3,244.0,22.2,82.0,65.5,7.2,10.5,95.4,18.48
2020,Season B,March,Mwogo,Rice,1.67,1.16,116.0,Valley,Local Variety,Yes,Organic (Compost),0.0,No,Beans,High,Sufficient,Yes,Yes,11.4,Sandy Soil,6.04,1.89,68.3,24.4,172.9,23.4,120.0,78.1,7.3,10.2,128.8,22.25
2021,Season B,February,Ngeruka,Beans,1.76,1.68,168.0,Valley,Hybrid (MAC 44),No,None,0.0,No,Beans,Low,Limited,Yes,Yes,10.6,Loam,7.06,2.7,71.1,18.4,198.2,23.4,95.8,73.2,8.1,9.1,101.5,8.85
2021,Season B,April,Ntarama,Maize,0.83,0.61,61.0,Valley,Improved (WH507),Yes,Organic (Compost),0.0,No,Cassava,High,Limited,Yes,Yes,23.7,Sandy Soil,7.07,2.9,62.3,11.1,248.5,24.6,66.1,86.4,6.6,10.6,98.4,13.92
2020,Season A,December,Nyarugenge,Maize,1.17,0.9,90.0,Hillside,Improved (WH507),No,None,0.0,Yes,Rice,Medium,Adequate,Yes,No,20.2,Clay Soil,6.22,2.21,41.1,22.3,212.1,23.1,55.2,63.9,7.5,9.9,95.5,17.58
2022,Season A,January,Kamabuye,Beans,1.91,1.67,167.0,Flat,Hybrid (MAC 44),No,None,0.0,No,Rice,High,Adequate,No,Yes,5.3,Clay Soil,7.02,2.34,40.1,20.8,202.1,23.2,84.1,72.8,8.0,10.4,106.9,8.47
2020,Season B,June,Gashora,Rice,1.04,0.66,66.0,Valley,Improved (IR64 / NERICA),Partial,Inorganic (NPK),30.6,No,Rice,Medium,Limited,No,Yes,10.2,Loam,6.53,2.2,48.4,23.5,177.4,22.4,45.3,68.4,8.0,12.2,101.8,21.04
2020,Season B,March,Shyara,Beans,1.13,0.76,76.0,Valley,Improved (RWR 2245),Yes,Mixed (Organic + Inorganic),139.8,Yes,Rice,Low,Adequate,No,Yes,18.0,Sandy Loam,6.2,2.23,59.2,18.1,269.4,24.1,121.4,74.8,7.6,9.7,97.4,15.53
2020,Season A,October,Kamabuye,Rice,1.25,0.98,98.0,Valley,Local Variety,Yes,Organic (Compost),0.0,Yes,Maize,High,Adequate,Yes,Yes,20.6,Clay Soil,7.01,2.28,46.1,21.7,191.0,24.4,120.3,79.0,7.5,8.4,100.7,23.64
2020,Season B,February,Shyara,Maize,2.13,1.94,194.0,Flat,Improved (WH507),Partial,Organic (Compost),25.7,No,Maize,High,Adequate,Yes,No,22.3,Sandy Loam,6.05,2.45,54.1,21.2,272.0,22.9,68.9,76.5,7.8,11.1,121.7,15.34
2023,Season B,February,Mayange,Maize,1.76,1.6,160.0,Hillside,Improved (WH507),Yes,Mixed (Organic + Inorganic),228.6,No,Beans,Low,Adequate,Yes,Yes,8.0,Sandy Loam,5.92,3.05,63.7,9.4,206.8,23.4,100.6,73.7,8.3,9.3,121.8,24.56
2023,Season A,November,Ngeruka,Maize,1.84,1.22,122.0,Valley,Hybrid (H614D),No,None,0.0,No,Rice,Low,Limited,No,Yes,8.6,Loam,6.91,2.49,78.4,19.5,196.5,22.7,104.0,73.4,6.1,10.0,108.5,20.32
2020,Season A,September,Nyamata,Maize,0.73,0.48,48.0,Flat,Improved (WH507),Partial,Organic (Compost),55.9,No,Maize,Medium,Adequate,No,Yes,5.1,Clay Soil,7.17,3.44,74.6,25.4,250.7,22.2,102.3,76.9,7.4,10.6,117.7,17.45
2023,Season B,May,Mayange,Beans,2.49,2.47,247.0,Hillside,Improved (RWR 2245),Yes,Mixed (Organic + Inorganic),176.7,No,Maize,High,Sufficient,No,No,20.9,Sandy Loam,5.92,2.63,69.0,15.4,205.3,24.2,47.7,83.1,7.1,9.8,116.8,9.37
2024,Season B,June,Ntarama,Beans,2.56,2.48,248.0,Flat,Hybrid (MAC 44),No,None,0.0,Yes,Beans,Low,Sufficient,No,No,24.0,Sandy Soil,7.31,2.93,64.8,11.4,253.4,23.4,35.1,68.5,7.8,10.9,100.1,7.83
2022,Season B,June,Gashora,Rice,0.22,0.14,14.0,Valley,Local Variety,No,None,0.0,Yes,Beans,High,Adequate,No,Yes,19.8,Loam,6.63,2.2,40.3,21.4,189.0,22.4,32.7,66.0,7.9,10.9,119.6,14.1
2023,Season A,December,Ruhuha,Maize,0.75,0.63,63.0,Flat,Local Variety,No,None,0.0,No,Beans,High,Sufficient,No,Yes,12.6,Sandy Loam,7.06,2.31,65.8,16.5,171.6,24.2,103.3,69.7,7.5,11.2,116.2,11.62
2020,Season A,November,Rilima,Rice,2.26,1.53,153.0,Flat,Local Variety,Yes,Mixed (Organic + Inorganic),191.0,Partial,Maize,Low,Adequate,Yes,No,17.5,Sandy Soil,6.11,2.03,46.2,14.8,212.4,23.5,82.5,82.2,7.9,10.4,89.7,25.71
2023,Season A,January,Nyarugenge,Maize,1.9,1.63,163.0,Valley,Hybrid (H614D),No,None,0.0,No,Beans,High,Adequate,No,No,9.8,Clay Soil,6.14,1.97,42.7,23.0,213.3,22.8,47.1,70.2,7.4,11.5,93.8,17.8
2022,Season A,September,Ngeruka,Beans,2.17,1.97,197.0,Flat,Hybrid (MAC 44),No,None,0.0,No,Rice,High,Limited,No,No,8.0,Loam,7.06,2.83,71.3,16.2,200.1,23.2,77.9,65.1,7.8,12.1,121.6,8.04
2023,Season B,April,Kamabuye,Rice,1.51,1.27,127.0,Flat,Improved (IR64 / NERICA),No,None,0.0,No,Maize,Low,Adequate,No,No,12.2,Clay Soil,7.07,2.33,46.0,17.6,206.4,23.2,122.7,77.2,7.1,9.8,119.5,32.46
2020,Season B,June,Mwogo,Rice,1.31,0.86,86.0,Flat,Local Variety,Yes,Inorganic (NPK),109.4,No,Beans,Low,Sufficient,Yes,Yes,22.4,Sandy Soil,5.89,2.13,70.1,21.9,154.2,24.5,46.7,69.1,8.4,12.4,99.5,18.71
2021,Season A,December,Rilima,Rice,0.29,0.18,18.0,Valley,Improved (IR64 / NERICA),Partial,Organic (Compost),58.6,Partial,Beans,High,Adequate,No,No,7.1,Sandy Soil,6.1,1.13,40.8,16.7,205.8,22.4,75.6,71.2,8.1,12.8,124.3,29.78
2020,Season B,February,Rilima,Maize,1.27,1.08,108.0,Flat,Hybrid (H614D),No,None,0.0,Yes,Maize,Medium,Limited,Yes,No,17.6,Sandy Soil,6.0,1.54,45.0,13.4,220.9,23.5,96.4,66.7,7.2,9.9,106.7,20.91
2022,Season B,March,Rilima,Maize,1.88,1.67,167.0,Flat,Improved (WH507),No,None,0.0,No,Beans,Low,Sufficient,Yes,No,12.2,Sandy Soil,6.21,1.79,37.8,15.1,210.9,21.6,62.4,73.7,6.8,11.6,115.7,18.03
2024,Season A,October,Nyamata,Maize,0.5,0.45,45.0,Flat,Improved (WH507),Yes,Mixed (Organic + Inorganic),30.2,Yes,Beans,Medium,Adequate,No,No,19.0,Clay Soil,7.07,3.17,75.1,24.3,246.3,25.9,102.2,83.3,6.6,10.0,110.6,20.23
2021,Season B,June,Mwogo,Rice,0.91,0.56,56.0,Valley,Local Variety,Yes,Organic (Compost),0.0,Yes,Beans,Low,Limited,No,Yes,13.6,Sandy Soil,5.95,1.8,68.1,21.5,170.1,23.1,48.3,59.3,7.7,12.4,114.2,18.94
2023,Season B,April,Rilima,Beans,0.73,0.46,46.0,Flat,Local Variety,Yes,Mixed (Organic + Inorganic),162.6,No,Cassava,Low,Adequate,Yes,No,24.8,Sandy Soil,6.11,1.96,46.6,13.9,199.1,22.6,106.5,76.8,7.2,11.9,120.3,7.73
2022,Season A,January,Mayange,Beans,2.71,1.76,176.0,Valley,Hybrid (MAC 44),Yes,Organic (Compost),0.0,No,Beans,Medium,Limited,No,No,8.8,Sandy Loam,6.15,2.79,62.7,9.5,213.1,22.2,80.2,74.1,6.7,12.7,115.3,10.04
2020,Season A,January,Mwogo,Beans,0.97,0.86,86.0,Valley,Improved (RWR 2245),No,None,0.0,Partial,Maize,Medium,Sufficient,No,No,6.4,Sandy Soil,5.94,1.88,68.7,21.4,170.3,21.2,91.5,77.4,7.7,11.9,97.8,13.74
2020,Season B,May,Nyamata,Maize,2.59,2.15,215.0,Valley,Improved (WH507),Yes,Inorganic (NPK),118.0,Partial,Beans,Medium,Adequate,No,No,16.4,Clay Soil,7.01,3.1,77.9,24.3,248.0,23.9,101.7,87.0,7.3,12.5,114.3,20.39
2021,Season B,February,Gashora,Rice,1.7,1.41,141.0,Flat,Local Variety,Partial,Organic (Compost),73.7,No,Maize,Medium,Sufficient,No,No,7.2,Loam,6.35,2.09,46.4,22.3,191.7,24.6,79.1,69.1,7.6,12.6,99.3,19.21
2020,Season B,June,Mareba,Maize,2.27,1.37,137.0,Flat,Improved (WH507),Yes,Mixed (Organic + Inorganic),243.4,No,Beans,Low,Limited,Yes,Yes,22.2,Sandy Loam,7.28,3.02,56.9,10.4,240.4,21.9,43.9,68.8,7.7,9.7,112.4,14.53
2022,Season A,November,Rilima,Beans,1.67,1.32,132.0,Flat,Improved (RWR 2245),Partial,Inorganic (NPK),72.2,No,Rice,Medium,Sufficient,Yes,Yes,25.0,Sandy Soil,6.09,1.66,40.4,17.3,201.8,23.9,63.9,73.7,6.9,10.7,102.7,13.08
2023,Season B,April,Mayange,Rice,2.08,1.66,166.0,Valley,Improved (IR64 / NERICA),Partial,Organic (Compost),18.8,No,Maize,Medium,Sufficient,Yes,Yes,21.3,Sandy Loam,6.02,2.63,58.6,12.2,211.4,23.8,97.1,79.2,7.3,11.9,110.4,35.37
2022,Season A,December,Mareba,Beans,1.43,1.17,117.0,Flat,Hybrid (MAC 44),No,None,0.0,No,Cassava,Medium,Adequate,Yes,No,21.5,Sandy Loam,6.99,2.9,62.7,11.1,258.2,23.5,73.1,72.9,7.8,11.4,123.3,9.62
2024,Season B,June,Shyara,Maize,0.24,0.23,23.0,Hillside,Improved (WH507),No,None,0.0,Partial,Maize,Medium,Adequate,Yes,Yes,19.7,Sandy Loam,6.04,2.51,61.2,19.2,273.2,23.8,24.2,55.3,8.8,13.9,125.9,13.79
2023,Season A,December,Ruhuha,Maize,1.52,1.3,130.0,Hillside,Improved (WH507),No,None,0.0,No,Rice,Medium,Adequate,Yes,No,17.2,Sandy Loam,6.94,2.58,60.3,19.1,184.0,23.6,81.2,74.6,7.6,10.1,116.7,17.63
2023,Season B,June,Shyara,Maize,2.65,2.51,251.0,Flat,Improved (WH507),No,None,0.0,No,Beans,Low,Adequate,No,No,15.0,Sandy Loam,6.04,2.03,56.6,21.7,278.9,21.8,24.0,73.2,8.5,13.4,132.2,12.72
2022,Season B,April,Rweru,Beans,2.04,1.78,178.0,Valley,Hybrid (MAC 44),Yes,Mixed (Organic + Inorganic),57.2,Yes,Maize,High,Sufficient,Yes,No,17.9,Clay Soil,6.86,2.5,68.8,13.2,201.2,24.7,104.2,66.8,6.4,9.8,106.9,9.04
2023,Season B,February,Rilima,Maize,0.48,0.4,40.0,Flat,Local Variety,No,None,0.0,No,Beans,High,Adequate,Yes,Yes,6.5,Sandy Soil,6.0,1.74,38.8,14.6,221.4,23.9,56.7,67.6,7.2,10.0,94.7,10.39
2020,Season A,October,Gashora,Maize,2.28,1.75,175.0,Flat,Improved (WH507),No,None,0.0,No,Rice,Medium,Adequate,Yes,No,11.6,Loam,6.43,2.08,54.7,23.8,200.7,22.9,78.2,85.8,6.7,10.1,93.6,17.38
2021,Season A,September,Rilima,Rice,2.28,1.84,184.0,Valley,Improved (IR64 / NERICA),No,None,0.0,Yes,Beans,Low,Sufficient,No,Yes,9.3,Sandy Soil,6.01,1.9,42.6,17.8,215.1,23.0,104.7,72.3,8.0,11.9,108.9,38.43
2022,Season A,October,Rilima,Maize,1.97,1.95,195.0,Valley,Improved (WH507),No,None,0.0,No,Beans,Medium,Adequate,Yes,No,15.4,Sandy Soil,6.15,1.6,47.3,14.4,196.2,22.2,146.2,78.4,6.3,9.4,102.5,17.35
2021,Season A,September,Mwogo,Rice,2.9,2.29,229.0,Valley,Hybrid (Komboka),Yes,Inorganic (NPK),213.2,No,Fallow,Medium,Adequate,Yes,No,17.4,Sandy Soil,6.05,1.79,64.7,20.4,149.4,24.4,86.7,73.2,7.6,12.7,107.7,30.91
2024,Season B,June,Kamabuye,Rice,0.86,0.6,60.0,Flat,Local Variety,No,None,0.0,No,Beans,Medium,Adequate,Yes,Yes,17.1,Clay Soil,7.15,2.0,38.3,17.5,213.7,21.9,22.1,66.8,7.6,11.8,101.6,12.88
2020,Season B,March,Nyamata,Maize,1.46,1.38,138.0,Flat,Improved (WH507),No,None,0.0,No,Beans,Medium,Adequate,Yes,Yes,10.4,Clay Soil,7.18,3.32,78.4,28.0,253.4,22.4,119.3,72.8,8.0,11.8,126.7,16.55
2021,Season B,April,Ntarama,Rice,0.14,0.12,12.0,Flat,Hybrid (Komboka),No,None,0.0,No,Beans,Medium,Sufficient,No,No,11.0,Sandy Soil,7.2,2.76,59.3,11.5,228.8,24.4,75.0,79.7,6.9,11.4,95.7,20.49
2022,Season B,March,Mayange,Beans,2.51,2.44,244.0,Hillside,Improved (RWR 2245),No,None,0.0,No,Maize,Low,Adequate,Yes,No,16.2,Sandy Loam,6.03,2.66,68.1,12.6,220.9,22.2,67.9,77.6,7.5,10.8,107.3,13.88
2021,Season A,December,Mareba,Maize,0.31,0.27,27.0,Valley,Local Variety,Partial,Inorganic (NPK),59.5,No,Beans,Low,Adequate,Yes,Yes,10.3,Sandy Loam,7.09,2.7,60.2,13.0,242.1,23.2,55.7,85.2,7.2,11.0,123.5,12.34
2024,Season B,May,Rweru,Maize,0.64,0.44,44.0,Flat,Improved (WH507),Partial,Inorganic (NPK),14.7,Yes,Cassava,Medium,Limited,No,No,19.1,Clay Soil,7.02,2.57,71.5,14.8,177.6,23.2,58.8,71.4,7.5,10.3,115.9,13.85
2020,Season A,January,Kamabuye,Rice,2.52,2.32,232.0,Valley,Improved (IR64 / NERICA),No,None,0.0,Yes,Beans,Medium,Adequate,No,No,5.6,Clay Soil,7.15,2.35,40.9,19.2,200.5,21.2,56.1,75.2,8.2,12.0,103.0,24.83
2020,Season B,May,Mareba,Maize,1.21,1.01,101.0,Flat,Improved (WH507),No,None,0.0,Yes,Beans,Low,Adequate,Yes,Yes,15.1,Sandy Loam,7.08,3.07,62.7,13.2,239.0,24.7,78.6,72.5,7.2,10.0,91.5,18.25
2021,Season A,September,Rweru,Maize,0.82,0.52,52.0,Hillside,Improved (WH507),Yes,Inorganic (NPK),50.8,Yes,Beans,Medium,Limited,Yes,No,9.3,Clay Soil,6.87,2.69,65.5,10.1,176.9,26.8,67.1,75.8,6.9,13.4,122.9,17.86
2023,Season A,December,Gashora,Maize,1.01,0.9,90.0,Hillside,Local Variety,No,None,0.0,No,Maize,Low,Sufficient,Yes,No,13.9,Loam,6.52,1.96,47.6,24.0,185.2,24.2,82.6,64.9,7.3,13.8,114.3,12.98
2022,Season B,April,Kamabuye,Maize,0.82,0.68,68.0,Valley,Hybrid (H614D),Yes,Organic (Compost),0.0,Yes,Beans,Medium,Limited,Yes,No,22.2,Clay Soil,7.06,1.98,36.7,21.9,209.4,21.9,90.7,79.7,6.4,8.8,103.7,26.12
2023,Season A,November,Nyamata,Beans,2.64,2.52,252.0,Valley,Improved (RWR 2245),Partial,Organic (Compost),57.5,No,Beans,Medium,Adequate,No,No,14.2,Clay Soil,7.03,3.32,74.2,25.7,254.7,24.5,84.7,77.2,7.2,11.1,95.4,12.18
2023,Season B,February,Nyamata,Maize,2.46,2.18,218.0,Flat,Local Variety,Yes,Mixed (Organic + Inorganic),26.5,No,Beans,Low,Adequate,Yes,No,22.6,Clay Soil,7.23,3.22,78.6,26.0,232.0,23.9,98.4,76.1,7.2,9.8,94.1,16.69
2022,Season B,April,Nyarugenge,Rice,0.49,0.49,49.0,Valley,Hybrid (Komboka),No,None,0.0,Yes,Beans,Low,Sufficient,Yes,No,20.6,Clay Soil,6.25,2.05,39.2,21.1,198.0,25.9,75.5,80.8,6.9,11.0,118.4,22.42
2021,Season B,February,Kamabuye,Rice,2.92,2.11,211.0,Valley,Improved (IR64 / NERICA),No,None,0.0,Yes,Rice,Low,Adequate,No,No,20.1,Clay Soil,6.92,2.59,39.0,19.5,207.4,21.8,57.0,76.3,7.9,12.8,125.6,24.31
2020,Season A,December,Mwogo,Beans,0.24,0.18,18.0,Hillside,Improved (RWR 2245),Yes,Inorganic (NPK),31.5,Partial,Beans,Low,Adequate,Yes,Yes,18.7,Sandy Soil,5.98,2.17,67.8,21.9,166.4,23.3,79.5,75.2,7.1,10.9,123.6,14.65
2024,Season B,June,Ruhuha,Rice,2.97,2.13,213.0,Valley,Improved (IR64 / NERICA),Yes,Inorganic (NPK),231.6,No,Beans,Medium,Limited,No,No,19.1,Sandy Loam,7.02,2.46,62.5,15.0,187.9,23.8,39.1,73.4,7.6,14.9,133.3,22.84
2021,Season B,March,Nyamata,Maize,1.45,1.33,133.0,Flat,Improved (WH507),Yes,Organic (Compost),0.0,No,Beans,Low,Adequate,No,No,11.9,Clay Soil,7.14,3.23,80.2,20.3,254.1,22.5,106.7,82.1,6.4,10.5,108.8,22.89
2023,Season A,October,Ntarama,Maize,2.48,1.59,159.0,Hillside,Local Variety,Partial,Inorganic (NPK),22.2,No,Rice,High,Sufficient,Yes,Yes,19.4,Sandy Soil,7.03,2.81,64.3,9.9,255.6,22.5,82.2,79.2,5.6,8.6,90.9,13.7
2024,Season A,September,Rilima,Beans,1.82,1.27,127.0,Valley,Hybrid (MAC 44),Yes,Mixed (Organic + Inorganic),206.4,Yes,Beans,Low,Limited,Yes,No,12.2,Sandy Soil,6.03,1.53,46.9,13.7,205.2,22.8,83.3,72.7,7.3,14.2,107.5,10.38
2022,Season A,September,Mwogo,Maize,0.89,0.75,75.0,Flat,Hybrid (H614D),Yes,Inorganic (NPK),228.0,Yes,Beans,Low,Sufficient,Yes,No,22.3,Sandy Soil,5.96,2.01,72.3,19.4,171.7,24.1,82.8,79.5,7.1,11.4,116.9,32.72
2020,Season A,November,Juru,Beans,1.64,1.04,104.0,Valley,Improved (RWR 2245),No,None,0.0,No,Maize,Medium,Adequate,Yes,No,5.6,Sandy Loam,6.83,2.79,46.1,27.0,175.8,23.0,95.4,71.0,7.1,10.1,106.6,12.37
2022,Season A,October,Mwogo,Rice,1.53,1.5,150.0,Valley,Local Variety,Yes,Organic (Compost),0.0,No,Beans,Low,Adequate,Yes,Yes,24.3,Sandy Soil,6.13,1.92,64.7,22.7,172.9,24.3,92.9,75.5,6.8,10.4,116.7,24.95
2021,Season B,May,Ngeruka,Rice,2.08,1.51,151.0,Flat,Hybrid (Komboka),No,None,0.0,No,Rice,Low,Adequate,No,No,24.0,Loam,7.02,2.7,70.9,19.2,180.3,23.1,60.6,75.8,7.1,12.2,92.7,17.24
2024,Season B,May,Juru,Beans,1.52,1.18,118.0,Valley,Hybrid (MAC 44),Yes,Mixed (Organic + Inorganic),111.7,Yes,Rice,Medium,Sufficient,Yes,Yes,6.2,Sandy Loam,6.92,2.59,41.9,25.7,175.5,22.6,80.7,80.0,7.4,10.6,105.6,11.94
2021,Season B,May,Kamabuye,Maize,0.69,0.49,49.0,Flat,Hybrid (H614D),Partial,Organic (Compost),23.2,Partial,Maize,Medium,Limited,Yes,Yes,12.0,Clay Soil,6.92,2.36,40.4,21.2,201.6,24.0,58.7,76.0,7.0,11.0,97.1,17.06
2023,Season A,January,Nyamata,Beans,2.71,2.08,208.0,Hillside,Hybrid (MAC 44),No,None,0.0,Partial,Maize,Low,Limited,Yes,No,17.4,Clay Soil,7.17,3.18,78.6,25.2,242.9,21.1,72.1,76.5,8.3,10.6,103.8,9.15
2024,Season B,April,Kamabuye,Maize,2.93,1.89,189.0,Flat,Hybrid (H614D),No,None,0.0,No,Beans,High,Adequate,No,No,21.1,Clay Soil,7.06,2.16,41.3,15.2,204.6,22.8,66.4,83.4,6.5,11.1,93.7,19.16
2021,Season B,February,Mwogo,Rice,0.15,0.1,10.0,Flat,Hybrid (Komboka),No,None,0.0,No,Beans,Low,Adequate,No,No,15.8,Sandy Soil,6.08,2.08,64.0,20.0,153.9,22.2,98.2,69.5,6.8,11.3,125.1,23.9
2022,Season B,February,Ruhuha,Beans,1.51,1.42,142.0,Valley,Local Variety,Yes,Inorganic (NPK),57.1,No,Cassava,Low,Sufficient,Yes,No,7.5,Sandy Loam,6.98,2.49,63.1,22.1,180.6,23.3,71.5,77.7,8.5,10.9,115.7,8.48
2024,Season A,September,Nyamata,Beans,2.66,1.87,187.0,Flat,Hybrid (MAC 44),No,None,0.0,Yes,Maize,Low,Adequate,Yes,No,6.5,Clay Soil,7.25,3.27,79.7,21.6,260.6,25.1,94.6,75.4,7.8,12.5,113.9,9.1
2021,Season A,October,Mwogo,Beans,0.24,0.21,21.0,Valley,Local Variety,No,None,0.0,No,Beans,Low,Sufficient,Yes,No,15.3,Sandy Soil,6.04,1.92,65.1,20.3,161.3,24.9,78.7,84.0,6.9,10.1,97.0,6.09
2024,Season A,September,Kamabuye,Beans,1.64,1.48,148.0,Valley,Local Variety,No,None,0.0,Partial,Cassava,Medium,Adequate,No,No,17.1,Clay Soil,7.18,2.37,43.6,18.6,206.0,22.4,107.9,78.6,7.6,12.2,97.8,6.74
2020,Season B,March,Gashora,Maize,1.42,1.17,117.0,Flat,Improved (WH507),Yes,Inorganic (NPK),118.2,No,Maize,Low,Adequate,Yes,No,15.4,Loam,6.57,2.48,49.0,24.4,189.6,22.9,76.6,76.1,6.7,8.5,105.2,17.58
2020,Season B,June,Mareba,Beans,1.37,1.06,106.0,Valley,Hybrid (MAC 44),No,None,0.0,Yes,Maize,Low,Limited,Yes,Yes,5.2,Sandy Loam,7.11,2.88,64.3,9.1,241.5,24.1,32.7,73.0,8.0,11.2,119.1,7.57
2023,Season B,February,Rilima,Maize,2.1,2.0,200.0,Hillside,Improved (WH507),No,None,0.0,No,Maize,Low,Limited,No,Yes,14.0,Sandy Soil,6.18,2.01,39.5,12.5,212.5,23.1,80.6,80.1,7.9,12.4,111.3,17.33
2022,Season B,February,Rweru,Maize,1.47,1.16,116.0,Flat,Improved (WH507),Partial,Inorganic (NPK),38.9,Yes,Maize,High,Sufficient,Yes,Yes,9.0,Clay Soil,6.95,2.76,65.5,10.1,201.2,21.1,74.5,74.1,7.9,10.6,106.6,14.0
2021,Season B,May,Ruhuha,Maize,1.74,1.05,105.0,Valley,Improved (WH507),Partial,Organic (Compost),19.2,No,Beans,Low,Adequate,Yes,Yes,11.4,Sandy Loam,7.08,2.56,64.4,19.8,201.5,22.8,52.4,75.9,6.3,11.5,97.1,15.44
2024,Season A,September,Rweru,Rice,2.41,1.56,156.0,Valley,Hybrid (Komboka),No,None,0.0,No,Fallow,Medium,Sufficient,No,No,22.6,Clay Soil,6.96,2.39,62.3,8.2,202.4,22.9,56.7,73.3,7.2,10.3,123.9,19.9
2022,Season A,January,Nyamata,Maize,1.21,0.87,87.0,Valley,Hybrid (H614D),Yes,Mixed (Organic + Inorganic),211.5,No,Beans,Low,Adequate,Yes,No,13.8,Clay Soil,7.19,3.23,77.9,25.0,253.6,21.9,40.3,70.4,8.0,10.4,99.7,24.63
2022,Season A,December,Nyamata,Rice,2.06,1.27,127.0,Flat,Hybrid (Komboka),Partial,Inorganic (NPK),56.1,No,Cassava,Low,Limited,Yes,No,10.8,Clay Soil,7.13,3.07,74.6,23.9,255.2,22.0,88.4,70.8,7.4,12.8,110.8,22.74
2020,Season A,December,Kamabuye,Beans,1.61,1.16,116.0,Flat,Improved (RWR 2245),Partial,Organic (Compost),37.3,No,Beans,Medium,Adequate,No,Yes,5.2,Clay Soil,6.99,2.31,46.8,16.2,205.8,21.8,59.1,72.4,7.5,11.4,109.4,11.62
2024,Season A,October,Juru,Maize,1.0,0.81,81.0,Valley,Local Variety,Yes,Mixed (Organic + Inorganic),99.9,No,Rice,Medium,Adequate,Yes,Yes,18.1,Sandy Loam,7.0,2.75,49.6,23.1,163.9,25.2,69.5,85.0,6.7,10.1,100.8,12.99
2022,Season B,April,Ntarama,Maize,1.38,1.0,100.0,Flat,Local Variety,No,None,0.0,Yes,Fallow,Medium,Sufficient,Yes,No,8.2,Sandy Soil,7.07,3.15,66.5,11.7,232.4,24.3,82.4,87.1,5.6,10.9,120.9,12.18
2021,Season B,June,Rweru,Beans,0.94,0.93,93.0,Hillside,Local Variety,No,None,0.0,No,Cassava,Medium,Limited,Yes,Yes,22.1,Clay Soil,7.04,2.57,62.3,9.1,180.1,23.9,30.4,68.1,8.1,13.9,120.4,4.07
2023,Season B,April,Ruhuha,Maize,1.3,1.17,117.0,Hillside,Improved (WH507),Partial,Organic (Compost),24.3,Partial,Maize,Medium,Adequate,No,No,14.9,Sandy Loam,7.05,2.7,63.3,19.7,193.5,23.4,149.5,82.6,6.3,10.4,114.4,17.74
2021,Season B,June,Rilima,Maize,0.42,0.4,40.0,Hillside,Hybrid (H614D),No,None,0.0,No,Cassava,Medium,Sufficient,Yes,No,19.7,Sandy Soil,6.01,1.89,46.1,15.8,214.8,24.2,27.9,68.3,8.1,11.8,110.2,16.02
2023,Season A,September,Rweru,Beans,1.89,1.8,180.0,Flat,Hybrid (MAC 44),Yes,Inorganic (NPK),23.7,No,Beans,Low,Limited,Yes,Yes,10.3,Clay Soil,7.08,2.63,68.7,11.2,191.6,22.7,99.3,71.0,7.5,10.4,99.5,10.64
2024,Season B,June,Ntarama,Beans,0.99,0.93,93.0,Flat,Local Variety,Yes,Mixed (Organic + Inorganic),202.7,No,Maize,Medium,Limited,No,No,21.6,Sandy Soil,7.17,2.96,67.0,13.0,246.4,23.6,36.5,67.6,7.9,11.8,111.7,4.58
2023,Season A,October,Ruhuha,Rice,2.73,1.77,177.0,Valley,Improved (IR64 / NERICA),Yes,Organic (Compost),0.0,Partial,Beans,Medium,Adequate,Yes,No,23.3,Sandy Loam,6.96,2.55,64.2,19.2,203.3,23.2,116.3,88.3,7.0,10.6,113.9,41.98
2022,Season B,February,Ngeruka,Rice,2.29,1.42,142.0,Valley,Improved (IR64 / NERICA),Yes,Inorganic (NPK),113.8,No,Beans,Low,Adequate,Yes,Yes,19.7,Loam,6.79,2.66,75.5,18.9,194.4,21.7,52.0,69.6,7.9,10.7,105.0,25.73
2021,Season A,October,Kamabuye,Maize,1.89,1.73,173.0,Flat,Local Variety,No,None,0.0,No,Maize,Low,Sufficient,Yes,No,14.5,Clay Soil,7.15,2.32,37.7,19.3,197.9,26.4,139.6,85.9,7.2,10.6,96.8,11.19
2023,Season A,December,Rweru,Maize,0.78,0.64,64.0,Flat,Hybrid (H614D),Partial,Organic (Compost),26.6,Partial,Beans,Low,Adequate,No,Yes,24.1,Clay Soil,7.12,2.55,65.8,14.0,196.9,22.7,60.3,78.8,8.5,12.4,120.7,26.43
2020,Season A,October,Nyamata,Beans,2.19,2.03,203.0,Flat,Improved (RWR 2245),Yes,Inorganic (NPK),129.6,No,Maize,Medium,Adequate,Yes,No,9.4,Clay Soil,6.82,3.34,74.9,22.0,250.9,25.3,78.2,82.3,7.4,11.1,109.5,13.26
2020,Season B,April,Mareba,Beans,1.92,1.24,124.0,Flat,Local Variety,No,None,0.0,No,Cassava,Low,Sufficient,Yes,No,6.7,Sandy Loam,7.17,2.86,60.9,8.2,249.3,22.0,146.3,75.9,7.1,11.7,96.8,6.16
2023,Season B,March,Rweru,Maize,2.81,2.8,280.0,Flat,Improved (WH507),No,None,0.0,No,Beans,Medium,Limited,No,No,21.5,Clay Soil,7.18,2.54,65.8,13.6,169.4,22.4,105.2,72.6,7.1,11.4,115.0,16.33
2021,Season A,September,Nyarugenge,Rice,1.91,1.73,173.0,Valley,Hybrid (Komboka),Yes,Organic (Compost),0.0,No,Beans,Medium,Sufficient,No,Yes,24.6,Clay Soil,6.2,2.16,39.3,25.5,195.1,22.8,74.2,69.1,6.7,12.3,122.0,24.6
2020,Season A,December,Nyarugenge,Rice,1.84,1.49,149.0,Flat,Local Variety,No,None,0.0,No,Cassava,Medium,Sufficient,No,No,24.0,Clay Soil,6.11,2.29,42.0,22.6,191.0,22.6,115.0,67.4,6.8,10.8,96.0,21.59
2021,Season A,December,Shyara,Maize,0.83,0.78,78.0,Flat,Improved (WH507),Yes,Organic (Compost),0.0,Yes,Rice,Medium,Adequate,Yes,No,8.3,Sandy Loam,6.08,2.51,54.1,19.4,264.1,22.1,79.0,84.1,7.8,13.5,94.7,21.49
2021,Season B,April,Shyara,Beans,0.12,0.08,8.0,Hillside,Hybrid (MAC 44),Partial,Inorganic (NPK),56.6,Yes,Rice,Low,Limited,No,No,24.9,Sandy Loam,6.17,2.53,58.5,22.7,273.4,21.3,79.5,69.9,6.4,10.4,109.7,9.65
2022,Season B,June,Mareba,Rice,1.48,1.06,106.0,Flat,Local Variety,No,None,0.0,Yes,Beans,Low,Adequate,No,No,10.5,Sandy Loam,7.23,2.87,60.5,14.6,231.9,22.0,44.1,66.0,8.0,11.2,98.9,16.24
2024,Season A,December,Mayange,Maize,2.72,2.24,224.0,Flat,Improved (WH507),No,None,0.0,No,Beans,Low,Adequate,Yes,No,21.5,Sandy Loam,5.82,2.84,68.8,14.8,219.9,23.3,103.1,72.1,8.2,10.6,96.1,22.36
2021,Season B,March,Juru,Beans,1.07,0.87,87.0,Valley,Improved (RWR 2245),Yes,Inorganic (NPK),184.0,Yes,Maize,Low,Adequate,No,No,9.3,Sandy Loam,6.78,2.59,50.6,26.3,170.1,21.6,124.3,65.9,7.5,9.9,116.7,14.65
2023,Season B,May,Juru,Beans,2.06,2.04,204.0,Flat,Improved (RWR 2245),Yes,Mixed (Organic + Inorganic),26.0,No,Beans,Medium,Adequate,No,No,14.6,Sandy Loam,6.98,2.52,49.6,22.7,169.4,23.4,63.1,78.4,5.4,11.0,113.2,12.28
2024,Season A,October,Rweru,Rice,2.73,2.49,249.0,Valley,Local Variety,Yes,Mixed (Organic + Inorganic),146.3,Yes,Beans,Medium,Adequate,Yes,No,6.4,Clay Soil,7.07,2.74,64.0,12.2,182.2,25.6,139.3,81.3,6.7,9.4,116.9,27.86
2024,Season B,February,Nyarugenge,Maize,0.26,0.23,23.0,Hillside,Improved (WH507),No,None,0.0,Yes,Beans,High,Limited,No,No,12.2,Clay Soil,6.12,2.41,45.7,18.5,192.4,22.9,55.7,72.0,7.8,12.6,103.2,13.95
2020,Season A,November,Nyamata,Beans,2.64,1.98,198.0,Flat,Improved (RWR 2245),No,None,0.0,No,Beans,Low,Adequate,Yes,Yes,18.2,Clay Soil,7.15,3.35,76.5,22.7,257.6,23.1,112.2,73.5,6.8,10.4,91.8,11.28
2020,Season B,February,Ntarama,Beans,2.25,1.61,161.0,Flat,Hybrid (MAC 44),No,None,0.0,No,Fallow,Low,Limited,Yes,No,23.2,Sandy Soil,7.16,2.82,66.0,9.7,250.0,23.2,64.1,76.7,8.0,10.7,108.9,9.12
2022,Season B,May,Nyamata,Rice,1.65,1.45,145.0,Valley,Hybrid (Komboka),Yes,Inorganic (NPK),40.1,Yes,Maize,High,Limited,Yes,No,15.7,Clay Soil,7.2,3.31,73.9,24.5,256.3,24.7,88.0,75.6,6.5,10.4,92.4,20.53
2021,Season B,June,Ngeruka,Maize,1.82,1.64,164.0,Valley,Improved (WH507),No,None,0.0,No,Fallow,High,Limited,Yes,No,20.8,Loam,6.92,2.57,77.9,21.3,196.7,21.7,27.2,63.5,8.0,12.3,124.4,9.44
2021,Season A,October,Juru,Maize,1.92,1.35,135.0,Flat,Local Variety,No,None,0.0,Partial,Beans,High,Adequate,Yes,Yes,21.4,Sandy Loam,6.74,2.48,46.1,25.7,169.0,24.1,71.0,76.8,7.1,10.7,98.9,11.42
2024,Season A,December,Musenyi,Maize,1.36,1.24,124.0,Flat,Local Variety,Partial,Organic (Compost),54.2,No,Rice,Low,Sufficient,Yes,No,14.8,Loam,7.27,2.29,37.0,12.8,254.7,23.8,95.4,74.6,7.8,11.4,113.4,13.78
2023,Season A,September,Musenyi,Beans,1.67,1.28,128.0,Hillside,Local Variety,Yes,Inorganic (NPK),232.8,No,Maize,Low,Adequate,No,No,11.3,Loam,7.03,2.14,38.3,16.9,272.7,24.0,90.1,75.9,7.9,11.6,124.0,7.9
2022,Season B,February,Mwogo,Maize,1.9,1.17,117.0,Valley,Local Variety,No,None,0.0,Partial,Maize,Medium,Adequate,Yes,Yes,10.0,Sandy Soil,6.13,1.89,71.9,21.4,161.7,22.1,54.2,77.3,8.2,11.0,101.5,9.24
2023,Season B,April,Ruhuha,Maize,1.32,1.23,123.0,Valley,Hybrid (H614D),No,None,0.0,Partial,Cassava,Low,Adequate,No,No,16.6,Sandy Loam,6.96,2.19,59.9,21.6,189.3,25.0,85.1,79.5,6.2,10.2,109.1,20.54
2024,Season A,November,Mwogo,Maize,1.81,1.74,174.0,Hillside,Improved (WH507),Partial,Organic (Compost),41.1,Yes,Rice,High,Adequate,No,No,13.0,Sandy Soil,6.04,1.79,62.2,20.4,162.6,23.2,63.5,82.8,7.3,9.7,92.5,18.77
2020,Season A,December,Rweru,Beans,0.56,0.49,49.0,Valley,Improved (RWR 2245),No,None,0.0,No,Fallow,Low,Limited,Yes,Yes,13.0,Clay Soil,7.03,2.65,68.8,13.3,186.8,23.1,101.5,73.3,8.1,12.5,119.3,12.88
2022,Season A,December,Nyamata,Maize,0.83,0.67,67.0,Hillside,Local Variety,Partial,Organic (Compost),14.0,No,Beans,Medium,Limited,Yes,No,11.5,Clay Soil,7.28,3.16,72.6,22.7,262.1,23.4,106.8,82.2,7.0,9.3,116.5,14.17
2021,Season B,April,Nyarugenge,Maize,0.99,0.92,92.0,Hillside,Hybrid (H614D),No,None,0.0,No,Maize,Low,Sufficient,No,No,23.1,Clay Soil,6.0,2.49,39.2,23.1,210.2,23.7,117.3,79.2,7.2,12.5,93.0,24.32
2024,Season B,May,Musenyi,Rice,2.18,2.01,201.0,Valley,Hybrid (Komboka),Partial,Inorganic (NPK),28.6,Partial,Maize,Medium,Sufficient,No,Yes,11.7,Loam,7.02,2.56,40.2,13.9,256.4,24.1,104.1,83.3,7.9,11.7,110.4,24.63
2024,Season B,June,Mareba,Rice,0.68,0.57,57.0,Valley,Hybrid (Komboka),Yes,Organic (Compost),0.0,No,Maize,Low,Adequate,Yes,No,12.6,Sandy Loam,7.04,3.22,60.1,6.7,222.9,20.6,34.9,64.0,7.9,11.4,103.8,16.73
2024,Season A,September,Musenyi,Maize,0.68,0.47,47.0,Flat,Improved (WH507),Partial,Organic (Compost),59.8,No,Beans,Medium,Adequate,No,Yes,13.3,Loam,7.13,2.41,43.4,19.4,251.6,24.3,68.7,68.5,7.5,12.2,111.8,17.81
2024,Season A,November,Gashora,Rice,1.48,0.93,93.0,Valley,Local Variety,No,None,0.0,Partial,Maize,Medium,Sufficient,Yes,No,12.0,Loam,6.56,2.06,51.1,22.8,194.9,22.4,63.8,82.7,7.3,10.8,95.3,17.19
2021,Season B,March,Juru,Beans,2.74,1.95,195.0,Valley,Improved (RWR 2245),No,None,0.0,Yes,Beans,Medium,Limited,No,Yes,12.7,Sandy Loam,7.05,2.77,45.5,24.8,177.8,22.3,60.3,84.1,7.1,10.8,98.4,10.63
2023,Season B,May,Ngeruka,Beans,2.24,1.94,194.0,Flat,Local Variety,Partial,Inorganic (NPK),69.1,No,Fallow,Low,Adequate,No,Yes,21.2,Loam,7.03,2.58,73.7,18.5,201.2,21.2,98.2,73.5,7.2,11.3,101.7,7.23
2021,Season B,June,Mareba,Maize,0.95,0.94,94.0,Flat,Improved (WH507),No,None,0.0,No,Rice,Low,Adequate,No,Yes,12.4,Sandy Loam,7.07,3.13,60.3,11.7,238.3,22.9,33.1,78.3,7.6,11.9,129.5,12.54
2022,Season A,December,Mayange,Rice,0.77,0.48,48.0,Hillside,Local Variety,Yes,Organic (Compost),0.0,No,Rice,Medium,Limited,No,No,23.5,Sandy Loam,5.92,3.07,66.1,13.5,215.9,22.6,95.9,71.3,7.6,12.6,121.6,19.54
2024,Season A,September,Ruhuha,Maize,1.81,1.16,116.0,Flat,Local Variety,No,None,0.0,No,Beans,Medium,Sufficient,Yes,No,11.7,Sandy Loam,7.13,2.57,58.3,20.8,198.4,22.3,83.7,77.3,7.9,11.3,105.5,14.73
2021,Season B,March,Rilima,Rice,2.56,1.98,198.0,Valley,Local Variety,Yes,Inorganic (NPK),156.6,Yes,Fallow,Low,Limited,No,No,18.2,Sandy Soil,6.04,1.76,45.3,15.3,220.5,20.3,83.7,79.6,7.3,11.7,122.9,19.24
2023,Season A,December,Ruhuha,Beans,2.99,2.5,250.0,Flat,Improved (RWR 2245),No,None,0.0,Yes,Maize,Low,Adequate,No,No,11.8,Sandy Loam,7.13,2.51,60.7,19.1,194.5,21.0,66.6,76.5,6.2,12.0,102.3,12.8
2020,Season B,May,Rweru,Rice,2.21,1.76,176.0,Valley,Hybrid (Komboka),Yes,Inorganic (NPK),188.4,Yes,Maize,Low,Sufficient,Yes,No,18.5,Clay Soil,7.01,2.49,66.8,7.8,198.6,24.7,92.3,75.4,7.5,10.7,114.3,28.08
2021,Season A,November,Shyara,Rice,2.72,2.16,216.0,Valley,Improved (IR64 / NERICA),No,None,0.0,Partial,Fallow,Low,Adequate,Yes,Yes,6.8,Sandy Loam,6.2,2.33,53.5,23.5,268.9,24.0,131.0,79.1,6.0,10.4,109.2,38.1
2020,Season A,January,Mareba,Maize,0.84,0.58,58.0,Valley,Hybrid (H614D),Yes,Inorganic (NPK),241.8,Partial,Beans,Low,Sufficient,Yes,No,24.2,Sandy Loam,7.0,3.27,63.7,10.1,244.8,22.0,40.8,64.0,7.3,13.0,100.5,22.53
2022,Season A,October,Mareba,Maize,2.18,1.82,182.0,Flat,Local Variety,Yes,Inorganic (NPK),108.1,Yes,Cassava,Medium,Adequate,Yes,No,22.7,Sandy Loam,7.16,2.92,60.8,11.8,240.1,24.8,153.0,81.0,6.6,10.3,99.0,15.75
2022,Season B,May,Ngeruka,Beans,0.91,0.91,91.0,Valley,Improved (RWR 2245),No,None,0.0,Partial,Beans,High,Adequate,No,No,20.8,Loam,7.13,2.56,71.2,20.3,211.4,24.1,103.3,78.5,7.3,9.7,90.7,9.83
2021,Season A,November,Musenyi,Rice,1.56,1.35,135.0,Hillside,Hybrid (Komboka),No,None,0.0,No,Cassava,Medium,Adequate,Yes,Yes,23.6,Loam,7.05,2.05,41.6,12.9,254.8,22.4,105.0,87.3,7.7,9.6,119.3,25.85
2022,Season B,February,Gashora,Rice,2.43,2.02,202.0,Flat,Improved (IR64 / NERICA),Yes,Mixed (Organic + Inorganic),184.2,Partial,Maize,High,Adequate,Yes,Yes,19.1,Loam,6.47,2.51,54.3,22.0,201.5,22.9,44.3,69.5,7.8,11.1,114.6,29.04
2021,Season B,May,Mwogo,Beans,2.83,1.8,180.0,Flat,Hybrid (MAC 44),No,None,0.0,Yes,Maize,Low,Adequate,Yes,No,13.4,Sandy Soil,6.07,1.95,73.5,20.5,154.0,24.4,67.4,76.8,6.5,11.1,110.9,9.26
2022,Season A,October,Gashora,Beans,2.56,1.82,182.0,Hillside,Improved (RWR 2245),No,None,0.0,Partial,Beans,High,Adequate,No,No,13.6,Loam,6.54,2.1,50.6,21.7,205.3,22.7,111.2,81.5,6.4,11.9,106.7,9.99
2021,Season A,September,Rilima,Maize,2.7,2.63,263.0,Hillside,Local Variety,Yes,Inorganic (NPK),150.4,No,Beans,Low,Limited,Yes,No,18.6,Sandy Soil,6.08,1.9,41.0,14.7,206.5,24.9,61.6,74.5,7.3,11.1,122.0,15.41
2024,Season A,October,Musenyi,Beans,0.92,0.64,64.0,Hillside,Local Variety,No,None,0.0,Yes,Rice,Medium,Sufficient,Yes,Yes,18.6,Loam,7.02,2.19,39.8,9.6,244.2,21.3,105.1,81.9,6.9,11.6,101.9,6.45
2020,Season A,October,Mwogo,Maize,2.89,2.7,270.0,Flat,Local Variety,Yes,Mixed (Organic + Inorganic),82.8,Yes,Maize,Low,Sufficient,Yes,No,7.9,Sandy Soil,6.01,2.16,63.0,19.4,154.6,24.1,152.7,74.6,6.5,9.7,113.3,15.91
2020,Season B,March,Mareba,Beans,0.96,0.9,90.0,Valley,Hybrid (MAC 44),Yes,Inorganic (NPK),82.7,No,Beans,Medium,Adequate,Yes,No,23.4,Sandy Loam,7.25,2.67,64.6,14.2,214.6,23.0,122.3,76.4,7.3,11.9,116.1,9.56
2022,Season A,November,Kamabuye,Beans,2.48,2.25,225.0,Valley,Hybrid (MAC 44),Yes,Organic (Compost),0.0,Partial,Fallow,Low,Sufficient,Yes,No,10.4,Clay Soil,7.08,2.48,40.1,17.1,221.0,23.2,93.7,80.0,6.9,11.8,96.8,11.64
2022,Season B,April,Rilima,Rice,0.53,0.42,42.0,Valley,Hybrid (Komboka),No,None,0.0,No,Cassava,Low,Limited,Yes,No,22.9,Sandy Soil,5.99,1.52,43.5,14.4,211.3,23.6,94.9,79.6,8.0,10.2,116.5,22.14
2022,Season A,September,Kamabuye,Beans,1.76,1.08,108.0,Flat,Improved (RWR 2245),No,None,0.0,No,Cassava,Low,Sufficient,Yes,No,21.1,Clay Soil,7.27,2.43,41.6,22.7,204.0,22.9,79.3,72.6,8.1,11.7,130.0,12.21
2021,Season A,November,Musenyi,Maize,1.11,0.76,76.0,Flat,Improved (WH507),Yes,Organic (Compost),0.0,Yes,Beans,Medium,Adequate,Yes,Yes,9.5,Loam,7.16,2.71,42.8,14.9,259.2,24.1,78.1,80.8,6.6,10.2,91.6,22.24
2022,Season B,June,Rilima,Beans,0.38,0.37,37.0,Flat,Hybrid (MAC 44),Partial,Inorganic (NPK),59.0,No,Beans,Low,Adequate,Yes,No,19.3,Sandy Soil,6.03,1.64,42.6,15.0,222.4,23.4,40.1,72.5,8.0,12.2,131.6,6.88
2024,Season B,April,Rilima,Beans,0.18,0.14,14.0,Valley,Improved (RWR 2245),No,None,0.0,No,Beans,Low,Sufficient,Yes,No,8.3,Sandy Soil,6.13,1.73,46.4,15.6,207.2,24.1,141.6,80.9,7.3,9.1,99.0,11.82
2023,Season B,April,Nyamata,Maize,1.73,1.47,147.0,Hillside,Improved (WH507),Partial,Organic (Compost),63.0,No,Rice,Low,Adequate,Yes,No,23.6,Clay Soil,7.09,3.1,80.6,26.3,257.5,23.9,83.1,68.5,7.4,10.9,112.8,20.06
2020,Season B,February,Mayange,Maize,1.77,1.58,158.0,Flat,Hybrid (H614D),Yes,Mixed (Organic + Inorganic),181.7,Yes,Rice,High,Adequate,No,No,18.6,Sandy Loam,5.9,2.71,62.5,8.4,201.9,21.9,87.2,67.1,7.4,11.6,123.8,27.36
2024,Season A,January,Musenyi,Rice,0.34,0.23,23.0,Hillside,Improved (IR64 / NERICA),Yes,Mixed (Organic + Inorganic),44.7,Yes,Cassava,Medium,Adequate,No,No,11.7,Loam,7.16,2.26,41.6,13.4,257.9,23.0,69.1,63.7,8.1,12.5,120.0,30.07
2024,Season B,February,Gashora,Beans,1.6,1.21,121.0,Flat,Hybrid (MAC 44),Partial,Inorganic (NPK),62.1,No,Beans,High,Sufficient,Yes,Yes,17.6,Loam,6.54,2.09,43.3,23.9,203.9,22.9,64.7,68.3,8.0,11.7,96.8,8.24
2021,Season A,September,Juru,Beans,1.56,1.39,139.0,Flat,Hybrid (MAC 44),Yes,Organic (Compost),0.0,Yes,Cassava,Medium,Adequate,No,No,8.2,Sandy Loam,7.01,2.7,41.2,24.0,160.2,24.5,95.5,68.7,7.0,10.7,107.4,10.93
2020,Season B,May,Musenyi,Rice,0.36,0.23,23.0,Flat,Improved (IR64 / NERICA),Partial,Inorganic (NPK),31.7,Partial,Beans,High,Adequate,Yes,No,5.1,Loam,7.08,2.54,38.6,12.3,251.7,23.6,51.4,80.4,7.0,11.6,108.7,27.27
2024,Season B,February,Mareba,Maize,0.35,0.22,22.0,Hillside,Local Variety,No,None,0.0,No,Beans,Medium,Adequate,No,No,19.2,Sandy Loam,7.01,3.21,60.3,8.6,233.4,21.2,97.9,76.3,7.5,11.9,122.5,11.73
2022,Season B,June,Ntarama,Beans,2.2,1.79,179.0,Hillside,Improved (RWR 2245),Yes,Organic (Compost),0.0,Yes,Beans,Medium,Sufficient,Yes,No,20.5,Sandy Soil,7.0,2.89,61.7,8.9,251.0,23.1,42.8,71.8,7.8,13.0,109.4,11.08
2022,Season A,December,Musenyi,Rice,1.81,1.37,137.0,Hillside,Hybrid (Komboka),Partial,Organic (Compost),58.4,No,Beans,Low,Adequate,No,No,11.7,Loam,7.03,2.59,43.0,13.7,268.6,21.6,70.8,71.9,7.1,12.7,121.0,23.39
2020,Season B,March,Shyara,Rice,2.54,1.71,171.0,Valley,Local Variety,Partial,Inorganic (NPK),44.6,Yes,Maize,High,Limited,Yes,No,6.8,Sandy Loam,6.11,2.43,45.3,19.6,266.0,23.5,130.5,83.7,7.2,11.3,127.9,18.89
2021,Season A,January,Mwogo,Beans,2.62,2.28,228.0,Valley,Improved (RWR 2245),No,None,0.0,No,Maize,High,Adequate,Yes,Yes,20.4,Sandy Soil,6.02,2.01,70.0,16.5,175.4,21.4,88.0,73.9,8.0,11.5,120.4,12.14
2021,Season B,April,Musenyi,Maize,1.43,1.09,109.0,Flat,Improved (WH507),Yes,Mixed (Organic + Inorganic),170.6,Yes,Maize,Low,Adequate,Yes,No,22.7,Loam,7.15,2.55,45.2,17.9,255.1,23.3,115.2,75.4,7.0,9.8,113.8,23.77
2024,Season B,June,Mwogo,Maize,0.24,0.2,20.0,Valley,Hybrid (H614D),Yes,Inorganic (NPK),41.2,Partial,Cassava,Low,Adequate,No,No,11.9,Sandy Soil,6.08,2.09,68.4,23.3,167.3,25.6,34.0,65.9,8.3,12.1,117.4,21.16
2024,Season A,January,Shyara,Maize,2.88,1.77,177.0,Hillside,Hybrid (H614D),No,None,0.0,Partial,Cassava,Low,Sufficient,Yes,Yes,20.5,Sandy Loam,6.18,2.25,54.8,22.0,262.8,23.3,62.2,72.3,7.7,12.3,123.5,27.41
2024,Season A,January,Nyarugenge,Maize,2.79,1.75,175.0,Flat,Improved (WH507),Yes,Mixed (Organic + Inorganic),189.4,No,Fallow,Medium,Sufficient,Yes,No,8.1,Clay Soil,6.21,2.44,37.7,22.6,197.2,20.6,62.0,66.4,8.2,11.4,104.6,22.27
2023,Season A,September,Mareba,Beans,1.17,1.15,115.0,Valley,Local Variety,Yes,Inorganic (NPK),23.3,Yes,Beans,Low,Adequate,Yes,No,21.4,Sandy Loam,7.26,2.84,61.5,9.4,228.2,23.8,105.9,78.9,7.9,10.9,127.2,7.85
2022,Season B,April,Mwogo,Rice,0.39,0.32,32.0,Valley,Improved (IR64 / NERICA),Partial,Organic (Compost),55.4,Partial,Fallow,High,Adequate,Yes,No,23.5,Sandy Soil,6.11,1.79,69.9,21.7,144.8,22.8,143.8,83.6,7.0,10.0,92.3,30.89
2022,Season A,September,Rweru,Rice,2.2,1.99,199.0,Flat,Improved (IR64 / NERICA),No,None,0.0,Yes,Rice,Medium,Sufficient,Yes,No,11.4,Clay Soil,6.97,2.65,62.8,12.0,201.7,24.3,70.1,81.0,7.1,10.3,130.5,27.76
2022,Season A,October,Ruhuha,Beans,2.99,2.31,231.0,Hillside,Improved (RWR 2245),No,None,0.0,Partial,Rice,High,Sufficient,No,Yes,14.5,Sandy Loam,7.07,2.39,66.0,20.1,177.0,22.1,144.0,83.8,6.3,9.1,95.4,10.75
2022,Season A,November,Mayange,Beans,2.97,1.96,196.0,Flat,Improved (RWR 2245),Yes,Inorganic (NPK),24.5,No,Rice,Low,Adequate,Yes,No,24.5,Sandy Loam,6.01,2.92,69.3,13.4,219.4,22.2,116.2,78.1,5.9,10.6,119.6,13.67
2022,Season B,February,Mwogo,Maize,0.75,0.56,56.0,Flat,Local Variety,No,None,0.0,No,Maize,High,Adequate,No,No,11.3,Sandy Soil,5.87,1.88,59.7,20.4,161.1,21.9,82.0,68.1,8.1,10.9,117.9,10.22
2021,Season A,January,Kamabuye,Beans,1.67,1.22,122.0,Flat,Local Variety,Yes,Inorganic (NPK),54.0,No,Beans,Medium,Sufficient,No,No,13.0,Clay Soil,7.13,2.23,33.4,19.4,211.1,23.1,60.8,75.7,7.0,11.8,123.0,6.99
2020,Season A,October,Ngeruka,Rice,0.51,0.47,47.0,Flat,Local Variety,Yes,Organic (Compost),0.0,No,Maize,Medium,Limited,Yes,No,10.1,Loam,6.99,3.03,76.3,18.1,196.2,25.3,101.1,69.8,6.6,11.8,101.0,19.02
2020,Season A,January,Musenyi,Maize,0.82,0.6,60.0,Flat,Hybrid (H614D),Yes,Organic (Compost),0.0,No,Maize,Low,Limited,Yes,No,14.8,Loam,6.96,2.33,39.2,12.6,252.2,20.7,57.7,78.6,8.9,10.8,112.9,19.37
2021,Season A,January,Rilima,Maize,1.17,0.74,74.0,Hillside,Local Variety,No,None,0.0,No,Maize,Low,Adequate,Yes,No,15.8,Sandy Soil,5.99,1.88,35.3,16.1,212.0,24.7,53.2,67.1,6.8,11.1,118.1,11.57
2024,Season B,March,Mayange,Rice,0.89,0.77,77.0,Valley,Local Variety,No,None,0.0,Yes,Beans,Low,Sufficient,Yes,No,23.7,Sandy Loam,6.0,2.79,65.8,11.0,198.9,23.3,102.4,79.3,7.0,11.2,110.5,23.2
2021,Season A,December,Ruhuha,Rice,1.31,1.0,100.0,Hillside,Improved (IR64 / NERICA),No,None,0.0,Yes,Maize,High,Adequate,Yes,No,23.5,Sandy Loam,7.05,2.36,63.7,19.5,191.2,22.4,64.5,75.1,7.8,12.4,98.4,26.52
2021,Season B,April,Nyamata,Beans,0.43,0.27,27.0,Valley,Improved (RWR 2245),No,None,0.0,Yes,Maize,Medium,Limited,No,No,16.4,Clay Soil,6.88,3.25,76.5,26.5,252.7,24.3,151.0,79.2,7.0,8.5,103.7,11.07
2022,Season A,November,Kamabuye,Rice,0.23,0.16,16.0,Flat,Local Variety,No,None,0.0,Partial,Rice,High,Sufficient,Yes,No,11.2,Clay Soil,7.11,2.42,38.4,19.9,217.4,23.9,135.2,81.2,7.5,11.0,98.6,17.5
2020,Season B,February,Mareba,Beans,0.34,0.29,29.0,Flat,Local Variety,Yes,Organic (Compost),0.0,Yes,Cassava,Medium,Sufficient,Yes,Yes,16.7,Sandy Loam,6.92,2.86,61.6,11.6,231.6,22.8,64.7,62.9,7.5,13.2,93.7,8.02
2020,Season A,December,Shyara,Rice,0.48,0.46,46.0,Flat,Hybrid (Komboka),Yes,Mixed (Organic + Inorganic),186.1,No,Beans,Medium,Adequate,No,No,18.1,Sandy Loam,6.16,2.22,52.0,23.1,268.0,24.2,111.5,68.0,8.0,12.6,117.4,34.95
2020,Season A,September,Juru,Beans,2.83,1.73,173.0,Hillside,Local Variety,Yes,Inorganic (NPK),223.1,No,Beans,Low,Sufficient,Yes,No,24.0,Sandy Loam,6.85,2.67,42.7,24.8,176.7,22.3,73.0,75.7,7.8,12.0,114.7,7.52
2024,Season B,February,Mwogo,Rice,2.91,2.09,209.0,Flat,Hybrid (Komboka),Yes,Inorganic (NPK),20.8,Yes,Maize,Low,Sufficient,No,No,22.3,Sandy Soil,5.98,1.95,65.8,22.1,159.6,22.5,61.0,79.5,9.2,11.2,103.8,22.72
2020,Season A,December,Ntarama,Beans,0.83,0.61,61.0,Flat,Local Variety,No,None,0.0,No,Beans,High,Adequate,Yes,No,22.6,Sandy Soil,6.93,2.84,61.1,11.3,240.5,21.6,60.0,73.9,7.0,11.9,107.4,5.19
2023,Season B,March,Nyarugenge,Maize,1.13,1.12,112.0,Flat,Improved (WH507),Yes,Inorganic (NPK),75.3,Yes,Beans,Low,Adequate,No,Yes,15.5,Clay Soil,6.13,2.12,41.6,22.4,211.3,23.4,65.5,75.7,7.4,10.7,124.3,22.83
2020,Season B,June,Mayange,Maize,0.11,0.11,11.0,Flat,Improved (WH507),No,None,0.0,Yes,Maize,Medium,Adequate,Yes,Yes,12.2,Sandy Loam,5.9,2.89,61.5,13.6,196.3,24.3,27.5,75.2,6.8,12.5,111.7,14.89
2022,Season B,February,Rweru,Rice,2.62,2.32,232.0,Valley,Local Variety,No,None,0.0,No,Rice,Medium,Sufficient,No,Yes,15.9,Clay Soil,6.94,2.28,64.9,14.7,187.8,23.1,59.5,67.9,7.7,11.7,106.9,14.42
2023,Season B,April,Shyara,Maize,0.12,0.09,9.0,Hillside,Improved (WH507),No,None,0.0,No,Maize,Low,Limited,No,No,7.6,Sandy Loam,6.13,2.57,51.4,20.8,260.7,24.1,85.2,80.3,6.7,11.0,121.1,15.75
2021,Season B,March,Rweru,Maize,0.54,0.52,52.0,Flat,Improved (WH507),Yes,Mixed (Organic + Inorganic),178.6,Partial,Beans,Medium,Adequate,Yes,Yes,19.1,Clay Soil,6.92,2.75,65.2,13.8,179.2,23.7,131.1,79.7,6.8,10.6,112.2,20.77
2021,Season A,November,Kamabuye,Maize,0.37,0.29,29.0,Hillside,Improved (WH507),No,None,0.0,No,Cassava,Medium,Sufficient,No,Yes,14.3,Clay Soil,7.18,2.35,42.0,16.6,215.6,22.0,141.9,80.1,7.2,11.6,105.7,17.65
2021,Season B,April,Gashora,Maize,1.02,0.81,81.0,Flat,Improved (WH507),Yes,Inorganic (NPK),144.6,Yes,Beans,High,Sufficient,No,No,18.5,Loam,6.63,1.91,48.5,24.4,192.5,24.4,81.2,78.6,6.8,9.1,113.9,19.79
2023,Season A,October,Juru,Beans,2.79,2.76,276.0,Valley,Local Variety,Yes,Inorganic (NPK),106.9,No,Beans,Medium,Limited,Yes,No,11.8,Sandy Loam,6.87,2.74,47.3,25.2,166.5,26.2,147.2,79.6,6.3,10.7,89.6,6.21
2021,Season B,March,Ntarama,Rice,0.51,0.41,41.0,Flat,Local Variety,Yes,Organic (Compost),0.0,Partial,Beans,High,Sufficient,No,No,12.9,Sandy Soil,7.0,2.93,64.1,9.2,237.9,20.3,76.9,77.2,6.5,12.2,108.7,13.63
2024,Season B,June,Ruhuha,Rice,2.36,1.66,166.0,Valley,Improved (IR64 / NERICA),Yes,Inorganic (NPK),192.3,Yes,Rice,High,Adequate,Yes,Yes,9.2,Sandy Loam,6.78,2.56,61.2,20.2,181.4,23.8,37.3,73.5,8.9,12.1,120.9,23.87
2024,Season A,November,Mareba,Rice,0.57,0.51,51.0,Flat,Improved (IR64 / NERICA),No,None,0.0,No,Rice,Low,Sufficient,Yes,Yes,14.0,Sandy Loam,7.05,3.22,62.6,11.2,219.3,23.4,120.0,70.6,7.0,10.2,107.3,33.98
2021,Season B,May,Rilima,Maize,2.4,2.31,231.0,Hillside,Local Variety,Partial,Organic (Compost),63.0,Yes,Maize,Medium,Adequate,No,No,8.3,Sandy Soil,6.08,1.7,39.7,16.9,218.7,21.6,82.1,77.0,7.8,11.2,95.5,14.71
2021,Season A,November,Mwogo,Rice,0.35,0.24,24.0,Valley,Improved (IR64 / NERICA),Partial,Inorganic (NPK),24.5,No,Cassava,Low,Adequate,No,No,20.8,Sandy Soil,5.97,2.02,68.6,20.4,168.4,24.1,78.9,79.7,7.1,9.7,115.2,37.62
2022,Season A,November,Rilima,Rice,1.86,1.71,171.0,Hillside,Hybrid (Komboka),No,None,0.0,Yes,Cassava,Low,Adequate,Yes,No,11.8,Sandy Soil,6.02,1.8,41.0,16.1,217.3,23.3,95.4,86.7,6.7,10.4,95.7,28.07
2024,Season A,October,Ngeruka,Beans,0.22,0.14,14.0,Valley,Hybrid (MAC 44),Yes,Mixed (Organic + Inorganic),33.6,No,Cassava,Medium,Adequate,No,Yes,6.5,Loam,7.0,2.6,78.2,22.1,195.0,26.2,125.1,77.9,6.3,9.6,101.1,9.94
2024,Season A,October,Ntarama,Beans,1.07,0.71,71.0,Valley,Local Variety,No,None,0.0,No,Fallow,Medium,Adequate,No,No,21.5,Sandy Soil,7.05,2.9,66.2,12.6,247.4,24.7,95.0,85.6,6.7,12.5,100.8,6.96
2020,Season B,February,Rilima,Maize,2.7,2.53,253.0,Valley,Local Variety,Yes,Inorganic (NPK),34.0,No,Beans,Low,Adequate,No,No,11.0,Sandy Soil,6.02,1.8,36.7,16.3,230.7,22.0,92.7,75.0,7.9,11.4,124.7,15.81
2024,Season B,June,Ruhuha,Rice,2.51,1.71,171.0,Flat,Improved (IR64 / NERICA),No,None,0.0,No,Maize,Medium,Sufficient,Yes,Yes,24.3,Sandy Loam,6.95,2.53,55.7,17.4,184.8,22.1,33.1,62.2,8.4,13.0,114.0,21.21
2021,Season B,May,Mayange,Rice,1.36,0.99,99.0,Flat,Local Variety,No,None,0.0,Yes,Maize,Low,Sufficient,No,Yes,20.6,Sandy Loam,6.17,2.92,64.5,7.8,209.4,23.5,76.4,79.9,6.5,11.3,118.7,17.66
2023,Season A,January,Gashora,Beans,2.09,1.93,193.0,Flat,Improved (RWR 2245),No,None,0.0,No,Beans,High,Sufficient,No,No,24.6,Loam,6.49,2.24,50.6,25.8,190.6,23.1,62.4,71.7,7.4,11.1,110.8,9.54
2022,Season A,October,Rilima,Beans,1.4,0.89,89.0,Hillside,Local Variety,Partial,Inorganic (NPK),69.0,No,Rice,Medium,Limited,Yes,No,23.9,Sandy Soil,6.21,1.73,44.1,16.7,217.2,23.4,141.5,82.8,7.9,10.1,112.4,5.9
2022,Season A,January,Mayange,Beans,0.25,0.2,20.0,Hillside,Hybrid (MAC 44),Yes,Organic (Compost),0.0,Yes,Maize,Medium,Sufficient,No,No,22.7,Sandy Loam,5.9,2.97,62.5,10.0,212.8,23.7,40.3,66.5,7.2,10.7,110.8,8.82
2024,Season A,September,Mareba,Rice,1.55,1.03,103.0,Valley,Improved (IR64 / NERICA),Yes,Inorganic (NPK),121.2,No,Rice,High,Adequate,No,No,8.1,Sandy Loam,7.09,2.78,63.0,9.0,237.1,23.6,51.0,80.2,7.3,10.5,115.0,26.75
2024,Season B,June,Juru,Maize,0.29,0.27,27.0,Hillside,Improved (WH507),Partial,Organic (Compost),61.7,Partial,Beans,Medium,Limited,No,No,22.6,Sandy Loam,7.07,2.28,45.9,26.9,184.7,23.6,37.2,75.5,8.0,12.4,101.6,15.85
2023,Season B,March,Mwogo,Beans,1.49,1.01,101.0,Valley,Local Variety,No,None,0.0,Yes,Beans,High,Adequate,No,No,24.6,Sandy Soil,6.06,2.08,70.8,17.8,164.6,23.5,92.8,73.9,7.0,12.2,120.1,5.75
2024,Season A,January,Ruhuha,Beans,1.68,1.07,107.0,Hillside,Local Variety,No,None,0.0,No,Maize,Medium,Adequate,Yes,No,23.7,Sandy Loam,7.2,2.63,63.5,19.8,201.3,22.7,71.1,61.2,7.9,10.4,94.4,6.67
2020,Season A,September,Rilima,Beans,1.45,0.92,92.0,Valley,Hybrid (MAC 44),Partial,Organic (Compost),10.5,No,Maize,High,Sufficient,Yes,No,19.2,Sandy Soil,6.07,1.88,44.4,20.2,200.7,25.5,52.3,88.7,7.7,11.9,100.1,7.64
2022,Season A,December,Mareba,Beans,1.21,0.76,76.0,Hillside,Improved (RWR 2245),No,None,0.0,Yes,Maize,Low,Adequate,Yes,Yes,19.3,Sandy Loam,7.23,2.74,62.9,10.9,228.2,22.3,87.9,71.3,7.9,11.7,98.9,14.79
2020,Season B,March,Ngeruka,Rice,0.39,0.28,28.0,Valley,Hybrid (Komboka),Yes,Inorganic (NPK),117.0,No,Maize,Medium,Limited,No,Yes,8.5,Loam,6.78,2.77,79.1,20.6,198.3,23.6,62.9,75.3,7.8,10.2,106.8,18.85
2022,Season B,April,Shyara,Rice,2.32,2.32,232.0,Valley,Improved (IR64 / NERICA),Yes,Mixed (Organic + Inorganic),214.9,No,Beans,Low,Sufficient,No,No,12.9,Sandy Loam,6.22,2.05,57.5,20.1,277.7,24.0,86.6,87.1,5.8,11.6,110.9,41.33
2023,Season A,November,Kamabuye,Beans,0.28,0.19,19.0,Hillside,Hybrid (MAC 44),Partial,Inorganic (NPK),30.6,Yes,Maize,Low,Adequate,Yes,No,6.5,Clay Soil,7.21,2.35,38.7,14.7,203.8,21.6,116.1,80.3,7.3,11.1,100.9,11.12
2021,Season B,March,Nyarugenge,Maize,1.82,1.35,135.0,Valley,Hybrid (H614D),Partial,Inorganic (NPK),52.5,No,Fallow,Medium,Adequate,No,No,8.9,Clay Soil,6.15,2.17,39.4,20.5,193.6,22.0,118.0,81.0,7.3,11.6,127.9,24.14
2021,Season A,November,Juru,Beans,1.07,0.89,89.0,Hillside,Local Variety,No,None,0.0,No,Maize,Medium,Adequate,No,No,5.8,Sandy Loam,6.67,2.36,46.2,22.9,166.4,23.4,132.1,82.2,7.1,10.9,91.2,6.01
2023,Season B,May,Shyara,Rice,1.49,1.41,141.0,Flat,Local Variety,Partial,Inorganic (NPK),67.5,No,Beans,Low,Limited,Yes,Yes,13.0,Sandy Loam,5.99,2.19,54.8,22.5,265.6,22.8,105.4,78.7,6.6,10.7,105.1,20.42
2022,Season A,November,Ruhuha,Beans,0.91,0.89,89.0,Valley,Local Variety,Yes,Mixed (Organic + Inorganic),44.2,Yes,Maize,Medium,Adequate,Yes,Yes,12.8,Sandy Loam,7.13,2.29,65.0,19.6,198.4,21.5,77.0,78.5,6.8,11.8,120.3,8.34
2022,Season B,February,Kamabuye,Maize,2.42,1.57,157.0,Hillside,Improved (WH507),Partial,Organic (Compost),72.3,No,Maize,Medium,Sufficient,No,No,24.4,Clay Soil,7.08,2.33,43.5,22.1,223.3,25.1,96.9,68.6,8.1,11.2,109.7,16.42
2023,Season B,March,Mareba,Beans,1.84,1.41,141.0,Hillside,Local Variety,No,None,0.0,No,Beans,Low,Limited,Yes,No,22.0,Sandy Loam,7.1,2.81,61.7,12.4,231.7,21.7,73.0,78.2,7.5,10.8,119.2,5.63
2021,Season A,September,Mareba,Beans,2.87,2.41,241.0,Hillside,Improved (RWR 2245),No,None,0.0,No,Beans,High,Limited,Yes,No,19.7,Sandy Loam,7.14,3.16,57.5,10.6,239.5,24.5,96.3,77.2,6.8,11.7,114.4,9.64
2024,Season A,November,Shyara,Maize,2.73,2.51,251.0,Flat,Improved (WH507),No,None,0.0,Yes,Rice,Low,Sufficient,No,Yes,9.1,Sandy Loam,6.19,2.22,52.0,23.8,272.7,24.8,111.9,76.1,6.7,10.1,104.6,21.23
2021,Season B,April,Nyamata,Maize,2.02,1.54,154.0,Flat,Local Variety,Yes,Inorganic (NPK),139.2,Partial,Maize,Low,Sufficient,Yes,Yes,7.5,Clay Soil,7.14,3.19,71.6,24.7,255.9,24.4,117.4,75.5,6.8,10.7,111.8,13.67
2023,Season A,November,Ntarama,Beans,2.19,2.02,202.0,Hillside,Hybrid (MAC 44),Yes,Inorganic (NPK),108.6,No,Rice,Low,Adequate,No,Yes,9.3,Sandy Soil,7.03,2.84,59.4,14.7,256.4,22.0,109.3,81.1,7.0,11.9,107.6,10.45
2020,Season A,October,Mareba,Beans,1.93,1.28,128.0,Valley,Hybrid (MAC 44),Partial,Inorganic (NPK),33.1,No,Beans,High,Adequate,No,No,22.3,Sandy Loam,6.98,2.84,61.6,10.6,229.1,23.0,72.5,72.5,6.0,10.7,103.1,8.29
2024,Season A,November,Rweru,Beans,0.85,0.63,63.0,Hillside,Hybrid (MAC 44),Partial,Inorganic (NPK),37.1,No,Fallow,Medium,Adequate,Yes,No,12.1,Clay Soil,7.0,2.64,65.1,11.1,190.7,23.5,85.8,73.3,6.4,11.7,102.8,9.55
2022,Season B,February,Rilima,Beans,1.03,0.64,64.0,Valley,Improved (RWR 2245),Partial,Inorganic (NPK),61.3,No,Rice,Medium,Sufficient,No,Yes,10.4,Sandy Soil,6.07,1.54,43.7,16.7,216.4,23.0,66.0,68.8,7.0,11.0,114.9,13.76
2024,Season A,September,Mareba,Maize,1.82,1.21,121.0,Flat,Local Variety,Yes,Mixed (Organic + Inorganic),93.2,No,Beans,High,Adequate,Yes,Yes,8.4,Sandy Loam,7.07,2.95,61.0,16.2,239.1,21.1,98.5,75.3,6.6,11.2,118.0,15.01
2020,Season B,June,Mareba,Rice,0.66,0.41,41.0,Flat,Improved (IR64 / NERICA),Yes,Organic (Compost),0.0,Partial,Rice,High,Adequate,Yes,Yes,21.4,Sandy Loam,7.08,2.95,59.7,13.0,223.0,25.1,39.2,66.5,7.7,11.4,103.0,22.85
2020,Season A,January,Shyara,Beans,1.09,1.05,105.0,Flat,Improved (RWR 2245),No,None,0.0,Yes,Rice,Low,Adequate,Yes,No,16.6,Sandy Loam,6.22,2.18,53.8,19.3,263.4,21.8,73.9,68.3,8.2,10.9,97.5,14.12
2024,Season A,November,Musenyi,Beans,1.2,1.19,119.0,Valley,Improved (RWR 2245),Partial,Inorganic (NPK),28.8,Yes,Fallow,Medium,Limited,Yes,No,19.0,Loam,7.13,2.32,38.8,14.4,247.6,24.9,139.4,73.0,6.9,10.4,119.1,12.36
2023,Season B,June,Ruhuha,Beans,1.41,1.39,139.0,Flat,Hybrid (MAC 44),Yes,Inorganic (NPK),60.5,No,Beans,Low,Adequate,No,No,21.9,Sandy Loam,6.91,2.49,58.8,18.5,166.9,23.4,26.1,69.3,8.8,11.2,112.2,7.16
2024,Season A,September,Mwogo,Rice,0.5,0.34,34.0,Valley,Improved (IR64 / NERICA),Yes,Organic (Compost),0.0,No,Maize,Low,Adequate,Yes,No,20.8,Sandy Soil,5.93,1.96,64.1,19.9,159.1,24.2,109.0,64.1,7.8,10.7,116.0,44.69
2023,Season B,May,Rilima,Maize,1.31,1.25,125.0,Flat,Hybrid (H614D),Yes,Organic (Compost),0.0,No,Beans,Low,Adequate,Yes,No,14.7,Sandy Soil,6.1,1.8,45.5,13.9,206.9,21.9,62.0,81.6,6.8,10.0,105.8,26.88
2022,Season B,June,Musenyi,Rice,0.3,0.29,29.0,Flat,Hybrid (Komboka),Yes,Inorganic (NPK),248.0,No,Rice,Low,Limited,Yes,Yes,11.3,Loam,7.05,2.58,38.0,12.2,258.6,24.1,33.9,68.3,8.1,12.1,114.5,16.4
2024,Season A,October,Rilima,Rice,1.15,0.97,97.0,Hillside,Hybrid (Komboka),No,None,0.0,Yes,Maize,High,Limited,Yes,Yes,23.8,Sandy Soil,6.15,1.58,45.3,19.3,211.7,24.7,144.6,78.1,6.6,9.5,115.6,24.68
2022,Season B,June,Nyarugenge,Maize,0.34,0.24,24.0,Valley,Hybrid (H614D),No,None,0.0,Partial,Maize,Low,Adequate,No,No,20.1,Clay Soil,6.15,2.26,37.6,22.4,201.1,24.8,33.5,67.1,7.2,13.0,109.0,17.84
2021,Season B,May,Musenyi,Rice,2.31,2.31,231.0,Flat,Hybrid (Komboka),Yes,Mixed (Organic + Inorganic),49.0,No,Maize,High,Sufficient,Yes,Yes,8.0,Loam,7.22,2.06,44.3,10.6,257.5,22.8,99.8,76.9,7.1,11.1,118.3,20.4
2022,Season B,June,Kamabuye,Rice,2.58,2.14,214.0,Hillside,Improved (IR64 / NERICA),Yes,Inorganic (NPK),186.1,Partial,Maize,High,Adequate,No,No,7.5,Clay Soil,6.99,2.23,44.6,23.6,206.5,24.1,44.6,80.2,8.8,12.2,117.5,25.47
2022,Season B,June,Nyamata,Maize,1.1,1.0,100.0,Flat,Improved (WH507),Yes,Organic (Compost),0.0,No,Maize,High,Adequate,No,No,13.7,Clay Soil,7.17,3.38,77.8,25.1,248.1,24.0,31.6,69.7,8.3,11.3,129.5,11.11
2024,Season A,September,Juru,Rice,2.15,2.04,204.0,Valley,Improved (IR64 / NERICA),Partial,Organic (Compost),45.5,No,Beans,Medium,Adequate,Yes,Yes,24.1,Sandy Loam,6.81,2.6,50.0,27.7,178.4,24.7,106.7,72.2,7.2,12.2,102.1,41.25
2020,Season B,May,Mareba,Rice,2.68,1.98,198.0,Valley,Local Variety,Partial,Inorganic (NPK),61.9,Yes,Maize,High,Adequate,No,No,24.0,Sandy Loam,7.07,2.98,65.4,11.0,241.8,25.2,62.9,74.9,7.4,9.2,115.3,15.41
2020,Season A,September,Shyara,Beans,0.59,0.39,39.0,Flat,Hybrid (MAC 44),Partial,Inorganic (NPK),55.4,No,Cassava,Low,Sufficient,Yes,No,16.1,Sandy Loam,6.17,2.38,60.0,19.7,261.6,24.4,67.3,65.1,7.3,12.6,106.5,10.28
2023,Season B,April,Nyamata,Rice,1.79,1.33,133.0,Flat,Local Variety,Yes,Organic (Compost),0.0,No,Rice,High,Adequate,No,Yes,15.5,Clay Soil,6.94,3.5,81.0,22.9,264.7,22.5,129.6,81.6,6.5,11.3,111.0,17.72
2021,Season A,October,Ntarama,Maize,2.19,1.95,195.0,Valley,Local Variety,No,None,0.0,No,Beans,High,Limited,No,Yes,19.8,Sandy Soil,7.3,2.9,63.2,13.7,243.8,23.9,116.2,81.1,6.6,10.8,105.0,10.5
2024,Season B,February,Kamabuye,Rice,2.43,1.59,159.0,Valley,Improved (IR64 / NERICA),Yes,Mixed (Organic + Inorganic),235.3,No,Beans,Low,Adequate,Yes,No,10.3,Clay Soil,7.1,2.63,41.8,20.1,196.1,22.4,75.5,74.0,7.0,11.5,120.8,30.34
2024,Season B,March,Ntarama,Maize,2.49,1.8,180.0,Hillside,Hybrid (H614D),No,None,0.0,No,Maize,Medium,Adequate,No,No,10.6,Sandy Soil,6.93,2.87,60.0,13.2,254.7,22.1,120.5,81.7,6.7,11.7,116.9,20.63
2022,Season A,November,Nyamata,Maize,1.47,0.91,91.0,Hillside,Improved (WH507),No,None,0.0,No,Beans,Medium,Adequate,Yes,Yes,23.2,Clay Soil,6.93,3.16,75.2,22.7,253.9,23.8,66.2,73.4,7.3,9.8,117.9,16.84
2024,Season A,November,Mareba,Beans,2.41,1.63,163.0,Hillside,Hybrid (MAC 44),Partial,Inorganic (NPK),44.7,Yes,Maize,Low,Adequate,Yes,Yes,16.9,Sandy Loam,7.08,3.14,63.7,16.7,224.6,23.3,117.3,80.0,6.9,13.8,91.3,10.23
2024,Season B,March,Musenyi,Maize,2.75,2.55,255.0,Valley,Hybrid (H614D),Partial,Inorganic (NPK),43.4,Partial,Maize,Medium,Sufficient,Yes,No,13.6,Loam,7.15,2.75,42.6,14.4,274.6,23.3,85.9,77.9,7.2,9.4,101.7,21.59
2023,Season B,May,Rweru,Rice,2.93,2.15,215.0,Valley,Improved (IR64 / NERICA),No,None,0.0,Partial,Cassava,Low,Sufficient,No,Yes,12.0,Clay Soil,7.17,2.79,69.6,13.4,189.0,24.7,53.1,76.4,7.7,11.7,105.8,27.76
2024,Season A,September,Ngeruka,Beans,1.82,1.29,129.0,Flat,Improved (RWR 2245),Yes,Inorganic (NPK),141.5,No,Cassava,Low,Sufficient,Yes,No,17.7,Loam,7.02,2.58,69.2,18.9,205.4,22.4,49.3,75.8,7.1,12.0,101.2,13.95
2022,Season A,December,Rweru,Beans,2.04,1.4,140.0,Hillside,Hybrid (MAC 44),Partial,Organic (Compost),28.7,Yes,Cassava,High,Limited,No,Yes,8.2,Clay Soil,7.02,2.57,64.4,10.1,176.0,25.5,53.3,75.4,7.7,12.0,111.5,6.98
2021,Season B,March,Nyamata,Rice,1.76,1.59,159.0,Flat,Local Variety,No,None,0.0,Partial,Beans,Medium,Sufficient,Yes,Yes,5.2,Clay Soil,6.92,3.29,73.8,23.2,259.9,22.0,97.4,76.0,8.8,10.1,120.9,17.22
2022,Season B,May,Gashora,Maize,2.22,1.52,152.0,Hillside,Hybrid (H614D),No,None,0.0,Partial,Maize,Low,Adequate,Yes,Yes,9.1,Loam,6.44,2.39,47.6,24.4,195.0,23.1,96.6,70.2,7.5,10.8,108.3,24.95
2021,Season B,May,Ruhuha,Beans,1.15,0.92,92.0,Flat,Improved (RWR 2245),Yes,Mixed (Organic + Inorganic),209.5,Yes,Maize,Medium,Sufficient,Yes,No,5.6,Sandy Loam,7.01,2.3,59.9,20.0,187.5,23.5,69.9,75.0,7.0,12.8,112.1,13.42
2021,Season A,October,Mwogo,Beans,2.74,2.0,200.0,Flat,Local Variety,Yes,Organic (Compost),0.0,No,Rice,High,Sufficient,Yes,No,9.0,Sandy Soil,6.03,1.95,67.1,25.9,168.1,22.2,126.6,81.2,5.9,11.0,100.5,6.75
2021,Season B,February,Ruhuha,Maize,2.32,1.93,193.0,Flat,Hybrid (H614D),Yes,Inorganic (NPK),85.0,No,Maize,Medium,Sufficient,Yes,Yes,7.7,Sandy Loam,6.98,2.27,60.2,19.6,182.3,22.5,92.1,67.1,7.8,11.2,118.0,25.1
2021,Season A,September,Rilima,Beans,0.32,0.24,24.0,Flat,Improved (RWR 2245),Yes,Mixed (Organic + Inorganic),110.5,Partial,Fallow,Low,Adequate,Yes,No,24.2,Sandy Soil,6.14,1.6,42.7,17.9,207.2,24.8,89.8,76.8,7.3,12.5,123.1,14.52
2024,Season A,January,Nyarugenge,Maize,0.56,0.43,43.0,Flat,Local Variety,Yes,Mixed (Organic + Inorganic),94.0,No,Beans,Low,Limited,Yes,No,10.7,Clay Soil,6.35,1.88,42.3,20.3,206.0,21.4,83.7,64.4,7.8,11.7,104.5,17.8
2024,Season B,March,Ngeruka,Maize,2.54,2.31,231.0,Valley,Hybrid (H614D),No,None,0.0,Partial,Beans,Medium,Adequate,Yes,No,16.7,Loam,7.17,2.71,75.1,21.2,191.8,23.4,87.4,71.5,7.5,10.0,124.6,23.19
2023,Season B,May,Nyarugenge,Beans,2.71,1.69,169.0,Flat,Local Variety,Yes,Inorganic (NPK),97.8,No,Beans,Medium,Adequate,Yes,No,8.9,Clay Soil,6.18,1.91,39.7,22.0,202.2,23.1,82.8,74.6,7.2,8.8,118.1,7.16
2020,Season A,October,Gashora,Maize,2.67,2.26,226.0,Flat,Hybrid (H614D),No,None,0.0,Yes,Fallow,Medium,Limited,No,No,12.0,Loam,6.53,1.85,43.7,22.3,198.3,25.5,133.5,77.5,5.4,11.1,116.8,21.53
2024,Season B,June,Ruhuha,Beans,1.45,1.33,133.0,Valley,Local Variety,No,None,0.0,Partial,Maize,High,Adequate,Yes,No,7.8,Sandy Loam,7.06,2.48,61.7,13.0,184.2,22.3,43.5,66.9,8.0,12.0,103.3,4.71
2021,Season A,November,Ntarama,Beans,1.92,1.5,150.0,Hillside,Hybrid (MAC 44),No,None,0.0,Yes,Beans,Low,Adequate,Yes,Yes,21.7,Sandy Soil,7.21,2.9,68.4,13.0,241.0,25.5,66.4,78.5,6.6,6.7,107.3,8.84
2023,Season B,February,Rilima,Rice,1.22,0.83,83.0,Hillside,Hybrid (Komboka),Yes,Organic (Compost),0.0,No,Fallow,High,Adequate,Yes,No,20.9,Sandy Soil,6.22,2.05,39.4,15.8,208.7,23.4,83.0,86.4,8.0,10.7,100.5,24.48
2024,Season B,May,Rweru,Maize,1.78,1.57,157.0,Hillside,Hybrid (H614D),Yes,Inorganic (NPK),40.6,Yes,Rice,High,Adequate,No,Yes,24.5,Clay Soil,6.85,2.54,57.7,11.8,199.7,23.7,68.6,72.8,7.2,10.9,118.2,21.95
2022,Season B,February,Ruhuha,Beans,1.85,1.71,171.0,Flat,Improved (RWR 2245),No,None,0.0,Partial,Maize,Medium,Limited,Yes,No,7.8,Sandy Loam,6.77,2.29,60.7,15.6,180.4,23.0,92.7,76.6,7.7,11.9,116.0,11.8
2024,Season A,November,Ngeruka,Beans,1.7,1.44,144.0,Hillside,Improved (RWR 2245),No,None,0.0,No,Maize,High,Limited,No,No,7.7,Loam,6.98,2.89,77.5,22.3,187.6,24.0,127.9,82.3,7.4,10.9,92.3,8.92
2021,Season A,October,Ngeruka,Beans,0.96,0.87,87.0,Valley,Improved (RWR 2245),Yes,Inorganic (NPK),160.6,Yes,Rice,High,Limited,Yes,No,12.1,Loam,7.09,2.94,79.0,18.9,194.5,24.0,72.5,81.0,5.7,9.2,110.7,12.56
2022,Season A,January,Mareba,Rice,2.72,2.06,206.0,Flat,Improved (IR64 / NERICA),Partial,Organic (Compost),17.2,Partial,Fallow,Medium,Limited,Yes,Yes,12.1,Sandy Loam,7.24,3.09,61.0,14.1,243.3,22.7,56.0,71.8,9.2,12.7,116.8,27.2
2022,Season A,January,Rweru,Maize,1.81,1.49,149.0,Hillside,Local Variety,Yes,Inorganic (NPK),175.2,Partial,Maize,Low,Adequate,Yes,No,15.3,Clay Soil,6.92,2.76,61.6,11.2,194.0,22.0,65.8,69.3,7.7,11.1,103.3,14.9
2024,Season A,October,Mayange,Rice,0.77,0.77,77.0,Valley,Hybrid (Komboka),No,None,0.0,Yes,Beans,Low,Sufficient,No,No,7.5,Sandy Loam,6.18,2.84,64.3,10.0,195.1,24.2,82.2,89.0,6.8,11.0,116.9,27.88
2023,Season A,December,Musenyi,Beans,2.21,1.9,190.0,Valley,Improved (RWR 2245),Partial,Inorganic (NPK),67.8,Yes,Rice,Medium,Sufficient,Yes,No,12.9,Loam,7.1,2.26,37.7,14.4,254.5,22.6,74.0,82.7,8.0,11.8,94.7,16.53
2021,Season B,February,Mayange,Maize,2.8,2.18,218.0,Hillside,Improved (WH507),Partial,Organic (Compost),45.9,No,Rice,Medium,Limited,No,No,9.9,Sandy Loam,5.93,2.95,68.2,13.6,202.7,21.5,65.9,76.4,7.8,10.0,113.1,15.6
2022,Season B,March,Rilima,Maize,2.43,2.3,230.0,Valley,Local Variety,Yes,Mixed (Organic + Inorganic),189.2,No,Cassava,Low,Limited,Yes,No,19.8,Sandy Soil,6.13,1.75,39.0,16.4,213.7,21.7,123.4,80.1,7.1,12.6,123.7,14.91
2022,Season A,December,Kamabuye,Beans,0.25,0.25,25.0,Valley,Improved (RWR 2245),No,None,0.0,Yes,Beans,Medium,Sufficient,No,No,12.3,Clay Soil,7.03,2.55,40.0,20.0,207.8,22.5,106.9,73.4,7.1,11.4,103.4,12.14
2022,Season B,May,Kamabuye,Beans,0.54,0.46,46.0,Hillside,Hybrid (MAC 44),No,None,0.0,Yes,Beans,Medium,Sufficient,Yes,No,24.5,Clay Soil,7.18,2.36,44.6,17.4,190.7,25.0,58.1,77.7,7.5,10.9,100.0,7.38
2021,Season A,October,Mwogo,Beans,2.47,2.03,203.0,Valley,Improved (RWR 2245),Yes,Inorganic (NPK),191.2,No,Rice,High,Limited,No,Yes,14.1,Sandy Soil,5.88,1.97,63.3,21.7,152.8,22.3,66.0,84.1,6.6,10.7,106.4,11.46
2024,Season A,December,Musenyi,Beans,2.28,1.58,158.0,Hillside,Improved (RWR 2245),No,None,0.0,No,Maize,Low,Adequate,Yes,No,5.7,Loam,7.15,2.34,37.3,15.9,254.4,20.9,68.7,76.1,7.3,12.8,123.9,13.39
2020,Season A,November,Ruhuha,Beans,0.73,0.56,56.0,Hillside,Local Variety,Yes,Mixed (Organic + Inorganic),89.4,Yes,Maize,Medium,Adequate,No,No,24.3,Sandy Loam,6.81,2.62,64.4,20.8,181.0,24.3,75.9,70.7,7.9,11.4,113.9,7.29
2024,Season B,June,Nyarugenge,Rice,1.3,1.23,123.0,Valley,Hybrid (Komboka),Partial,Organic (Compost),50.0,Yes,Rice,Medium,Sufficient,No,No,6.9,Clay Soil,6.33,2.18,36.6,22.7,202.4,22.5,45.7,69.6,9.1,12.3,132.4,20.7
2022,Season A,January,Gashora,Maize,1.46,1.12,112.0,Flat,Hybrid (H614D),No,None,0.0,No,Cassava,High,Sufficient,No,No,22.0,Loam,6.55,1.87,52.8,24.7,186.0,22.3,52.7,66.7,7.7,11.3,99.2,17.21
2024,Season B,February,Gashora,Maize,1.72,1.14,114.0,Hillside,Improved (WH507),No,None,0.0,No,Beans,Low,Sufficient,No,No,10.5,Loam,6.51,2.28,53.6,25.1,190.3,24.4,55.0,72.3,7.2,11.6,103.8,14.38
2021,Season A,October,Rweru,Beans,1.74,1.62,162.0,Flat,Local Variety,Yes,Mixed (Organic + Inorganic),66.3,Partial,Fallow,Low,Limited,Yes,Yes,7.2,Clay Soil,7.13,2.58,66.1,11.0,179.0,24.2,131.6,84.1,6.0,9.2,101.2,6.92
2023,Season B,February,Nyamata,Beans,2.83,2.28,228.0,Valley,Hybrid (MAC 44),No,None,0.0,Yes,Cassava,Low,Sufficient,No,No,24.0,Clay Soil,7.04,3.39,79.0,24.4,268.1,22.1,63.2,77.5,7.7,11.0,105.4,9.0
2021,Season A,September,Musenyi,Rice,0.12,0.08,8.0,Flat,Local Variety,No,None,0.0,No,Beans,Medium,Adequate,No,No,11.4,Loam,6.9,2.57,41.0,16.6,233.0,23.6,52.4,73.6,7.1,12.3,121.2,15.89
2020,Season A,October,Mareba,Maize,0.12,0.09,9.0,Hillside,Improved (WH507),Yes,Organic (Compost),0.0,Yes,Fallow,High,Adequate,Yes,Yes,6.6,Sandy Loam,7.06,2.85,65.1,10.7,226.7,22.7,105.5,80.8,6.9,8.9,101.2,21.48
2021,Season B,March,Shyara,Rice,1.86,1.67,167.0,Hillside,Improved (IR64 / NERICA),Yes,Inorganic (NPK),97.1,Yes,Fallow,High,Adequate,Yes,Yes,22.0,Sandy Loam,6.03,2.25,54.0,18.9,272.9,21.2,123.7,79.7,6.5,10.0,95.9,33.0
2023,Season A,September,Shyara,Beans,1.89,1.5,150.0,Flat,Improved (RWR 2245),Partial,Inorganic (NPK),19.9,Partial,Beans,Low,Sufficient,Yes,No,20.4,Sandy Loam,6.25,2.26,52.5,22.5,262.9,23.1,48.6,71.9,8.5,11.8,112.5,12.82
2021,Season A,December,Mareba,Rice,2.61,2.1,210.0,Flat,Improved (IR64 / NERICA),Yes,Inorganic (NPK),117.7,No,Rice,Low,Adequate,No,No,5.5,Sandy Loam,6.97,2.91,57.6,9.3,243.5,23.3,106.2,76.1,8.0,12.3,115.4,34.58
2021,Season A,October,Mayange,Rice,2.15,2.05,205.0,Valley,Improved (IR64 / NERICA),Yes,Organic (Compost),0.0,No,Fallow,Medium,Adequate,Yes,Yes,11.8,Sandy Loam,5.97,2.63,63.6,13.6,205.3,25.4,92.9,79.6,6.3,10.0,110.8,38.49
2024,Season B,February,Ruhuha,Beans,0.43,0.39,39.0,Hillside,Hybrid (MAC 44),Yes,Mixed (Organic + Inorganic),161.1,Yes,Maize,Low,Limited,Yes,No,15.4,Sandy Loam,6.93,2.64,56.1,18.0,186.6,22.8,48.9,71.5,8.0,12.9,93.8,9.28
2024,Season B,April,Rweru,Maize,1.25,1.09,109.0,Hillside,Improved (WH507),Yes,Organic (Compost),0.0,Yes,Beans,Medium,Adequate,Yes,No,6.8,Clay Soil,6.86,2.28,68.3,10.0,177.3,22.3,130.5,83.7,6.2,10.4,117.6,22.57
2023,Season A,November,Mwogo,Maize,1.61,1.46,146.0,Flat,Improved (WH507),Yes,Inorganic (NPK),99.0,No,Rice,Low,Adequate,Yes,No,21.1,Sandy Soil,6.13,1.91,63.6,23.0,161.5,23.4,80.7,78.6,6.8,8.6,109.5,23.61
2024,Season A,November,Nyarugenge,Maize,2.76,2.33,233.0,Hillside,Improved (WH507),Partial,Organic (Compost),39.0,No,Beans,Low,Sufficient,No,No,7.9,Clay Soil,6.37,2.17,41.2,20.3,192.1,21.0,101.6,74.2,7.2,11.1,91.9,23.33
2024,Season B,March,Nyamata,Rice,1.44,1.27,127.0,Flat,Hybrid (Komboka),No,None,0.0,No,Beans,Medium,Limited,Yes,No,17.4,Clay Soil,7.12,3.0,77.1,20.6,250.2,24.0,104.6,81.8,7.9,9.4,98.7,22.92
2020,Season A,November,Ngeruka,Rice,1.78,1.62,162.0,Valley,Local Variety,Yes,Organic (Compost),0.0,Partial,Maize,Low,Sufficient,Yes,Yes,20.0,Loam,6.99,2.47,78.2,18.6,174.6,25.4,128.9,78.5,7.4,11.6,101.8,25.74
2023,Season B,April,Kamabuye,Rice,1.74,1.12,112.0,Flat,Improved (IR64 / NERICA),Yes,Inorganic (NPK),208.3,Partial,Fallow,Low,Adequate,No,No,11.1,Clay Soil,7.14,2.38,47.9,21.4,202.5,23.5,145.7,81.4,6.6,9.7,107.8,38.2
2024,Season A,January,Gashora,Beans,0.42,0.33,33.0,Flat,Improved (RWR 2245),No,None,0.0,No,Beans,Medium,Adequate,No,No,9.0,Loam,6.56,2.21,51.0,24.6,190.4,22.3,82.9,75.7,7.0,10.9,118.4,11.54
2021,Season B,February,Mwogo,Rice,2.05,1.3,130.0,Valley,Hybrid (Komboka),Yes,Inorganic (NPK),159.0,No,Rice,Medium,Adequate,No,Yes,18.4,Sandy Soil,6.15,2.09,70.3,20.2,155.7,21.5,95.8,68.0,8.0,12.5,117.4,21.27
2021,Season A,January,Kamabuye,Maize,2.69,2.15,215.0,Flat,Local Variety,No,None,0.0,Yes,Maize,High,Adequate,Yes,Yes,7.3,Clay Soil,6.97,2.14,41.5,20.7,209.4,23.4,90.8,75.8,7.4,12.0,93.1,12.51
2020,Season A,October,Ntarama,Maize,0.41,0.34,34.0,Flat,Improved (WH507),No,None,0.0,No,Rice,High,Sufficient,Yes,No,11.2,Sandy Soil,7.18,2.86,60.9,9.3,252.5,23.6,87.3,80.6,6.5,9.2,109.6,16.71
2023,Season B,May,Mwogo,Rice,2.79,2.69,269.0,Flat,Hybrid (Komboka),Yes,Inorganic (NPK),139.6,Partial,Beans,Medium,Sufficient,No,No,19.5,Sandy Soil,6.16,2.21,72.0,20.3,165.0,21.9,69.5,85.8,7.0,10.1,105.4,24.53
2020,Season A,December,Nyamata,Maize,2.86,2.73,273.0,Flat,Improved (WH507),Yes,Inorganic (NPK),124.3,Partial,Maize,Low,Limited,No,No,15.7,Clay Soil,7.09,3.16,77.9,21.8,255.7,23.7,97.6,71.1,7.9,12.9,106.3,20.51
2021,Season B,May,Rweru,Rice,0.49,0.38,38.0,Valley,Hybrid (Komboka),No,None,0.0,Partial,Fallow,Low,Adequate,No,No,6.6,Clay Soil,6.99,2.8,62.1,14.0,198.3,23.6,101.1,82.5,7.1,11.7,116.8,23.35
2021,Season A,December,Rweru,Beans,1.17,0.95,95.0,Hillside,Improved (RWR 2245),Yes,Mixed (Organic + Inorganic),45.3,Yes,Rice,High,Sufficient,Yes,No,5.1,Clay Soil,6.99,2.53,63.4,11.1,196.6,20.9,110.0,74.3,6.9,11.2,116.8,13.64
2020,Season A,October,Mareba,Beans,0.73,0.69,69.0,Hillside,Hybrid (MAC 44),Yes,Mixed (Organic + Inorganic),182.8,Yes,Maize,High,Adequate,No,No,10.4,Sandy Loam,7.0,2.93,62.5,10.3,247.0,22.8,130.9,83.9,6.3,11.0,108.6,9.82
2024,Season B,March,Ngeruka,Rice,0.88,0.78,78.0,Valley,Hybrid (Komboka),Partial,Inorganic (NPK),34.7,No,Beans,Medium,Sufficient,No,No,22.5,Loam,7.03,2.83,74.5,17.9,195.2,21.3,99.3,71.3,8.8,12.4,121.9,23.1
2023,Season B,March,Rilima,Rice,0.83,0.68,68.0,Hillside,Local Variety,Yes,Mixed (Organic + Inorganic),230.4,No,Beans,High,Adequate,Yes,Yes,25.0,Sandy Soil,6.07,1.81,40.3,20.6,215.1,22.3,114.8,79.9,6.6,10.3,109.5,22.6
2022,Season B,April,Ngeruka,Rice,0.44,0.33,33.0,Flat,Local Variety,No,None,0.0,No,Maize,Low,Adequate,Yes,No,21.9,Loam,7.21,2.76,70.7,20.5,201.5,23.2,101.4,78.6,5.7,9.9,101.1,18.3
2023,Season B,February,Mareba,Beans,1.09,0.73,73.0,Valley,Improved (RWR 2245),Partial,Organic (Compost),54.8,No,Beans,Medium,Adequate,Yes,No,20.9,Sandy Loam,7.1,3.1,62.5,14.5,246.7,22.2,64.6,71.6,8.3,11.0,114.1,13.63
2024,Season A,November,Mayange,Rice,1.95,1.61,161.0,Valley,Hybrid (Komboka),No,None,0.0,No,Beans,Low,Sufficient,Yes,No,8.0,Sandy Loam,6.09,2.68,60.1,13.6,212.3,23.6,63.8,74.2,6.7,9.9,97.0,25.96
2021,Season B,June,Mayange,Maize,1.4,0.99,99.0,Flat,Improved (WH507),Yes,Inorganic (NPK),213.7,Yes,Rice,Low,Adequate,Yes,Yes,20.4,Sandy Loam,5.99,2.94,66.3,12.0,204.9,21.7,45.8,67.0,7.4,13.2,125.1,18.88
2021,Season B,March,Ruhuha,Beans,1.34,1.17,117.0,Hillside,Improved (RWR 2245),Yes,Inorganic (NPK),85.6,No,Maize,Low,Limited,Yes,No,22.5,Sandy Loam,7.18,2.4,66.6,19.2,195.4,22.5,88.2,75.7,6.3,10.9,95.5,13.27
2023,Season A,December,Nyamata,Maize,2.36,2.3,230.0,Hillside,Improved (WH507),Partial,Inorganic (NPK),18.7,Yes,Rice,Low,Adequate,No,Yes,8.0,Clay Soil,6.88,3.01,77.8,26.1,257.6,24.0,57.7,83.3,8.1,12.0,118.4,18.18
2023,Season A,December,Ngeruka,Maize,1.56,1.27,127.0,Flat,Improved (WH507),No,None,0.0,Yes,Maize,Medium,Sufficient,Yes,No,24.2,Loam,6.97,2.63,75.9,23.1,205.6,21.2,79.8,70.6,7.9,9.9,122.5,14.91
2020,Season A,January,Mareba,Maize,2.93,2.89,289.0,Flat,Hybrid (H614D),Yes,Organic (Compost),0.0,No,Beans,Low,Sufficient,Yes,No,13.8,Sandy Loam,7.07,3.09,59.8,14.4,226.2,20.7,57.5,67.2,7.5,10.8,103.0,21.04
2023,Season A,November,Mayange,Rice,2.16,1.72,172.0,Flat,Hybrid (Komboka),Yes,Mixed (Organic + Inorganic),125.2,Yes,Beans,Medium,Adequate,Yes,No,11.2,Sandy Loam,6.04,3.04,57.6,14.2,217.4,25.3,128.2,75.9,7.9,10.8,118.6,38.05
2022,Season A,December,Shyara,Maize,1.13,0.8,80.0,Hillside,Improved (WH507),No,None,0.0,Yes,Beans,High,Sufficient,Yes,No,18.4,Sandy Loam,6.16,2.4,57.3,21.3,285.3,23.1,87.1,73.1,7.6,13.4,105.1,18.93
2020,Season A,November,Mareba,Maize,2.99,2.0,200.0,Flat,Local Variety,No,None,0.0,Yes,Fallow,Low,Adequate,Yes,No,16.6,Sandy Loam,7.21,2.74,58.2,13.8,228.4,24.8,68.7,76.2,7.3,11.1,106.6,11.99
2023,Season A,January,Ntarama,Beans,0.8,0.51,51.0,Valley,Improved (RWR 2245),No,None,0.0,Partial,Rice,Low,Limited,No,No,23.7,Sandy Soil,7.02,2.68,62.8,12.3,235.9,20.7,58.4,79.4,7.5,10.8,95.6,11.38
2020,Season B,February,Mwogo,Rice,2.57,2.55,255.0,Valley,Improved (IR64 / NERICA),Partial,Inorganic (NPK),69.6,No,Beans,Low,Adequate,Yes,Yes,7.2,Sandy Soil,6.11,2.16,68.8,21.8,177.7,25.4,79.1,78.3,8.3,10.8,100.7,35.87
2022,Season A,September,Shyara,Maize,0.69,0.66,66.0,Hillside,Local Variety,No,None,0.0,Partial,Maize,Low,Limited,No,No,13.7,Sandy Loam,6.22,2.26,57.5,20.7,261.6,24.9,94.1,71.7,8.2,11.5,125.2,13.33
2020,Season B,February,Ruhuha,Rice,0.62,0.38,38.0,Hillside,Hybrid (Komboka),Partial,Organic (Compost),40.8,Partial,Beans,Low,Sufficient,Yes,No,14.6,Sandy Loam,7.03,2.39,62.5,17.6,190.8,22.6,86.8,73.9,7.6,11.2,106.9,24.65
2022,Season A,September,Kamabuye,Rice,1.25,1.1,110.0,Hillside,Improved (IR64 / NERICA),Yes,Inorganic (NPK),102.9,Yes,Maize,Medium,Sufficient,No,No,14.2,Clay Soil,7.09,2.48,42.0,20.1,203.2,24.7,103.2,71.5,6.8,11.8,123.1,38.51
2020,Season A,January,Ntarama,Beans,1.56,1.42,142.0,Valley,Local Variety,Yes,Organic (Compost),0.0,Partial,Rice,Medium,Limited,Yes,No,17.1,Sandy Soil,7.32,2.76,60.9,10.6,260.6,21.6,67.3,73.6,6.9,10.9,118.2,7.49
2021,Season B,June,Juru,Rice,2.66,1.65,165.0,Flat,Improved (IR64 / NERICA),Yes,Inorganic (NPK),220.3,No,Beans,High,Adequate,Yes,No,18.2,Sandy Loam,7.01,2.38,52.2,25.9,188.8,21.8,36.5,66.1,8.7,12.4,115.5,22.75
2024,Season A,October,Ngeruka,Beans,1.79,1.56,156.0,Hillside,Hybrid (MAC 44),Yes,Inorganic (NPK),108.4,No,Fallow,Medium,Limited,Yes,Yes,6.2,Loam,6.85,2.59,77.1,22.4,188.6,25.0,141.0,84.6,7.1,9.1,116.0,8.62
2021,Season B,March,Ngeruka,Rice,2.42,1.56,156.0,Valley,Improved (IR64 / NERICA),Yes,Organic (Compost),0.0,No,Beans,Medium,Adequate,No,Yes,12.7,Loam,6.82,2.58,73.9,22.2,203.6,22.8,131.0,72.5,7.2,10.9,116.1,34.27
2023,Season A,January,Mareba,Rice,2.54,1.95,195.0,Hillside,Improved (IR64 / NERICA),No,None,0.0,No,Beans,Medium,Adequate,Yes,No,23.9,Sandy Loam,7.07,3.22,64.3,11.7,231.1,24.0,48.5,74.0,8.4,12.0,93.1,27.1
2021,Season A,November,Ruhuha,Rice,1.07,0.65,65.0,Valley,Hybrid (Komboka),No,None,0.0,No,Fallow,Medium,Sufficient,Yes,No,18.8,Sandy Loam,7.01,2.86,61.2,20.0,182.8,22.1,95.0,71.9,7.1,12.9,89.8,22.1
2022,Season A,September,Juru,Rice,1.27,0.93,93.0,Flat,Improved (IR64 / NERICA),Yes,Inorganic (NPK),209.7,Yes,Beans,Medium,Adequate,No,Yes,24.3,Sandy Loam,7.08,2.66,43.9,28.6,171.1,23.0,76.8,68.4,7.6,12.2,101.9,33.16
2020,Season B,April,Ntarama,Rice,0.24,0.17,17.0,Flat,Improved (IR64 / NERICA),Partial,Inorganic (NPK),26.3,Yes,Fallow,Low,Adequate,No,Yes,7.6,Sandy Soil,7.25,2.91,64.2,9.2,229.4,21.4,124.6,75.4,5.9,9.0,115.5,36.22
2022,Season B,April,Nyamata,Beans,2.9,2.59,259.0,Hillside,Hybrid (MAC 44),No,None,0.0,No,Fallow,Low,Adequate,No,No,22.8,Clay Soil,7.1,2.96,75.3,26.3,263.8,23.9,138.6,68.8,7.6,11.1,97.4,8.11
2023,Season B,April,Gashora,Maize,2.48,2.37,237.0,Valley,Improved (WH507),Yes,Mixed (Organic + Inorganic),108.5,No,Beans,Medium,Adequate,Yes,No,20.9,Loam,6.46,2.08,47.8,21.6,188.8,24.4,78.3,85.5,6.4,10.5,102.1,19.49
2021,Season B,June,Kamabuye,Beans,1.07,0.79,79.0,Flat,Hybrid (MAC 44),No,None,0.0,No,Maize,Low,Adequate,Yes,Yes,10.4,Clay Soil,7.13,2.44,38.0,19.5,212.6,23.5,42.7,58.4,8.5,12.0,127.4,6.95
2022,Season B,February,Rweru,Rice,2.19,1.37,137.0,Flat,Hybrid (Komboka),No,None,0.0,No,Cassava,Low,Adequate,Yes,No,16.9,Clay Soil,7.11,2.67,65.7,12.8,193.8,21.5,71.4,73.5,6.8,10.1,119.0,16.88
2022,Season B,May,Nyamata,Beans,0.7,0.65,65.0,Valley,Local Variety,No,None,0.0,No,Maize,Low,Adequate,Yes,No,14.3,Clay Soil,7.23,3.26,74.1,25.8,260.0,24.5,60.7,74.6,7.3,10.4,102.9,5.89
2022,Season A,October,Shyara,Rice,1.35,1.23,123.0,Flat,Local Variety,Yes,Mixed (Organic + Inorganic),195.5,No,Fallow,Medium,Limited,Yes,No,20.5,Sandy Loam,6.19,2.23,58.4,24.1,263.3,24.2,120.1,79.0,6.2,10.5,88.7,27.33
2024,Season A,October,Mareba,Beans,0.11,0.11,11.0,Flat,Hybrid (MAC 44),Yes,Inorganic (NPK),241.8,Partial,Maize,High,Sufficient,Yes,No,20.0,Sandy Loam,7.1,2.96,60.8,8.9,241.3,23.3,86.1,83.2,6.7,11.9,116.4,9.8
2021,Season A,December,Juru,Beans,1.95,1.67,167.0,Flat,Hybrid (MAC 44),Yes,Inorganic (NPK),54.2,No,Fallow,Low,Adequate,No,Yes,15.7,Sandy Loam,7.0,2.63,40.8,24.9,194.2,22.0,52.5,77.2,7.6,11.4,113.9,10.99
2020,Season B,March,Musenyi,Maize,1.29,0.88,88.0,Hillside,Improved (WH507),No,None,0.0,Partial,Rice,Medium,Sufficient,No,No,7.6,Loam,7.23,2.51,39.5,11.2,248.3,24.5,100.7,80.5,7.2,9.3,105.7,16.39
2024,Season B,February,Nyamata,Rice,2.31,1.53,153.0,Valley,Improved (IR64 / NERICA),Yes,Organic (Compost),0.0,No,Rice,Low,Adequate,Yes,No,19.1,Clay Soil,7.21,3.25,76.1,22.9,260.4,22.8,54.6,78.0,8.1,10.8,123.1,24.26
2022,Season B,May,Ngeruka,Beans,2.03,1.96,196.0,Flat,Hybrid (MAC 44),No,None,0.0,Yes,Fallow,Low,Adequate,Yes,No,23.0,Loam,7.05,2.7,74.7,17.6,198.1,22.3,76.1,80.5,7.9,11.5,89.5,9.96
2021,Season B,February,Gashora,Rice,1.27,1.01,101.0,Flat,Hybrid (Komboka),Yes,Inorganic (NPK),108.9,No,Beans,Low,Adequate,Yes,No,6.5,Loam,6.58,2.04,46.5,21.9,178.7,22.4,80.2,74.8,7.4,10.8,120.7,25.08
2022,Season A,November,Ruhuha,Rice,0.18,0.18,18.0,Valley,Local Variety,Partial,Organic (Compost),26.9,No,Beans,High,Adequate,Yes,No,14.6,Sandy Loam,6.86,2.45,67.1,17.1,191.7,21.1,110.2,75.1,7.1,9.8,110.7,18.98
2022,Season B,March,Kamabuye,Maize,2.68,1.7,170.0,Hillside,Local Variety,No,None,0.0,No,Maize,High,Adequate,Yes,No,19.0,Clay Soil,7.08,2.26,43.1,16.2,204.0,25.6,72.5,81.3,7.5,10.7,95.7,8.56
2020,Season A,December,Juru,Beans,2.25,2.1,210.0,Hillside,Improved (RWR 2245),No,None,0.0,No,Cassava,Low,Limited,Yes,Yes,13.8,Sandy Loam,7.1,2.65,51.8,24.5,181.7,21.0,88.8,76.9,7.2,12.2,111.6,12.01
2020,Season B,June,Gashora,Rice,1.22,1.03,103.0,Flat,Improved (IR64 / NERICA),Yes,Inorganic (NPK),138.4,Yes,Beans,Low,Sufficient,Yes,Yes,5.3,Loam,6.43,2.08,42.5,23.2,183.6,21.3,41.6,61.3,8.1,12.8,122.5,31.32
2020,Season B,June,Rilima,Rice,0.57,0.57,57.0,Flat,Hybrid (Komboka),Yes,Inorganic (NPK),50.2,No,Rice,High,Adequate,No,No,22.6,Sandy Soil,6.04,1.72,39.6,12.6,220.6,22.9,48.8,68.8,8.5,12.3,102.0,14.8
2020,Season B,April,Mwogo,Maize,2.12,1.61,161.0,Flat,Local Variety,No,None,0.0,No,Beans,Low,Sufficient,Yes,Yes,6.6,Sandy Soil,5.98,1.91,70.1,23.1,163.9,21.5,72.2,73.5,6.4,9.8,106.6,12.17
2023,Season A,September,Shyara,Maize,0.14,0.12,12.0,Hillside,Local Variety,No,None,0.0,Yes,Beans,High,Adequate,Yes,No,18.6,Sandy Loam,6.15,2.3,59.5,18.7,274.1,22.5,104.9,77.2,7.2,11.3,104.4,13.51
2023,Season B,June,Shyara,Maize,1.49,1.44,144.0,Hillside,Improved (WH507),Yes,Mixed (Organic + Inorganic),239.5,No,Fallow,High,Limited,No,No,10.3,Sandy Loam,6.1,2.01,57.7,20.7,257.8,23.7,38.4,73.7,8.2,11.0,98.8,13.44
2022,Season B,May,Shyara,Rice,2.07,1.86,186.0,Flat,Hybrid (Komboka),No,None,0.0,No,Maize,Medium,Adequate,No,No,9.6,Sandy Loam,6.17,2.48,62.1,21.3,270.7,25.5,108.5,72.3,7.6,9.8,99.2,23.94
2022,Season A,December,Mayange,Maize,2.05,2.04,204.0,Hillside,Improved (WH507),Partial,Inorganic (NPK),42.3,No,Beans,High,Adequate,No,No,18.4,Sandy Loam,6.16,2.81,69.2,11.7,200.1,22.3,96.2,80.2,7.4,12.8,120.4,20.13
2023,Season A,December,Kamabuye,Rice,1.52,1.4,140.0,Valley,Local Variety,No,None,0.0,Partial,Maize,Low,Adequate,No,Yes,22.7,Clay Soil,7.18,2.38,43.6,19.6,199.9,23.8,112.0,69.9,7.8,11.1,104.2,20.84
2021,Season B,March,Mayange,Rice,1.81,1.43,143.0,Flat,Hybrid (Komboka),Yes,Mixed (Organic + Inorganic),79.9,Yes,Beans,Low,Adequate,Yes,Yes,5.0,Sandy Loam,5.96,2.75,64.2,15.1,205.9,22.3,100.1,81.1,7.4,10.6,119.7,29.39
2020,Season B,February,Rilima,Maize,2.83,2.78,278.0,Hillside,Improved (WH507),Yes,Organic (Compost),0.0,No,Cassava,High,Adequate,Yes,No,11.3,Sandy Soil,6.21,1.81,45.6,18.1,205.3,23.1,97.1,66.8,7.9,12.8,96.7,19.7
2023,Season A,December,Gashora,Rice,1.3,1.2,120.0,Valley,Improved (IR64 / NERICA),No,None,0.0,Yes,Maize,High,Adequate,No,Yes,17.1,Loam,6.55,2.21,52.0,25.5,167.1,22.4,84.1,79.2,8.1,11.3,123.1,29.03
2021,Season B,June,Rilima,Rice,1.47,1.45,145.0,Hillside,Improved (IR64 / NERICA),Yes,Mixed (Organic + Inorganic),179.4,Yes,Beans,High,Adequate,Yes,No,23.9,Sandy Soil,6.01,1.77,45.0,17.9,212.3,23.1,44.4,71.2,8.2,10.2,114.2,32.7
2023,Season A,November,Mwogo,Rice,1.39,1.11,111.0,Hillside,Improved (IR64 / NERICA),Yes,Organic (Compost),0.0,No,Maize,Medium,Adequate,No,No,22.8,Sandy Soil,5.91,1.99,71.2,21.6,157.2,24.8,69.5,77.3,7.1,9.7,109.8,31.34
2023,Season A,November,Nyarugenge,Maize,1.79,1.62,162.0,Flat,Local Variety,No,None,0.0,No,Cassava,Low,Limited,Yes,Yes,9.6,Clay Soil,6.27,2.06,37.6,22.5,195.9,22.1,135.1,74.7,6.4,10.2,105.3,12.4
2020,Season A,December,Gashora,Maize,1.03,0.86,86.0,Valley,Hybrid (H614D),Yes,Organic (Compost),0.0,No,Rice,Medium,Adequate,No,Yes,17.4,Loam,6.37,2.28,46.9,26.0,193.3,21.9,103.9,62.8,7.5,12.3,115.3,27.98
2022,Season B,April,Ruhuha,Beans,0.66,0.49,49.0,Valley,Local Variety,Yes,Mixed (Organic + Inorganic),39.0,Yes,Beans,High,Sufficient,No,No,24.1,Sandy Loam,7.08,2.41,60.2,20.2,177.3,21.1,92.0,76.4,6.6,10.3,118.2,6.9
2021,Season A,September,Musenyi,Rice,0.32,0.29,29.0,Valley,Local Variety,Partial,Inorganic (NPK),57.8,No,Cassava,Medium,Adequate,Yes,No,14.9,Loam,7.14,2.3,37.9,12.2,256.7,23.9,64.9,71.5,8.2,10.4,100.7,19.33
2024,Season B,May,Kamabuye,Beans,0.77,0.63,63.0,Hillside,Improved (RWR 2245),Yes,Inorganic (NPK),76.1,No,Beans,Medium,Sufficient,No,No,23.2,Clay Soil,6.96,2.09,42.4,15.2,207.7,24.4,63.3,78.4,7.6,10.4,98.6,12.53
2020,Season A,September,Rilima,Rice,2.79,2.64,264.0,Valley,Local Variety,Partial,Organic (Compost),67.7,No,Maize,Low,Adequate,Yes,No,19.3,Sandy Soil,6.14,1.87,45.3,17.2,208.7,24.1,97.0,68.7,7.4,9.6,97.2,23.82
2021,Season A,December,Ngeruka,Beans,0.17,0.11,11.0,Flat,Improved (RWR 2245),Yes,Organic (Compost),0.0,Partial,Beans,Medium,Sufficient,No,Yes,16.9,Loam,7.05,2.61,69.3,25.2,199.2,23.9,112.6,68.1,7.2,10.8,100.9,11.93
2020,Season B,March,Rilima,Maize,2.86,2.67,267.0,Hillside,Local Variety,Partial,Inorganic (NPK),35.9,Yes,Maize,Medium,Sufficient,No,No,8.2,Sandy Soil,6.24,1.75,43.8,15.0,226.7,23.3,85.0,66.6,6.7,10.9,114.4,15.73
2024,Season A,January,Mayange,Rice,1.17,1.03,103.0,Valley,Improved (IR64 / NERICA),Partial,Organic (Compost),31.7,Partial,Maize,Medium,Adequate,Yes,No,14.7,Sandy Loam,5.96,2.78,57.4,12.2,190.4,23.9,54.1,67.6,7.2,10.6,123.1,30.62
2020,Season B,May,Mayange,Maize,1.04,1.03,103.0,Valley,Improved (WH507),Yes,Mixed (Organic + Inorganic),244.6,No,Beans,Medium,Sufficient,Yes,Yes,23.1,Sandy Loam,6.08,2.68,60.4,13.1,212.1,24.0,68.4,82.6,7.5,11.3,114.2,22.6
2022,Season B,February,Mareba,Maize,1.28,1.03,103.0,Hillside,Improved (WH507),Yes,Organic (Compost),0.0,No,Maize,High,Adequate,No,No,16.4,Sandy Loam,7.29,2.82,62.2,9.4,230.4,22.1,54.6,69.0,7.2,9.9,111.8,13.43
2022,Season B,May,Kamabuye,Maize,0.24,0.23,23.0,Valley,Hybrid (H614D),Yes,Mixed (Organic + Inorganic),151.0,No,Fallow,Low,Adequate,Yes,Yes,7.8,Clay Soil,7.0,2.22,40.3,16.7,203.1,22.3,106.8,71.7,7.1,10.6,100.0,27.88
2022,Season B,May,Juru,Beans,2.35,1.96,196.0,Valley,Improved (RWR 2245),Partial,Inorganic (NPK),73.1,No,Fallow,High,Adequate,Yes,No,14.0,Sandy Loam,7.04,2.48,56.4,24.0,183.6,23.4,54.7,78.2,7.7,11.1,112.4,10.86
2023,Season A,November,Mayange,Rice,1.92,1.24,124.0,Hillside,Hybrid (Komboka),No,None,0.0,Yes,Maize,High,Limited,Yes,No,10.9,Sandy Loam,5.87,2.68,63.0,10.5,204.7,23.9,89.9,81.5,7.0,11.5,99.3,22.21
2024,Season A,November,Musenyi,Rice,2.63,1.72,172.0,Flat,Improved (IR64 / NERICA),Partial,Inorganic (NPK),13.4,Partial,Beans,Medium,Limited,No,No,24.7,Loam,7.04,2.27,41.3,15.8,263.6,24.2,127.6,76.0,6.6,8.1,97.6,34.93
2021,Season B,March,Ngeruka,Beans,1.25,1.22,122.0,Flat,Hybrid (MAC 44),No,None,0.0,Partial,Beans,Low,Sufficient,Yes,No,19.4,Loam,6.94,2.74,74.7,17.8,193.7,24.4,70.3,72.6,7.5,11.9,118.2,8.75
2024,Season A,January,Shyara,Beans,2.66,1.9,190.0,Flat,Improved (RWR 2245),No,None,0.0,Partial,Maize,High,Adequate,Yes,No,21.0,Sandy Loam,6.26,2.1,54.7,25.9,262.5,21.5,58.2,66.3,7.8,12.7,92.1,11.0
2022,Season A,December,Mayange,Maize,0.94,0.63,63.0,Flat,Local Variety,No,None,0.0,No,Cassava,Low,Adequate,Yes,Yes,21.6,Sandy Loam,5.79,2.84,62.8,9.0,205.2,22.5,85.1,65.6,7.8,9.9,107.1,14.84
2022,Season A,November,Ruhuha,Rice,2.68,2.14,214.0,Hillside,Hybrid (Komboka),No,None,0.0,No,Beans,Medium,Sufficient,Yes,No,18.9,Sandy Loam,6.9,2.47,64.6,15.3,176.2,22.3,93.2,75.7,7.0,9.1,113.9,24.79
2022,Season B,June,Juru,Rice,1.81,1.22,122.0,Valley,Hybrid (Komboka),Yes,Organic (Compost),0.0,No,Beans,Low,Adequate,Yes,No,17.2,Sandy Loam,6.97,2.69,44.4,29.8,184.4,22.0,48.6,65.5,8.1,13.1,102.9,17.85
2020,Season A,December,Gashora,Maize,1.06,0.89,89.0,Flat,Improved (WH507),No,None,0.0,No,Rice,Medium,Sufficient,Yes,Yes,18.8,Loam,6.6,2.37,50.6,24.1,191.8,23.8,62.6,68.0,7.4,11.0,117.7,16.48
2024,Season B,February,Musenyi,Maize,1.15,0.86,86.0,Hillside,Hybrid (H614D),No,None,0.0,No,Rice,Low,Sufficient,Yes,Yes,10.6,Loam,6.82,2.47,36.7,15.0,256.0,22.9,67.0,77.9,7.7,10.6,116.7,22.37
2021,Season A,December,Ntarama,Beans,1.82,1.76,176.0,Flat,Improved (RWR 2245),No,None,0.0,No,Maize,Low,Adequate,No,Yes,14.4,Sandy Soil,7.14,2.95,59.4,12.9,233.8,20.3,104.2,68.9,7.7,11.6,105.6,12.2
2024,Season A,December,Ngeruka,Rice,2.7,1.92,192.0,Valley,Improved (IR64 / NERICA),Partial,Inorganic (NPK),70.4,No,Beans,Medium,Adequate,Yes,No,8.6,Loam,7.05,3.1,75.0,20.6,186.4,22.0,114.5,82.2,6.8,10.9,110.3,35.26
2023,Season A,December,Mareba,Beans,1.5,1.18,118.0,Flat,Local Variety,No,None,0.0,No,Beans,High,Sufficient,No,No,15.0,Sandy Loam,7.06,2.84,65.5,12.4,246.6,19.7,86.5,77.0,7.0,11.6,101.6,5.39
2023,Season A,January,Rweru,Maize,2.07,1.46,146.0,Flat,Improved (WH507),Yes,Inorganic (NPK),146.5,No,Rice,Low,Limited,Yes,No,14.0,Clay Soil,6.87,2.7,63.8,10.8,196.4,22.1,68.6,70.5,8.1,11.0,99.7,18.69
2020,Season A,September,Mayange,Maize,2.05,1.5,150.0,Flat,Improved (WH507),Yes,Organic (Compost),0.0,No,Maize,Medium,Sufficient,No,No,19.5,Sandy Loam,5.98,2.77,64.8,13.0,210.7,23.3,71.8,75.4,7.3,12.2,101.2,19.62
2020,Season B,May,Rweru,Rice,2.88,2.18,218.0,Hillside,Improved (IR64 / NERICA),Yes,Inorganic (NPK),176.3,Yes,Beans,Medium,Sufficient,No,No,18.4,Clay Soil,7.1,2.56,58.9,13.2,190.5,25.4,66.1,74.0,7.9,10.3,103.0,32.04
2020,Season A,January,Gashora,Rice,1.95,1.39,139.0,Flat,Hybrid (Komboka),No,None,0.0,No,Cassava,Medium,Adequate,No,Yes,10.4,Loam,6.31,2.35,49.0,25.0,197.3,22.4,90.8,72.0,8.6,11.4,100.2,24.12
2024,Season B,May,Shyara,Beans,2.72,2.62,262.0,Flat,Hybrid (MAC 44),No,None,0.0,Partial,Rice,Low,Sufficient,Yes,Yes,12.3,Sandy Loam,6.08,2.39,56.0,22.9,273.3,23.1,99.4,72.7,7.4,9.8,94.1,9.89
2021,Season B,February,Mareba,Maize,0.68,0.49,49.0,Hillside,Local Variety,Yes,Inorganic (NPK),63.9,No,Beans,High,Adequate,Yes,No,21.0,Sandy Loam,7.22,3.05,57.6,14.4,223.2,25.6,70.2,75.0,7.4,9.5,122.3,10.92
2020,Season B,April,Mayange,Beans,2.58,2.33,233.0,Flat,Improved (RWR 2245),No,None,0.0,No,Rice,Medium,Limited,No,Yes,16.2,Sandy Loam,5.9,3.07,69.6,13.7,224.7,21.2,100.2,70.5,6.4,10.1,111.5,10.88
2021,Season B,February,Mareba,Beans,2.56,2.55,255.0,Flat,Hybrid (MAC 44),Yes,Organic (Compost),0.0,Partial,Beans,Low,Adequate,No,No,13.3,Sandy Loam,7.41,2.8,58.4,12.7,222.4,24.0,78.5,79.5,8.0,12.6,114.3,10.2
2024,Season A,September,Mayange,Maize,2.55,1.67,167.0,Flat,Hybrid (H614D),Yes,Mixed (Organic + Inorganic),175.1,Partial,Beans,High,Adequate,Yes,No,8.0,Sandy Loam,5.99,2.8,66.1,8.6,205.1,23.9,105.5,75.4,6.8,12.0,106.3,30.02
2021,Season B,June,Rilima,Beans,0.63,0.5,50.0,Hillside,Improved (RWR 2245),Yes,Organic (Compost),0.0,No,Fallow,Low,Adequate,Yes,No,16.0,Sandy Soil,6.06,1.79,41.4,13.8,225.6,23.0,37.2,61.7,8.7,13.7,132.9,9.35
2020,Season B,March,Mwogo,Maize,2.7,2.31,231.0,Hillside,Local Variety,No,None,0.0,No,Beans,High,Adequate,No,No,20.2,Sandy Soil,5.94,2.04,69.4,21.5,179.1,23.3,97.5,78.2,7.3,10.5,115.7,13.61
2022,Season A,December,Rweru,Maize,1.9,1.52,152.0,Hillside,Local Variety,No,None,0.0,Yes,Rice,Low,Sufficient,No,No,23.3,Clay Soil,6.94,2.6,64.8,13.2,195.7,22.1,60.1,72.6,7.2,10.1,111.8,13.24
2022,Season B,May,Rilima,Rice,1.54,1.05,105.0,Flat,Improved (IR64 / NERICA),No,None,0.0,No,Maize,Medium,Adequate,Yes,No,10.5,Sandy Soil,6.23,1.99,39.1,14.9,218.8,22.4,98.1,78.5,5.5,10.9,116.3,26.77
2023,Season B,February,Kamabuye,Maize,1.34,0.9,90.0,Valley,Local Variety,Yes,Organic (Compost),0.0,Yes,Maize,High,Sufficient,No,Yes,14.1,Clay Soil,7.33,2.19,38.2,17.1,216.8,23.2,62.1,73.4,7.5,11.3,126.1,11.62
2022,Season A,October,Ntarama,Maize,1.07,0.84,84.0,Hillside,Local Variety,Yes,Organic (Compost),0.0,No,Beans,Low,Sufficient,No,Yes,16.1,Sandy Soil,7.08,2.83,57.0,9.7,235.1,24.0,147.6,81.1,5.9,9.1,109.6,15.72
2024,Season B,February,Ruhuha,Rice,0.29,0.27,27.0,Flat,Hybrid (Komboka),Partial,Inorganic (NPK),20.2,No,Beans,Medium,Adequate,Yes,No,13.7,Sandy Loam,6.91,2.59,65.4,18.4,185.1,22.7,53.3,75.3,7.8,11.7,113.8,22.12
2021,Season B,March,Mayange,Maize,2.14,1.85,185.0,Hillside,Improved (WH507),No,None,0.0,Yes,Beans,Low,Limited,No,No,15.2,Sandy Loam,6.07,2.78,68.5,13.1,187.6,22.1,78.6,73.7,7.9,10.1,113.3,16.8
2023,Season A,January,Mayange,Beans,1.2,0.72,72.0,Valley,Improved (RWR 2245),Yes,Inorganic (NPK),163.6,No,Beans,Medium,Limited,No,Yes,21.2,Sandy Loam,6.07,2.72,63.9,13.3,204.1,22.0,71.0,71.9,8.0,11.9,107.9,14.27
2020,Season B,March,Ngeruka,Maize,1.39,0.94,94.0,Hillside,Hybrid (H614D),Partial,Inorganic (NPK),61.4,Yes,Fallow,Medium,Adequate,Yes,No,21.4,Loam,7.05,2.79,75.0,19.3,197.0,23.2,122.4,82.1,7.3,11.0,110.3,28.11
2023,Season B,February,Shyara,Rice,1.59,1.16,116.0,Valley,Improved (IR64 / NERICA),No,None,0.0,No,Rice,High,Adequate,No,No,19.4,Sandy Loam,6.13,2.42,50.3,19.7,260.3,23.6,100.6,82.2,7.4,9.6,97.7,23.78
2020,Season B,June,Mareba,Rice,1.07,1.04,104.0,Valley,Local Variety,Yes,Mixed (Organic + Inorganic),76.7,No,Beans,High,Adequate,Yes,No,20.1,Sandy Loam,7.24,2.96,65.2,11.9,237.4,22.8,42.2,71.0,8.5,13.7,122.6,13.09
2023,Season A,January,Ngeruka,Rice,0.74,0.7,70.0,Valley,Local Variety,Yes,Inorganic (NPK),138.4,No,Beans,Low,Sufficient,Yes,No,15.6,Loam,7.0,2.53,78.5,21.8,196.1,22.0,76.0,72.4,7.6,12.1,95.9,18.37
2020,Season B,May,Juru,Maize,0.92,0.58,58.0,Valley,Improved (WH507),Yes,Organic (Compost),0.0,No,Fallow,Low,Limited,Yes,No,22.7,Sandy Loam,6.96,2.6,46.8,27.0,186.7,23.1,79.6,75.6,6.4,11.6,96.3,16.88
2022,Season B,May,Gashora,Rice,1.05,0.8,80.0,Flat,Improved (IR64 / NERICA),Partial,Inorganic (NPK),63.5,Yes,Cassava,Low,Limited,Yes,Yes,13.0,Loam,6.44,2.15,52.9,22.3,181.5,22.6,61.7,75.2,7.5,11.0,117.5,25.71
2024,Season A,November,Juru,Beans,1.22,0.9,90.0,Valley,Local Variety,Yes,Mixed (Organic + Inorganic),215.5,Yes,Fallow,Low,Sufficient,Yes,No,10.1,Sandy Loam,6.78,2.79,51.8,22.3,168.1,23.0,128.3,72.3,7.2,10.3,104.9,8.09
2022,Season B,May,Ngeruka,Maize,2.37,1.61,161.0,Valley,Improved (WH507),Yes,Mixed (Organic + Inorganic),139.3,No,Maize,Low,Adequate,Yes,No,18.0,Loam,6.92,2.81,74.3,24.5,188.9,23.3,95.4,75.2,6.9,11.9,102.1,21.74
2020,Season B,April,Nyarugenge,Beans,1.57,1.16,116.0,Flat,Hybrid (MAC 44),Partial,Inorganic (NPK),47.4,No,Beans,High,Adequate,No,No,15.8,Clay Soil,6.2,2.27,40.5,21.5,190.1,24.4,140.5,78.9,6.3,10.2,104.2,7.31
2020,Season A,January,Kamabuye,Maize,2.07,1.62,162.0,Valley,Local Variety,Partial,Inorganic (NPK),11.1,Yes,Beans,Medium,Sufficient,No,Yes,12.8,Clay Soil,6.96,1.97,37.9,19.3,209.6,20.7,49.2,69.8,8.6,11.5,92.8,12.03
2021,Season B,April,Nyamata,Maize,1.41,1.39,139.0,Flat,Improved (WH507),Partial,Organic (Compost),62.4,Yes,Maize,High,Adequate,Yes,No,21.5,Clay Soil,7.08,2.98,75.3,20.9,260.8,23.3,149.8,85.5,7.1,11.1,113.9,14.99
2024,Season A,November,Gashora,Beans,1.07,0.78,78.0,Flat,Local Variety,Partial,Organic (Compost),18.1,No,Beans,Low,Adequate,Yes,No,14.0,Loam,6.63,2.05,47.4,22.7,206.5,23.3,101.8,78.3,7.6,9.1,90.6,6.97
2022,Season B,March,Ngeruka,Rice,2.1,1.68,168.0,Flat,Hybrid (Komboka),No,None,0.0,No,Maize,Medium,Sufficient,No,Yes,10.9,Loam,6.9,2.73,74.6,14.0,205.8,24.1,98.7,80.2,6.2,10.2,106.1,23.47
2022,Season A,January,Rweru,Beans,2.35,2.12,212.0,Hillside,Hybrid (MAC 44),No,None,0.0,Partial,Rice,Low,Sufficient,No,Yes,6.9,Clay Soil,7.14,2.39,61.1,13.5,193.7,20.7,46.1,63.4,7.5,11.1,107.5,8.09
2020,Season B,February,Nyamata,Rice,2.39,1.73,173.0,Valley,Hybrid (Komboka),Yes,Inorganic (NPK),220.0,No,Beans,Low,Limited,No,No,8.4,Clay Soil,7.08,3.1,79.4,22.2,251.7,20.7,98.0,78.4,7.2,12.5,109.4,23.63
2024,Season A,January,Musenyi,Rice,0.87,0.64,64.0,Flat,Improved (IR64 / NERICA),Yes,Organic (Compost),0.0,Partial,Beans,Medium,Sufficient,No,No,12.2,Loam,7.19,2.34,41.6,13.1,248.1,22.6,88.8,64.7,8.6,11.4,106.5,32.01
2024,Season A,October,Ruhuha,Rice,0.27,0.21,21.0,Flat,Improved (IR64 / NERICA),Partial,Inorganic (NPK),20.6,No,Beans,Low,Sufficient,Yes,Yes,20.1,Sandy Loam,6.94,2.35,60.8,17.7,185.6,25.0,98.8,79.0,7.0,10.6,104.1,37.67
2024,Season B,March,Juru,Maize,0.19,0.18,18.0,Hillside,Local Variety,Yes,Mixed (Organic + Inorganic),152.4,No,Rice,Medium,Limited,Yes,No,8.6,Sandy Loam,6.94,2.73,47.0,24.7,181.6,21.2,118.8,75.1,7.4,12.9,97.9,14.56
2022,Season A,September,Ngeruka,Rice,0.57,0.45,45.0,Valley,Hybrid (Komboka),Yes,Mixed (Organic + Inorganic),45.8,No,Rice,Low,Limited,No,Yes,7.9,Loam,6.93,2.67,77.6,16.7,197.0,24.7,57.7,71.5,7.8,12.5,119.2,20.96
2022,Season B,May,Rweru,Rice,0.92,0.72,72.0,Valley,Hybrid (Komboka),Yes,Inorganic (NPK),22.9,Yes,Rice,Low,Adequate,No,No,6.2,Clay Soil,6.97,2.45,63.4,11.8,184.0,23.4,80.5,73.9,7.1,11.3,102.1,22.48
2022,Season B,June,Kamabuye,Beans,1.53,1.02,102.0,Flat,Local Variety,Partial,Organic (Compost),45.5,Yes,Rice,Low,Sufficient,Yes,Yes,15.1,Clay Soil,7.26,2.57,36.6,16.8,199.0,23.8,35.0,73.1,8.6,11.5,120.6,6.13
2023,Season B,February,Shyara,Rice,0.95,0.66,66.0,Flat,Hybrid (Komboka),No,None,0.0,Partial,Beans,Low,Adequate,Yes,No,10.5,Sandy Loam,6.06,2.24,54.3,20.9,274.2,22.4,59.9,80.3,7.9,9.2,103.5,21.91
2021,Season B,June,Mwogo,Rice,1.25,1.12,112.0,Valley,Improved (IR64 / NERICA),Yes,Mixed (Organic + Inorganic),201.2,Yes,Cassava,High,Adequate,Yes,No,22.6,Sandy Soil,5.83,2.16,68.7,19.6,154.0,26.0,25.9,75.1,8.1,14.1,109.7,28.52
2021,Season A,September,Ntarama,Rice,0.76,0.55,55.0,Hillside,Improved (IR64 / NERICA),No,None,0.0,No,Beans,Medium,Adequate,No,No,24.1,Sandy Soil,7.17,2.98,62.7,12.5,242.1,22.3,106.7,79.2,7.4,10.2,97.8,32.08
2022,Season B,June,Musenyi,Maize,1.08,0.65,65.0,Valley,Improved (WH507),Yes,Mixed (Organic + Inorganic),122.4,No,Rice,Low,Adequate,No,No,8.1,Loam,6.94,2.41,40.9,9.2,248.5,22.1,46.6,75.4,8.3,12.0,111.1,15.18
2020,Season A,October,Nyamata,Beans,0.94,0.86,86.0,Hillside,Local Variety,Partial,Inorganic (NPK),66.7,Yes,Beans,Low,Sufficient,No,No,13.3,Clay Soil,7.14,3.16,72.4,29.7,255.1,20.7,117.8,81.1,6.4,9.9,99.1,6.92
2020,Season A,December,Mayange,Beans,1.15,0.79,79.0,Flat,Hybrid (MAC 44),No,None,0.0,Partial,Fallow,Medium,Limited,Yes,Yes,22.0,Sandy Loam,6.02,2.81,64.9,9.5,207.3,23.0,65.5,70.1,8.1,11.8,124.7,8.73
2021,Season A,October,Mayange,Rice,0.33,0.31,31.0,Flat,Improved (IR64 / NERICA),Yes,Mixed (Organic + Inorganic),151.2,No,Beans,Low,Adequate,Yes,Yes,24.6,Sandy Loam,6.03,2.77,65.1,15.6,212.6,24.6,106.0,74.6,7.0,10.3,103.0,47.05
2022,Season A,October,Shyara,Beans,1.34,0.92,92.0,Flat,Improved (RWR 2245),Yes,Mixed (Organic + Inorganic),105.2,No,Cassava,High,Limited,Yes,No,13.1,Sandy Loam,6.31,2.3,57.6,18.9,273.5,22.9,137.5,83.2,6.5,9.8,111.9,11.91
2023,Season A,January,Ruhuha,Beans,0.74,0.73,73.0,Valley,Improved (RWR 2245),Yes,Inorganic (NPK),224.8,No,Rice,High,Limited,No,No,12.8,Sandy Loam,7.01,2.42,61.3,20.9,196.4,21.4,68.8,71.6,7.8,11.1,119.8,11.62
2022,Season A,November,Rilima,Beans,0.9,0.56,56.0,Hillside,Local Variety,No,None,0.0,No,Rice,Medium,Adequate,Yes,Yes,22.8,Sandy Soil,6.17,1.61,49.5,12.4,214.8,25.6,70.2,79.0,6.5,9.6,95.5,5.8
2020,Season B,March,Nyarugenge,Rice,1.27,1.08,108.0,Valley,Hybrid (Komboka),Yes,Organic (Compost),0.0,No,Fallow,Medium,Adequate,No,No,14.3,Clay Soil,6.3,2.35,45.0,24.8,181.8,23.5,76.3,68.5,7.3,11.4,105.0,20.69
2023,Season A,October,Nyamata,Rice,2.64,1.97,197.0,Valley,Hybrid (Komboka),Partial,Inorganic (NPK),56.6,No,Rice,Low,Sufficient,Yes,No,15.4,Clay Soil,7.15,3.12,73.8,22.6,264.5,23.1,73.3,76.1,6.6,9.7,97.0,23.32
2024,Season B,June,Ruhuha,Rice,2.83,2.17,217.0,Valley,Improved (IR64 / NERICA),Yes,Inorganic (NPK),85.3,Yes,Rice,Medium,Adequate,No,No,8.3,Sandy Loam,7.08,2.51,65.8,14.2,188.0,21.7,32.1,65.2,8.2,13.4,128.5,23.56
2022,Season B,March,Rweru,Rice,1.33,0.8,80.0,Valley,Improved (IR64 / NERICA),No,None,0.0,Yes,Beans,Medium,Sufficient,Yes,No,20.7,Clay Soil,7.05,2.76,59.7,12.7,198.7,22.9,81.8,72.5,7.5,10.5,106.3,30.81
2023,Season B,February,Juru,Rice,0.62,0.4,40.0,Valley,Hybrid (Komboka),No,None,0.0,No,Fallow,Medium,Adequate,Yes,Yes,5.7,Sandy Loam,6.83,2.42,46.1,22.9,174.1,24.0,70.8,77.2,6.6,11.1,95.6,18.94
2022,Season B,May,Mayange,Beans,1.29,0.87,87.0,Hillside,Hybrid (MAC 44),No,None,0.0,No,Maize,Low,Sufficient,No,No,6.1,Sandy Loam,6.22,3.0,64.5,12.1,202.7,22.6,104.1,76.8,7.2,9.7,98.4,8.34
2024,Season B,May,Mayange,Beans,1.6,1.45,145.0,Hillside,Local Variety,Yes,Inorganic (NPK),239.2,No,Rice,Low,Adequate,Yes,No,7.2,Sandy Loam,5.85,2.9,66.3,11.2,206.0,22.0,74.7,75.6,6.6,10.2,110.7,7.45
2021,Season B,March,Mwogo,Rice,0.59,0.54,54.0,Flat,Hybrid (Komboka),Partial,Organic (Compost),11.4,Yes,Maize,Medium,Adequate,No,No,22.5,Sandy Soil,6.02,2.0,72.8,21.5,163.0,24.3,85.7,73.5,7.4,10.6,98.3,29.36
2020,Season A,October,Ntarama,Beans,2.98,2.61,261.0,Valley,Local Variety,Yes,Mixed (Organic + Inorganic),89.3,Partial,Maize,Low,Sufficient,No,Yes,9.3,Sandy Soil,7.03,2.78,66.1,11.0,249.5,25.3,145.3,86.0,7.8,10.6,89.5,7.42
2021,Season A,October,Gashora,Beans,0.95,0.79,79.0,Flat,Hybrid (MAC 44),No,None,0.0,No,Beans,Low,Adequate,No,No,6.6,Loam,6.53,1.98,52.0,22.2,183.4,21.1,99.4,78.8,6.9,9.6,100.3,9.52
2024,Season A,September,Kamabuye,Beans,0.16,0.12,12.0,Hillside,Improved (RWR 2245),Yes,Mixed (Organic + Inorganic),218.1,No,Beans,High,Adequate,Yes,No,22.0,Clay Soil,7.05,2.18,38.2,22.2,214.6,21.2,104.9,74.6,6.5,14.0,113.3,11.99
2023,Season B,April,Nyamata,Rice,0.37,0.33,33.0,Valley,Hybrid (Komboka),Yes,Mixed (Organic + Inorganic),174.8,No,Beans,Medium,Adequate,Yes,No,11.8,Clay Soil,7.19,3.48,76.0,23.2,253.4,22.9,105.0,73.8,7.0,10.5,90.8,29.6
2022,Season A,December,Kamabuye,Rice,2.14,1.31,131.0,Flat,Improved (IR64 / NERICA),No,None,0.0,Partial,Beans,Medium,Limited,Yes,No,7.8,Clay Soil,7.12,2.1,43.5,18.8,225.5,22.3,73.9,68.3,8.2,10.8,114.3,27.04
2022,Season A,November,Ngeruka,Rice,0.94,0.82,82.0,Valley,Improved (IR64 / NERICA),Partial,Inorganic (NPK),55.8,Yes,Beans,Low,Sufficient,Yes,Yes,8.6,Loam,7.18,2.82,74.1,19.5,187.0,23.9,110.8,77.9,7.5,10.3,99.0,40.2
2021,Season B,May,Nyamata,Beans,1.12,0.95,95.0,Hillside,Local Variety,Yes,Inorganic (NPK),83.4,Partial,Maize,Low,Adequate,Yes,Yes,16.2,Clay Soil,7.0,3.15,76.9,24.2,251.5,22.7,92.9,89.8,6.8,12.2,92.3,8.4
2023,Season B,May,Mayange,Rice,2.34,2.29,229.0,Flat,Hybrid (Komboka),Yes,Organic (Compost),0.0,No,Cassava,High,Limited,No,No,19.9,Sandy Loam,5.9,3.04,71.8,11.7,196.8,22.1,69.2,69.0,7.3,10.8,99.4,17.89
2021,Season B,April,Juru,Beans,1.2,1.14,114.0,Flat,Hybrid (MAC 44),Yes,Inorganic (NPK),104.0,No,Beans,Low,Adequate,No,No,9.8,Sandy Loam,6.83,2.41,51.4,27.5,166.0,22.3,104.3,78.1,6.8,9.3,113.5,10.36
2024,Season B,March,Juru,Rice,1.14,0.89,89.0,Flat,Improved (IR64 / NERICA),No,None,0.0,No,Beans,High,Sufficient,No,Yes,10.0,Sandy Loam,6.91,2.43,48.1,24.3,182.1,21.7,70.1,70.7,7.1,11.8,127.6,21.82
2023,Season B,June,Nyamata,Beans,2.36,1.94,194.0,Valley,Improved (RWR 2245),No,None,0.0,No,Beans,High,Adequate,Yes,No,11.5,Clay Soil,6.9,3.39,76.6,26.2,260.4,21.8,34.8,60.4,8.4,10.5,125.3,7.8
2021,Season A,September,Kamabuye,Rice,0.72,0.46,46.0,Valley,Local Variety,No,None,0.0,No,Maize,High,Adequate,Yes,Yes,21.6,Clay Soil,7.21,2.21,34.7,18.3,200.3,24.1,61.1,57.2,7.8,11.9,108.2,15.19
2022,Season A,October,Juru,Maize,2.64,1.8,180.0,Flat,Hybrid (H614D),No,None,0.0,Yes,Maize,Medium,Adequate,Yes,Yes,18.7,Sandy Loam,7.01,2.55,49.5,26.4,168.6,24.5,148.1,70.9,6.5,10.1,107.4,22.92
2024,Season B,June,Nyarugenge,Maize,1.73,1.33,133.0,Flat,Local Variety,Yes,Mixed (Organic + Inorganic),223.3,No,Maize,Medium,Limited,No,No,9.1,Clay Soil,6.17,2.18,43.1,20.7,204.7,23.7,28.1,71.7,7.4,12.2,111.3,9.63
2022,Season B,April,Nyarugenge,Rice,0.34,0.33,33.0,Valley,Improved (IR64 / NERICA),Yes,Organic (Compost),0.0,Partial,Beans,Low,Adequate,Yes,No,12.4,Clay Soil,6.26,2.1,35.9,23.2,199.4,23.0,111.7,69.2,7.0,9.6,118.2,37.56
2020,Season B,June,Ngeruka,Beans,1.81,1.4,140.0,Valley,Local Variety,Yes,Mixed (Organic + Inorganic),233.5,Yes,Beans,Low,Adequate,Yes,No,21.7,Loam,7.04,2.72,75.7,21.8,205.4,21.9,41.3,73.4,8.0,10.2,113.8,5.98
2023,Season A,September,Gashora,Rice,1.71,1.06,106.0,Valley,Hybrid (Komboka),No,None,0.0,No,Maize,Low,Adequate,Yes,Yes,18.6,Loam,6.44,2.2,47.0,25.9,197.6,23.6,76.6,69.2,7.1,11.3,121.0,21.93
2024,Season B,April,Kamabuye,Beans,2.82,2.42,242.0,Valley,Hybrid (MAC 44),Yes,Mixed (Organic + Inorganic),156.3,No,Beans,Medium,Sufficient,Yes,Yes,6.1,Clay Soil,7.17,2.17,40.4,19.6,211.4,23.8,150.9,81.5,7.2,10.0,109.3,9.23
2022,Season B,May,Rilima,Beans,2.94,1.84,184.0,Valley,Improved (RWR 2245),Yes,Organic (Compost),0.0,No,Cassava,High,Adequate,Yes,No,21.2,Sandy Soil,6.16,1.78,41.9,11.9,223.4,24.7,90.8,67.7,6.7,8.4,93.0,12.22
2023,Season B,March,Juru,Beans,2.03,1.41,141.0,Flat,Improved (RWR 2245),Yes,Mixed (Organic + Inorganic),221.9,No,Maize,Low,Adequate,Yes,No,12.0,Sandy Loam,6.75,2.44,43.1,24.4,177.5,21.7,74.3,72.5,7.5,10.4,106.3,14.88
2022,Season B,March,Musenyi,Rice,0.19,0.13,13.0,Flat,Improved (IR64 / NERICA),No,None,0.0,No,Maize,Low,Sufficient,No,Yes,9.9,Loam,7.13,2.32,36.6,12.1,273.4,22.4,92.9,82.5,6.7,11.5,97.3,27.86
2024,Season B,May,Nyamata,Maize,2.36,1.78,178.0,Flat,Local Variety,Partial,Inorganic (NPK),36.5,No,Maize,Medium,Limited,No,No,6.9,Clay Soil,7.09,3.07,75.5,22.0,252.6,25.2,94.0,78.5,6.4,11.0,113.3,11.56
2021,Season B,May,Ntarama,Maize,0.8,0.53,53.0,Hillside,Improved (WH507),Yes,Inorganic (NPK),177.5,Yes,Maize,Low,Limited,No,No,13.8,Sandy Soil,6.96,2.48,65.9,11.5,253.6,24.6,68.6,85.4,6.6,10.5,113.2,16.72
2021,Season A,January,Musenyi,Beans,2.38,2.05,205.0,Flat,Local Variety,No,None,0.0,No,Maize,High,Adequate,Yes,Yes,21.8,Loam,6.99,2.38,40.9,13.5,255.9,25.7,86.1,77.8,7.8,10.5,102.9,5.11
2023,Season A,November,Rweru,Beans,2.0,1.38,138.0,Flat,Local Variety,Yes,Mixed (Organic + Inorganic),108.9,No,Fallow,Low,Sufficient,Yes,Yes,10.4,Clay Soil,6.93,2.68,64.5,13.3,167.6,22.0,127.4,78.7,6.6,10.3,104.2,7.91
2022,Season A,October,Juru,Maize,0.31,0.24,24.0,Flat,Local Variety,No,None,0.0,No,Beans,Medium,Sufficient,Yes,Yes,15.0,Sandy Loam,7.0,2.39,48.8,21.0,186.4,24.0,95.8,81.4,7.4,10.3,94.0,14.46
2024,Season A,October,Juru,Beans,2.15,1.35,135.0,Flat,Hybrid (MAC 44),No,None,0.0,No,Beans,Low,Adequate,Yes,Yes,11.4,Sandy Loam,6.86,2.63,47.4,25.1,166.9,23.1,94.5,85.9,6.6,11.8,115.6,9.26
2021,Season A,December,Mareba,Rice,2.31,1.4,140.0,Hillside,Hybrid (Komboka),No,None,0.0,No,Maize,Low,Adequate,Yes,No,16.0,Sandy Loam,7.15,2.78,60.6,5.8,226.5,23.4,82.8,75.8,7.1,10.2,120.3,23.08
2024,Season A,December,Nyamata,Rice,0.91,0.55,55.0,Hillside,Improved (IR64 / NERICA),Partial,Inorganic (NPK),71.1,No,Maize,High,Limited,Yes,Yes,5.6,Clay Soil,7.09,3.28,76.5,25.9,266.6,22.6,90.6,76.6,7.3,12.6,110.8,28.86
2024,Season A,January,Shyara,Rice,1.25,0.92,92.0,Flat,Hybrid (Komboka),No,None,0.0,No,Beans,Low,Adequate,Yes,No,15.7,Sandy Loam,6.22,2.09,53.5,21.6,282.0,22.4,77.7,73.6,7.6,10.5,100.7,23.25
2022,Season B,March,Ntarama,Beans,1.39,0.85,85.0,Hillside,Local Variety,Partial,Inorganic (NPK),21.4,Yes,Beans,Low,Limited,Yes,Yes,10.3,Sandy Soil,7.07,2.8,64.2,12.9,253.4,24.9,90.4,68.9,7.8,8.8,103.3,6.02
2023,Season A,November,Ngeruka,Beans,0.92,0.67,67.0,Hillside,Hybrid (MAC 44),Partial,Organic (Compost),29.0,No,Rice,Low,Adequate,Yes,Yes,19.6,Loam,7.03,2.77,76.6,21.6,206.9,23.1,135.6,74.6,6.2,11.0,119.4,9.9
2022,Season B,June,Ngeruka,Beans,0.86,0.73,73.0,Flat,Hybrid (MAC 44),Partial,Inorganic (NPK),22.9,No,Beans,Medium,Adequate,Yes,Yes,13.9,Loam,7.12,2.7,80.5,22.1,198.4,22.5,30.9,72.8,7.7,12.0,112.1,6.26
2024,Season B,June,Ruhuha,Beans,1.44,0.91,91.0,Hillside,Hybrid (MAC 44),Yes,Organic (Compost),0.0,Partial,Rice,High,Adequate,No,No,9.2,Sandy Loam,7.06,2.82,64.7,19.4,201.3,23.1,34.7,69.1,8.0,12.7,110.7,7.39
2020,Season A,January,Mareba,Beans,0.31,0.29,29.0,Flat,Hybrid (MAC 44),No,None,0.0,No,Beans,Low,Adequate,Yes,Yes,16.5,Sandy Loam,7.28,2.92,59.3,13.8,243.1,22.4,64.5,73.6,7.9,12.1,119.3,9.75
2022,Season B,February,Ntarama,Maize,1.4,0.93,93.0,Valley,Hybrid (H614D),No,None,0.0,Yes,Beans,High,Adequate,Yes,Yes,7.8,Sandy Soil,6.91,2.97,65.9,4.2,251.4,23.6,52.3,67.4,7.8,10.6,115.6,16.72
2021,Season B,March,Mareba,Beans,0.88,0.6,60.0,Flat,Improved (RWR 2245),No,None,0.0,No,Maize,Low,Limited,No,No,5.6,Sandy Loam,7.11,3.1,61.8,14.8,237.2,24.1,98.2,79.4,7.7,10.5,101.7,10.97
2020,Season B,April,Gashora,Maize,1.34,1.02,102.0,Hillside,Improved (WH507),Yes,Organic (Compost),0.0,No,Beans,Low,Limited,Yes,Yes,17.5,Loam,6.61,1.93,47.8,21.2,191.5,23.2,108.4,81.2,7.2,11.9,111.7,20.83
2020,Season A,October,Mayange,Beans,2.44,1.67,167.0,Valley,Hybrid (MAC 44),Yes,Organic (Compost),0.0,No,Cassava,Medium,Limited,Yes,No,5.3,Sandy Loam,5.98,2.94,63.2,15.3,203.9,21.1,112.2,86.7,5.5,11.2,117.2,10.51
2024,Season A,September,Gashora,Rice,2.98,2.66,266.0,Flat,Local Variety,No,None,0.0,Yes,Maize,Medium,Adequate,Yes,Yes,10.6,Loam,6.68,2.33,46.6,25.9,188.9,23.6,47.4,75.2,7.7,12.3,120.5,19.91
2020,Season A,January,Rilima,Rice,2.41,1.91,191.0,Hillside,Improved (IR64 / NERICA),Yes,Mixed (Organic + Inorganic),172.9,No,Beans,Medium,Adequate,Yes,No,6.6,Sandy Soil,6.18,1.78,40.2,16.1,197.5,23.2,90.8,73.4,8.2,10.4,121.8,38.68
2021,Season B,February,Shyara,Beans,1.39,1.13,113.0,Valley,Local Variety,Partial,Organic (Compost),15.6,No,Maize,Low,Adequate,Yes,No,14.5,Sandy Loam,6.07,2.05,58.8,22.0,264.0,24.7,52.4,73.1,6.8,10.9,115.9,6.7
2020,Season B,May,Musenyi,Beans,1.05,0.9,90.0,Valley,Local Variety,Yes,Organic (Compost),0.0,Yes,Beans,High,Adequate,No,No,18.4,Loam,7.08,2.33,39.4,14.3,272.2,22.1,69.4,86.5,6.1,11.8,97.8,6.51
2024,Season A,January,Rweru,Maize,1.79,1.13,113.0,Valley,Improved (WH507),Yes,Mixed (Organic + Inorganic),139.1,No,Rice,Low,Limited,Yes,Yes,16.1,Clay Soil,6.97,2.64,63.2,13.0,176.5,23.2,77.9,72.7,8.1,13.6,109.9,20.97
2021,Season B,June,Mareba,Maize,2.0,1.63,163.0,Valley,Hybrid (H614D),No,None,0.0,Yes,Maize,Medium,Adequate,Yes,No,20.2,Sandy Loam,7.1,3.32,61.6,12.1,222.6,25.6,48.6,68.6,8.0,13.6,114.1,16.5
2024,Season B,May,Juru,Rice,2.54,1.8,180.0,Valley,Hybrid (Komboka),No,None,0.0,Yes,Maize,Low,Limited,Yes,No,8.4,Sandy Loam,6.9,2.36,44.6,25.4,173.6,22.7,52.3,76.3,6.9,10.9,89.5,18.27
2022,Season B,March,Rweru,Maize,2.92,2.88,288.0,Hillside,Hybrid (H614D),No,None,0.0,Yes,Beans,Low,Adequate,No,No,13.9,Clay Soil,7.11,2.8,64.3,9.7,187.1,21.4,69.4,65.0,7.5,11.8,102.6,21.63
2023,Season A,December,Kamabuye,Rice,2.66,1.79,179.0,Valley,Local Variety,Yes,Organic (Compost),0.0,No,Rice,Low,Limited,Yes,No,15.0,Clay Soil,7.13,2.42,42.5,21.4,203.0,21.6,99.1,77.5,7.8,11.7,106.1,18.8
2021,Season A,November,Gashora,Maize,1.48,1.08,108.0,Hillside,Improved (WH507),Yes,Organic (Compost),0.0,No,Beans,Medium,Sufficient,Yes,Yes,22.6,Loam,6.51,2.11,41.8,25.5,193.1,20.3,61.8,71.5,6.8,11.7,106.3,20.5
2022,Season B,April,Mayange,Maize,0.75,0.58,58.0,Flat,Local Variety,No,None,0.0,No,Beans,High,Adequate,No,Yes,13.0,Sandy Loam,6.13,2.62,61.9,13.3,219.0,21.4,143.0,75.5,6.6,10.9,92.7,11.62
2024,Season A,November,Ngeruka,Maize,1.95,1.56,156.0,Hillside,Local Variety,No,None,0.0,No,Beans,Low,Adequate,No,No,18.7,Loam,6.91,2.98,75.1,19.2,199.4,24.7,138.1,82.7,7.2,11.7,110.2,12.74
2022,Season B,April,Ntarama,Maize,0.12,0.1,10.0,Hillside,Improved (WH507),No,None,0.0,No,Rice,Low,Adequate,No,No,11.4,Sandy Soil,7.02,3.02,64.8,12.7,234.5,23.7,69.3,74.7,7.4,9.6,99.5,16.86
2022,Season B,February,Shyara,Maize,2.81,2.1,210.0,Flat,Local Variety,No,None,0.0,No,Maize,Medium,Sufficient,Yes,No,21.6,Sandy Loam,6.11,2.46,59.0,18.0,247.1,21.0,83.9,85.8,7.3,11.0,119.4,12.52
2022,Season B,February,Ruhuha,Beans,0.63,0.4,40.0,Hillside,Local Variety,No,None,0.0,No,Cassava,Low,Limited,No,No,18.0,Sandy Loam,6.92,2.49,61.0,16.7,178.4,24.9,61.6,76.0,7.2,10.3,95.1,5.24
2021,Season A,January,Juru,Rice,0.79,0.79,79.0,Flat,Local Variety,No,None,0.0,No,Beans,Medium,Adequate,Yes,Yes,7.7,Sandy Loam,6.74,2.55,45.3,24.3,172.4,23.0,54.3,73.6,7.6,10.6,112.8,17.12
2021,Season B,April,Nyarugenge,Rice,0.49,0.36,36.0,Valley,Hybrid (Komboka),Partial,Inorganic (NPK),72.3,No,Beans,High,Limited,Yes,Yes,10.3,Clay Soil,6.15,1.92,43.8,21.8,188.9,23.5,69.1,74.6,6.0,10.4,105.3,18.6
2024,Season B,March,Ngeruka,Beans,2.7,2.23,223.0,Flat,Hybrid (MAC 44),No,None,0.0,No,Beans,Low,Adequate,No,No,18.3,Loam,7.04,2.77,69.1,19.8,198.1,22.1,95.5,80.0,6.6,10.8,100.6,8.48
2021,Season A,January,Musenyi,Rice,1.75,1.42,142.0,Valley,Hybrid (Komboka),No,None,0.0,No,Maize,Medium,Adequate,No,No,18.1,Loam,6.95,2.56,39.7,11.3,247.3,22.9,60.3,73.6,7.5,12.0,113.2,18.17
2021,Season A,October,Kamabuye,Rice,1.08,1.07,107.0,Valley,Local Variety,Yes,Mixed (Organic + Inorganic),51.7,Yes,Beans,Low,Limited,No,Yes,9.5,Clay Soil,7.11,2.21,37.1,19.2,202.3,23.5,125.0,85.8,6.4,12.4,105.0,24.57
2022,Season B,February,Kamabuye,Beans,2.96,2.55,255.0,Flat,Local Variety,No,None,0.0,Partial,Fallow,Medium,Sufficient,No,No,18.1,Clay Soil,7.14,2.07,41.1,20.4,209.3,22.4,48.0,81.2,7.8,11.3,104.9,5.59
2022,Season B,June,Musenyi,Maize,1.3,1.14,114.0,Valley,Improved (WH507),Yes,Organic (Compost),0.0,No,Maize,Medium,Adequate,Yes,No,16.2,Loam,7.08,2.33,43.1,15.9,255.7,24.9,43.5,72.8,8.6,11.5,115.9,11.23
2020,Season B,April,Mayange,Maize,2.28,2.09,209.0,Hillside,Hybrid (H614D),Partial,Inorganic (NPK),48.5,No,Fallow,Low,Adequate,Yes,No,17.4,Sandy Loam,5.86,2.59,62.8,11.6,207.5,23.0,135.8,80.0,6.6,10.6,92.8,29.88
2020,Season A,October,Musenyi,Rice,1.64,1.28,128.0,Hillside,Hybrid (Komboka),No,None,0.0,Partial,Maize,Medium,Adequate,Yes,No,23.7,Loam,7.23,2.34,40.5,11.0,255.1,22.5,138.5,80.5,6.3,8.9,99.8,24.77
2022,Season B,May,Mayange,Rice,0.73,0.56,56.0,Flat,Hybrid (Komboka),No,None,0.0,Partial,Cassava,Medium,Limited,No,No,18.6,Sandy Loam,5.93,2.77,59.8,10.7,199.1,23.8,96.5,82.6,6.7,9.8,95.6,23.08
2020,Season A,September,Mareba,Maize,2.23,1.8,180.0,Hillside,Local Variety,No,None,0.0,No,Maize,Low,Limited,Yes,Yes,13.7,Sandy Loam,7.06,3.16,61.7,15.2,233.5,23.6,81.8,68.6,7.1,11.4,129.2,12.85
2023,Season B,June,Gashora,Maize,2.21,1.6,160.0,Hillside,Improved (WH507),Yes,Mixed (Organic + Inorganic),149.8,Yes,Maize,Low,Adequate,No,No,23.8,Loam,6.7,2.2,48.0,21.7,202.2,22.2,29.2,74.9,8.0,14.1,100.5,18.38
2024,Season A,October,Mwogo,Maize,2.1,1.5,150.0,Hillside,Improved (WH507),No,None,0.0,No,Beans,Medium,Adequate,Yes,No,11.4,Sandy Soil,6.1,1.93,67.8,22.3,168.5,23.2,134.4,81.0,6.3,10.8,101.9,21.2
2022,Season B,February,Musenyi,Beans,2.26,1.57,157.0,Flat,Improved (RWR 2245),Yes,Mixed (Organic + Inorganic),221.0,No,Beans,Low,Sufficient,Yes,Yes,17.6,Loam,7.01,2.4,45.8,14.1,269.3,19.2,47.2,73.7,7.0,11.4,106.4,9.94
2021,Season A,September,Nyarugenge,Maize,2.24,1.91,191.0,Flat,Local Variety,No,None,0.0,No,Rice,Medium,Adequate,Yes,No,9.7,Clay Soil,6.21,2.27,40.7,17.8,185.8,23.2,60.6,70.2,7.0,11.6,121.3,13.19
2024,Season A,December,Nyarugenge,Beans,0.15,0.1,10.0,Flat,Hybrid (MAC 44),No,None,0.0,No,Beans,Low,Adequate,Yes,Yes,18.8,Clay Soil,6.11,2.29,39.0,24.2,204.6,22.8,71.9,81.1,7.1,14.2,120.2,9.07
2021,Season A,October,Shyara,Rice,2.76,1.93,193.0,Valley,Hybrid (Komboka),No,None,0.0,Yes,Beans,Medium,Adequate,Yes,No,11.8,Sandy Loam,6.13,2.1,55.8,20.0,262.8,22.3,142.2,79.0,5.7,11.3,111.0,30.4
2024,Season B,March,Rweru,Beans,2.13,1.72,172.0,Flat,Hybrid (MAC 44),Partial,Organic (Compost),58.0,Partial,Beans,High,Limited,Yes,No,13.2,Clay Soil,7.01,2.54,67.9,9.6,191.4,24.6,63.3,76.0,6.5,11.0,106.6,6.98
2021,Season A,November,Kamabuye,Maize,0.71,0.67,67.0,Flat,Local Variety,No,None,0.0,No,Rice,Medium,Sufficient,No,No,22.9,Clay Soil,7.2,2.23,47.7,21.0,219.9,24.3,133.9,71.6,7.0,9.6,98.2,11.26
2020,Season B,March,Musenyi,Beans,2.25,1.61,161.0,Flat,Local Variety,Partial,Inorganic (NPK),53.9,Yes,Beans,High,Adequate,Yes,No,23.0,Loam,7.16,2.59,36.0,15.2,245.1,24.4,116.4,76.4,7.1,7.4,118.4,5.36
2020,Season A,November,Mayange,Maize,1.99,1.59,159.0,Hillside,Hybrid (H614D),Partial,Organic (Compost),35.0,Yes,Maize,Medium,Adequate,Yes,Yes,20.9,Sandy Loam,5.93,2.89,63.5,12.1,207.2,23.8,66.3,72.9,7.7,10.3,114.8,25.66
2023,Season A,September,Ruhuha,Rice,0.16,0.14,14.0,Flat,Improved (IR64 / NERICA),Yes,Inorganic (NPK),118.6,Yes,Beans,Low,Sufficient,Yes,Yes,11.3,Sandy Loam,7.06,2.54,61.3,17.5,179.3,23.1,59.5,67.3,7.0,12.0,129.3,31.78
2024,Season A,September,Ntarama,Rice,2.98,2.28,228.0,Hillside,Hybrid (Komboka),Yes,Mixed (Organic + Inorganic),100.0,No,Maize,High,Adequate,Yes,Yes,19.1,Sandy Soil,7.11,3.13,69.8,11.2,248.6,22.5,87.7,66.4,7.0,12.2,101.4,25.15
2021,Season B,March,Kamabuye,Maize,2.57,1.55,155.0,Valley,Improved (WH507),Yes,Organic (Compost),0.0,No,Maize,Low,Limited,Yes,No,22.0,Clay Soil,7.21,2.13,41.4,24.6,213.4,23.7,80.7,75.1,7.3,10.4,116.7,18.26
2024,Season A,December,Rilima,Rice,2.68,1.64,164.0,Valley,Improved (IR64 / NERICA),No,None,0.0,No,Rice,High,Sufficient,No,No,14.4,Sandy Soil,6.01,1.9,39.3,17.0,224.4,24.4,93.9,71.6,7.8,12.0,109.8,29.74
2024,Season A,January,Ntarama,Beans,1.53,1.23,123.0,Hillside,Local Variety,Partial,Inorganic (NPK),46.1,No,Cassava,Medium,Adequate,Yes,No,17.8,Sandy Soil,7.08,2.69,61.8,12.5,243.8,22.5,70.5,67.8,6.9,11.9,96.8,7.01
2022,Season B,February,Mayange,Maize,0.16,0.12,12.0,Hillside,Improved (WH507),Yes,Mixed (Organic + Inorganic),205.4,Yes,Cassava,Medium,Adequate,No,No,13.0,Sandy Loam,5.87,2.6,64.2,13.0,209.2,22.0,88.3,69.9,6.3,9.5,95.2,25.16
2024,Season A,September,Kamabuye,Beans,0.29,0.26,26.0,Flat,Improved (RWR 2245),No,None,0.0,Yes,Beans,Low,Adequate,No,No,10.1,Clay Soil,7.19,2.4,36.4,20.2,198.5,22.1,50.3,79.1,8.1,10.4,114.6,11.96
2022,Season B,May,Kamabuye,Maize,1.4,1.38,138.0,Flat,Improved (WH507),Yes,Mixed (Organic + Inorganic),190.9,Yes,Rice,Low,Adequate,No,Yes,16.3,Clay Soil,7.19,2.3,37.0,20.4,205.4,22.9,59.6,75.2,7.2,10.3,110.9,17.91
2024,Season B,April,Shyara,Maize,1.92,1.64,164.0,Flat,Improved (WH507),No,None,0.0,No,Rice,High,Limited,Yes,No,23.5,Sandy Loam,6.13,2.42,61.8,21.3,273.5,23.8,118.3,81.7,7.3,8.8,103.6,15.67
2021,Season A,November,Mwogo,Beans,2.93,1.91,191.0,Hillside,Local Variety,Yes,Mixed (Organic + Inorganic),128.4,Yes,Rice,Low,Adequate,Yes,No,14.2,Sandy Soil,6.09,2.26,67.0,21.4,157.7,22.1,97.4,72.5,7.2,10.5,100.8,8.25
2021,Season A,September,Juru,Maize,2.57,2.16,216.0,Hillside,Improved (WH507),Yes,Mixed (Organic + Inorganic),165.9,Yes,Beans,Low,Adequate,Yes,No,7.8,Sandy Loam,6.87,2.37,48.8,26.3,163.4,22.8,88.8,65.9,7.8,10.5,109.8,28.12
2020,Season A,November,Gashora,Beans,2.79,2.04,204.0,Valley,Improved (RWR 2245),Yes,Organic (Compost),0.0,No,Maize,Medium,Adequate,No,Yes,20.0,Loam,6.54,2.01,46.1,24.4,200.5,22.9,137.3,79.9,8.2,10.4,109.5,14.41
2023,Season A,December,Nyamata,Rice,1.17,1.04,104.0,Hillside,Improved (IR64 / NERICA),No,None,0.0,Yes,Cassava,High,Adequate,Yes,No,6.6,Clay Soil,6.95,3.08,82.4,26.5,259.0,22.1,81.9,70.4,8.2,11.9,110.4,30.03
2021,Season A,November,Kamabuye,Beans,0.74,0.6,60.0,Valley,Local Variety,Partial,Inorganic (NPK),20.3,Partial,Maize,High,Sufficient,Yes,No,9.9,Clay Soil,7.16,2.32,42.5,21.0,210.1,22.8,141.8,78.4,7.3,11.6,112.0,6.66
2020,Season A,November,Mwogo,Rice,2.83,2.61,261.0,Valley,Local Variety,Partial,Inorganic (NPK),33.9,No,Cassava,High,Sufficient,Yes,Yes,7.1,Sandy Soil,6.18,1.76,73.1,19.4,152.5,20.8,103.5,73.5,7.6,11.3,118.9,17.76
2021,Season B,May,Ruhuha,Rice,1.71,1.26,126.0,Flat,Hybrid (Komboka),Yes,Organic (Compost),0.0,No,Beans,Medium,Adequate,Yes,No,8.5,Sandy Loam,6.93,2.53,65.7,19.8,182.7,22.9,70.5,79.0,7.3,10.6,91.2,23.23
2020,Season A,October,Shyara,Rice,0.63,0.48,48.0,Flat,Improved (IR64 / NERICA),Yes,Organic (Compost),0.0,Partial,Beans,Low,Limited,No,No,14.9,Sandy Loam,6.08,2.25,56.4,19.3,252.4,24.9,111.7,72.4,7.3,13.3,115.9,44.04
2023,Season A,January,Mayange,Rice,0.9,0.65,65.0,Valley,Local Variety,Yes,Organic (Compost),0.0,Yes,Beans,Medium,Limited,No,No,7.2,Sandy Loam,5.87,2.88,65.8,7.2,204.8,23.4,43.8,65.1,8.9,8.8,112.7,19.79
2024,Season A,October,Nyamata,Rice,2.76,2.48,248.0,Hillside,Hybrid (Komboka),Partial,Organic (Compost),57.7,No,Beans,High,Sufficient,Yes,Yes,10.2,Clay Soil,7.01,3.13,77.3,26.0,258.3,24.1,146.9,83.1,7.0,10.1,100.9,26.17
2020,Season A,December,Ngeruka,Maize,2.14,1.63,163.0,Hillside,Improved (WH507),Yes,Organic (Compost),0.0,Partial,Maize,Low,Adequate,Yes,No,12.0,Loam,6.85,2.56,75.8,18.4,193.8,22.0,103.6,71.8,7.7,10.0,97.6,22.41
2021,Season B,February,Mwogo,Maize,1.71,1.35,135.0,Flat,Hybrid (H614D),No,None,0.0,Yes,Beans,Low,Sufficient,No,Yes,14.1,Sandy Soil,5.75,2.19,72.3,17.2,164.4,25.4,80.6,74.7,8.1,9.0,109.4,27.17
2024,Season A,October,Nyamata,Beans,2.92,2.62,262.0,Valley,Hybrid (MAC 44),No,None,0.0,Partial,Rice,Medium,Limited,Yes,No,6.0,Clay Soil,7.16,3.32,80.7,20.5,246.2,24.0,106.7,82.0,6.4,9.7,96.4,8.74
2023,Season A,November,Rweru,Beans,1.26,1.15,115.0,Flat,Hybrid (MAC 44),Yes,Mixed (Organic + Inorganic),196.3,No,Beans,Low,Limited,Yes,No,12.1,Clay Soil,7.12,2.51,62.3,16.2,189.8,23.0,69.6,78.2,6.8,10.5,101.9,9.18
2023,Season A,October,Shyara,Rice,0.32,0.25,25.0,Valley,Hybrid (Komboka),Yes,Organic (Compost),0.0,No,Rice,Medium,Adequate,Yes,No,21.9,Sandy Loam,6.18,2.23,54.8,21.5,263.6,22.7,75.0,78.9,7.4,9.9,108.3,23.45
2023,Season A,January,Gashora,Rice,1.5,1.19,119.0,Flat,Local Variety,Yes,Mixed (Organic + Inorganic),117.2,Partial,Cassava,Low,Adequate,No,Yes,19.5,Loam,6.41,2.16,56.1,22.4,186.3,21.8,49.7,75.5,7.6,10.8,100.5,20.92
2023,Season A,December,Nyamata,Maize,1.79,1.78,178.0,Flat,Improved (WH507),No,None,0.0,No,Maize,Medium,Adequate,No,No,22.9,Clay Soil,7.14,3.37,78.6,23.7,256.3,25.5,108.6,68.3,7.0,11.4,122.3,14.73
2023,Season B,April,Shyara,Rice,0.3,0.25,25.0,Flat,Hybrid (Komboka),Partial,Inorganic (NPK),48.3,No,Beans,Low,Sufficient,No,No,14.6,Sandy Loam,6.19,2.32,55.8,19.4,263.4,23.3,109.8,84.5,6.8,9.9,95.3,28.69
2023,Season A,November,Rweru,Beans,1.37,0.9,90.0,Flat,Local Variety,No,None,0.0,No,Rice,Medium,Adequate,No,No,10.5,Clay Soil,6.98,2.43,65.6,15.0,190.6,24.6,106.3,73.1,7.2,10.1,113.9,6.39
2020,Season B,February,Rilima,Beans,2.48,1.53,153.0,Hillside,Improved (RWR 2245),Yes,Mixed (Organic + Inorganic),197.9,No,Maize,Medium,Sufficient,Yes,Yes,7.7,Sandy Soil,5.87,1.79,48.2,16.9,207.7,21.6,78.6,68.7,7.3,10.9,94.7,13.03
2022,Season B,February,Nyamata,Rice,0.5,0.33,33.0,Valley,Improved (IR64 / NERICA),Yes,Mixed (Organic + Inorganic),233.3,No,Fallow,Medium,Limited,No,No,6.3,Clay Soil,7.1,3.08,80.3,26.0,252.3,21.2,44.9,66.3,8.6,12.3,124.2,25.33
2024,Season B,February,Ngeruka,Beans,0.29,0.25,25.0,Hillside,Local Variety,No,None,0.0,No,Fallow,Medium,Sufficient,Yes,No,8.6,Loam,6.94,2.61,74.4,19.5,203.1,21.7,83.4,79.0,7.3,11.7,118.9,6.94
2024,Season B,June,Gashora,Maize,2.98,2.57,257.0,Valley,Hybrid (H614D),No,None,0.0,No,Fallow,High,Limited,No,No,11.8,Loam,6.68,2.14,48.7,25.0,201.5,22.7,47.9,64.4,8.2,13.2,129.8,12.91
2022,Season A,November,Mareba,Maize,1.18,1.07,107.0,Flat,Local Variety,No,None,0.0,No,Rice,Medium,Adequate,No,No,21.5,Sandy Loam,7.04,3.29,65.2,8.4,232.4,25.1,87.3,76.8,7.4,10.3,119.2,13.12
2024,Season B,March,Gashora,Maize,0.73,0.51,51.0,Flat,Local Variety,No,None,0.0,Partial,Maize,Medium,Limited,Yes,No,19.6,Loam,6.6,2.24,46.9,21.2,177.6,22.2,130.3,73.8,6.9,12.4,115.4,10.04
2022,Season B,June,Gashora,Beans,0.61,0.5,50.0,Flat,Hybrid (MAC 44),Partial,Inorganic (NPK),61.1,No,Maize,Medium,Adequate,Yes,No,7.6,Loam,6.45,1.93,49.3,21.0,200.5,22.8,39.4,63.1,7.6,11.6,127.1,7.14
2024,Season A,December,Rilima,Maize,0.45,0.43,43.0,Flat,Improved (WH507),Partial,Inorganic (NPK),23.5,No,Beans,Low,Sufficient,Yes,Yes,14.5,Sandy Soil,6.19,1.53,41.3,16.2,204.9,22.0,81.6,78.3,8.2,12.7,102.2,21.79
2024,Season B,April,Ruhuha,Rice,1.39,1.35,135.0,Flat,Improved (IR64 / NERICA),No,None,0.0,Yes,Maize,Low,Adequate,Yes,No,8.2,Sandy Loam,7.16,2.49,66.2,16.4,187.7,22.6,91.8,86.8,6.7,11.1,112.8,28.58
2023,Season B,March,Rilima,Maize,2.54,2.15,215.0,Flat,Improved (WH507),Partial,Inorganic (NPK),24.5,No,Beans,Low,Sufficient,Yes,No,19.8,Sandy Soil,6.14,1.83,40.4,18.2,220.2,22.7,67.7,77.3,7.3,9.0,120.3,21.04
2023,Season A,September,Rilima,Beans,1.68,1.05,105.0,Valley,Improved (RWR 2245),Yes,Inorganic (NPK),123.5,No,Maize,High,Sufficient,No,No,10.9,Sandy Soil,6.14,1.91,42.1,18.0,216.4,24.7,83.0,75.9,7.2,13.0,117.1,11.67
2021,Season B,March,Ruhuha,Maize,0.19,0.16,16.0,Flat,Improved (WH507),No,None,0.0,Yes,Beans,Low,Adequate,Yes,No,15.2,Sandy Loam,7.08,2.38,67.3,18.5,189.2,22.6,57.2,70.7,7.3,10.8,113.2,16.71
2023,Season A,November,Nyarugenge,Beans,2.86,2.17,217.0,Flat,Local Variety,No,None,0.0,No,Beans,Low,Adequate,No,No,22.2,Clay Soil,6.18,2.16,39.0,23.5,199.9,24.2,84.8,73.6,7.6,11.8,97.8,6.09
2021,Season B,April,Rweru,Rice,0.96,0.96,96.0,Flat,Improved (IR64 / NERICA),No,None,0.0,No,Fallow,Low,Adequate,Yes,No,10.8,Clay Soil,6.9,2.63,62.5,7.9,189.5,23.8,141.8,82.9,6.9,10.9,106.6,33.82
2020,Season A,November,Nyarugenge,Beans,1.81,1.12,112.0,Hillside,Hybrid (MAC 44),No,None,0.0,No,Rice,Medium,Sufficient,Yes,Yes,5.5,Clay Soil,6.2,2.17,42.3,21.5,192.4,23.9,113.8,83.6,7.5,9.6,103.9,8.91
2023,Season A,January,Ntarama,Rice,1.73,1.5,150.0,Flat,Improved (IR64 / NERICA),Yes,Organic (Compost),0.0,No,Maize,Low,Sufficient,No,No,21.4,Sandy Soil,7.15,2.93,70.1,9.6,243.0,22.0,48.0,71.4,8.1,10.8,92.7,28.95
2024,Season A,December,Mayange,Beans,2.02,1.47,147.0,Flat,Improved (RWR 2245),Yes,Organic (Compost),0.0,No,Beans,Low,Limited,Yes,No,15.5,Sandy Loam,6.02,2.64,65.0,11.0,204.5,23.4,56.8,69.4,8.4,13.2,122.5,12.09
2023,Season A,October,Gashora,Rice,0.15,0.13,13.0,Valley,Hybrid (Komboka),Yes,Organic (Compost),0.0,No,Maize,High,Adequate,Yes,No,24.7,Loam,6.61,2.04,47.6,22.3,184.9,24.1,73.5,86.4,6.2,10.0,96.2,20.52
2022,Season A,September,Gashora,Beans,2.25,1.81,181.0,Valley,Improved (RWR 2245),No,None,0.0,No,Maize,Low,Adequate,Yes,No,12.2,Loam,6.43,1.78,49.9,24.3,196.1,24.2,55.3,79.5,7.0,11.9,125.7,13.51
2023,Season B,May,Nyamata,Beans,2.07,1.49,149.0,Flat,Local Variety,Yes,Inorganic (NPK),104.0,Yes,Rice,Low,Adequate,No,No,11.4,Clay Soil,7.14,3.29,78.2,22.1,257.1,25.1,81.0,84.8,7.4,10.9,117.3,8.44
2023,Season A,September,Rilima,Maize,0.65,0.47,47.0,Valley,Hybrid (H614D),Yes,Mixed (Organic + Inorganic),199.0,Yes,Beans,Medium,Adequate,Yes,Yes,23.5,Sandy Soil,6.14,1.95,42.7,18.4,215.0,23.5,98.1,80.7,6.8,13.6,120.2,34.6
2020,Season B,May,Shyara,Beans,0.51,0.39,39.0,Flat,Improved (RWR 2245),No,None,0.0,Yes,Fallow,Low,Sufficient,Yes,No,9.8,Sandy Loam,5.91,2.23,55.9,20.8,268.5,21.3,47.4,73.2,7.0,8.9,105.6,11.4
2024,Season A,September,Mwogo,Beans,1.21,0.8,80.0,Flat,Hybrid (MAC 44),No,None,0.0,No,Beans,Low,Adequate,Yes,No,11.0,Sandy Soil,6.1,2.06,67.3,19.2,179.0,21.7,100.9,79.1,7.4,12.7,114.6,9.98
2021,Season A,September,Shyara,Beans,2.07,1.7,170.0,Valley,Local Variety,Yes,Inorganic (NPK),203.8,No,Fallow,Medium,Sufficient,No,Yes,20.5,Sandy Loam,6.14,2.12,57.5,18.4,275.7,22.8,78.5,74.9,7.5,11.2,115.6,8.5
2022,Season A,November,Juru,Rice,2.47,1.76,176.0,Hillside,Local Variety,Yes,Organic (Compost),0.0,Yes,Maize,Medium,Adequate,Yes,Yes,5.4,Sandy Loam,7.05,2.76,53.9,24.4,169.0,24.2,117.5,91.5,7.4,10.9,103.7,23.82
2020,Season B,February,Kamabuye,Maize,1.8,1.29,129.0,Valley,Local Variety,No,None,0.0,No,Maize,Low,Adequate,Yes,No,6.7,Clay Soil,7.05,2.3,41.3,18.1,204.8,22.9,73.5,84.6,7.6,10.5,95.6,11.48
2023,Season A,September,Kamabuye,Beans,1.47,1.28,128.0,Hillside,Hybrid (MAC 44),Yes,Inorganic (NPK),188.4,No,Rice,Low,Limited,Yes,No,6.6,Clay Soil,7.04,2.51,45.2,14.1,213.1,25.5,84.2,74.4,6.9,10.8,113.5,9.62
2023,Season B,June,Kamabuye,Beans,0.44,0.43,43.0,Hillside,Improved (RWR 2245),No,None,0.0,Partial,Rice,Medium,Sufficient,Yes,No,9.2,Clay Soil,7.02,2.22,36.1,17.6,209.6,22.8,47.5,68.9,8.4,12.9,109.9,9.79
2024,Season A,September,Mwogo,Maize,1.85,1.33,133.0,Hillside,Local Variety,Partial,Inorganic (NPK),54.7,Yes,Cassava,High,Adequate,No,Yes,19.6,Sandy Soil,6.0,1.91,70.8,21.3,153.5,25.2,70.1,68.4,7.3,10.5,100.8,13.06
2022,Season A,December,Ruhuha,Maize,2.61,1.94,194.0,Flat,Hybrid (H614D),No,None,0.0,Yes,Maize,High,Adequate,Yes,Yes,11.9,Sandy Loam,6.94,2.72,68.0,15.0,176.9,21.7,83.2,80.7,6.8,14.0,116.7,20.59
2022,Season B,June,Shyara,Rice,0.35,0.31,31.0,Flat,Local Variety,No,None,0.0,No,Cassava,Medium,Adequate,Yes,No,9.7,Sandy Loam,6.25,2.26,55.8,20.4,273.2,24.7,22.7,58.2,8.1,13.8,122.3,15.27
2021,Season B,June,Shyara,Maize,0.2,0.19,19.0,Flat,Improved (WH507),No,None,0.0,Yes,Cassava,Medium,Adequate,No,No,13.6,Sandy Loam,6.09,2.28,53.7,22.9,268.6,22.4,45.1,65.7,7.8,12.0,106.9,15.93
2022,Season A,January,Ngeruka,Rice,2.69,2.39,239.0,Flat,Hybrid (Komboka),Yes,Mixed (Organic + Inorganic),243.6,Partial,Maize,High,Adequate,Yes,No,16.0,Loam,6.98,2.73,74.9,17.1,186.2,20.4,69.8,67.9,8.8,11.1,106.3,20.55
2020,Season B,February,Mareba,Maize,0.13,0.11,11.0,Hillside,Improved (WH507),No,None,0.0,No,Maize,Low,Adequate,No,No,15.8,Sandy Loam,7.03,3.02,62.7,14.5,245.7,20.6,59.2,71.6,7.0,11.0,104.7,12.34
2021,Season A,November,Juru,Beans,2.01,1.95,195.0,Valley,Improved (RWR 2245),Yes,Inorganic (NPK),45.7,Yes,Beans,Medium,Sufficient,Yes,No,21.9,Sandy Loam,6.81,2.62,45.9,20.8,182.4,24.7,120.6,80.9,7.2,11.8,91.2,14.47
2020,Season B,May,Ruhuha,Rice,1.7,1.19,119.0,Flat,Local Variety,Yes,Organic (Compost),0.0,No,Beans,Low,Adequate,No,No,16.9,Sandy Loam,7.17,2.47,61.8,17.0,181.4,23.6,99.4,76.3,6.7,9.5,89.4,21.34
2023,Season B,June,Rilima,Maize,1.93,1.77,177.0,Hillside,Improved (WH507),Partial,Organic (Compost),58.2,Yes,Beans,Low,Adequate,No,Yes,9.4,Sandy Soil,6.05,1.7,42.8,14.2,222.6,22.7,29.7,71.3,9.3,11.5,106.8,18.6
2023,Season B,May,Nyarugenge,Beans,1.41,1.11,111.0,Valley,Hybrid (MAC 44),No,None,0.0,Partial,Maize,Medium,Adequate,No,No,6.2,Clay Soil,6.18,1.96,41.8,21.2,200.6,24.7,86.4,81.0,6.1,8.5,91.4,9.02
2021,Season A,December,Rweru,Rice,0.12,0.1,10.0,Valley,Local Variety,No,None,0.0,Yes,Beans,Low,Limited,Yes,No,6.1,Clay Soil,7.1,2.64,66.0,14.2,196.4,23.6,76.4,71.8,8.2,12.1,109.6,18.19
2022,Season A,November,Rweru,Maize,0.51,0.37,37.0,Flat,Improved (WH507),Partial,Organic (Compost),42.9,No,Fallow,Low,Adequate,Yes,No,10.7,Clay Soil,7.16,2.63,68.2,10.2,183.1,25.7,140.3,70.5,7.8,9.4,115.0,18.31
2023,Season A,December,Gashora,Beans,1.81,1.22,122.0,Flat,Hybrid (MAC 44),No,None,0.0,Partial,Maize,Medium,Adequate,No,No,13.2,Loam,6.5,1.98,48.7,23.3,196.2,22.5,85.3,74.3,7.6,12.3,103.2,10.67
2023,Season B,May,Rweru,Rice,0.61,0.44,44.0,Valley,Improved (IR64 / NERICA),Partial,Inorganic (NPK),30.7,Yes,Fallow,Low,Sufficient,Yes,Yes,10.8,Clay Soil,7.04,2.57,65.2,14.9,198.4,22.2,103.3,85.6,5.9,11.1,106.7,30.85
2021,Season B,February,Mayange,Maize,2.71,1.86,186.0,Hillside,Improved (WH507),No,None,0.0,No,Rice,Low,Adequate,Yes,No,21.4,Sandy Loam,5.98,2.6,59.7,10.8,203.4,21.5,65.2,72.1,7.2,13.2,119.2,19.02
2024,Season A,December,Juru,Beans,1.06,0.88,88.0,Valley,Local Variety,No,None,0.0,Partial,Rice,Medium,Sufficient,No,No,6.6,Sandy Loam,6.87,2.48,49.0,24.4,176.3,21.6,96.6,61.3,6.9,10.9,93.8,6.9
2023,Season A,December,Rilima,Rice,2.59,2.42,242.0,Flat,Local Variety,No,None,0.0,No,Beans,Low,Adequate,No,Yes,12.1,Sandy Soil,6.01,1.82,44.6,19.2,203.4,22.5,51.7,82.6,8.0,12.2,105.1,17.69
2020,Season B,April,Kamabuye,Rice,1.16,0.71,71.0,Valley,Hybrid (Komboka),No,None,0.0,No,Cassava,Low,Adequate,Yes,Yes,19.2,Clay Soil,7.14,2.64,38.9,18.6,212.2,22.1,138.8,72.3,7.0,10.5,110.0,23.32
2023,Season A,January,Rilima,Maize,0.4,0.3,30.0,Flat,Local Variety,Yes,Organic (Compost),0.0,No,Cassava,Low,Limited,Yes,No,14.9,Sandy Soil,6.22,1.81,43.6,14.8,210.5,21.9,60.1,79.1,8.3,12.2,123.1,14.75
2022,Season B,February,Rweru,Rice,1.88,1.19,119.0,Hillside,Local Variety,No,None,0.0,No,Cassava,Low,Adequate,Yes,Yes,24.3,Clay Soil,7.02,2.56,68.4,11.4,183.3,22.9,63.6,70.9,7.4,10.7,124.5,15.01
2024,Season B,April,Mareba,Maize,1.78,1.54,154.0,Flat,Local Variety,No,None,0.0,Yes,Maize,Medium,Adequate,Yes,No,24.0,Sandy Loam,7.21,3.13,63.2,11.7,231.9,24.6,136.9,78.8,7.0,9.6,103.9,11.03
2023,Season B,March,Rweru,Rice,0.11,0.11,11.0,Valley,Improved (IR64 / NERICA),No,None,0.0,No,Rice,High,Limited,Yes,No,14.6,Clay Soil,6.92,2.74,67.8,11.1,180.5,23.3,121.3,76.9,6.9,13.3,105.7,21.74
2020,Season B,February,Ngeruka,Maize,2.3,1.49,149.0,Flat,Improved (WH507),Yes,Inorganic (NPK),219.5,No,Maize,Low,Sufficient,Yes,No,6.2,Loam,7.05,2.85,77.7,22.1,187.8,22.8,96.6,75.3,7.7,10.7,104.1,21.11
2020,Season B,February,Ruhuha,Maize,0.55,0.44,44.0,Flat,Improved (WH507),No,None,0.0,No,Maize,High,Adequate,Yes,Yes,11.8,Sandy Loam,7.39,2.19,67.2,17.4,188.3,23.9,72.6,76.8,7.7,11.5,95.2,11.9
2024,Season B,May,Ngeruka,Rice,2.05,1.33,133.0,Valley,Local Variety,Yes,Inorganic (NPK),34.6,No,Rice,Low,Adequate,Yes,Yes,12.5,Loam,7.14,2.61,74.5,20.2,193.2,23.1,96.2,76.7,7.6,11.0,104.1,19.75
2020,Season A,November,Mwogo,Rice,0.69,0.48,48.0,Flat,Improved (IR64 / NERICA),Partial,Organic (Compost),52.7,No,Fallow,Low,Sufficient,No,No,19.6,Sandy Soil,5.73,1.96,65.6,22.1,163.1,25.6,107.4,75.1,6.7,9.9,105.1,44.14
2023,Season B,March,Ntarama,Rice,2.67,1.95,195.0,Flat,Improved (IR64 / NERICA),Yes,Inorganic (NPK),135.2,Partial,Beans,High,Sufficient,No,Yes,23.8,Sandy Soil,7.11,3.0,63.4,10.1,255.5,23.8,86.6,78.8,8.5,10.4,121.7,31.94
2024,Season A,September,Rweru,Rice,2.46,1.64,164.0,Flat,Improved (IR64 / NERICA),No,None,0.0,Yes,Beans,Low,Adequate,Yes,Yes,13.3,Clay Soil,6.9,2.55,65.2,10.6,180.7,22.2,85.4,73.4,7.2,11.3,121.1,31.27
2024,Season B,April,Shyara,Beans,0.26,0.2,20.0,Hillside,Improved (RWR 2245),Yes,Inorganic (NPK),90.5,Partial,Beans,Medium,Limited,No,No,22.7,Sandy Loam,6.04,2.43,58.3,17.7,268.0,21.3,69.8,74.1,6.4,11.8,120.3,12.77
2021,Season A,January,Ngeruka,Rice,0.96,0.75,75.0,Valley,Improved (IR64 / NERICA),Yes,Organic (Compost),0.0,No,Beans,Medium,Sufficient,Yes,No,20.3,Loam,6.87,2.5,72.4,18.3,191.4,22.6,85.4,71.2,7.6,12.3,106.3,36.44
2024,Season B,March,Kamabuye,Rice,1.26,1.02,102.0,Flat,Hybrid (Komboka),Yes,Inorganic (NPK),214.8,No,Beans,Low,Adequate,No,No,10.2,Clay Soil,7.04,2.46,45.4,17.3,208.4,21.9,95.2,69.0,7.2,12.8,127.2,23.05
