Year,Season,Month,Sector,Crop_Type,Farm_Size_Ha,Area_Planted_Ha,Area_Planted_Are,Terrain_Type,Seed_Variety,Fertilizer_Used,Fertilizer_Type,Fertilizer_Amount_Kg_Are,Irrigation_Used,Previous_Crop,Pest_Disease_Pressure,Labor_Availability,Extension_Service_Access,Credit_Access,Market_Distance_km,Soil_Type,Soil_pH,Organic_Matter_Pct,Nitrogen_ppm,Phosphorus_ppm,Potassium_ppm,Avg_Temperature_Celsius,Total_Rainfall_mm,Relative_Humidity_Pct,Sunshine_Hours_per_Day,Wind_Speed_kmh,Evapotranspiration_mm,Yield_Kg_per_Area_Planted
2022,Season A,October,Rilima,Maize,1.4,0.89,89.0,Hillside,Local Variety,Partial,Inorganic (NPK),0.69,No,Rice,Medium,Limited,Yes,No,23.9,Sandy Soil,6.21,1.73,44.1,16.7,217.2,23.4,141.5,82.8,7.9,10.1,112.4,12.84
2023,Season B,February,Rilima,Maize,0.4,0.25,25.0,Hillside,Hybrid (H614D),Yes,Mixed (Organic + Inorganic),2.24,Partial,Beans,Medium,Adequate,Yes,No,20.0,Sandy Soil,6.13,1.98,43.3,16.9,205.7,22.7,92.6,75.5,7.2,11.1,99.2,35.0
2022,Season B,March,Rilima,Rice,2.0,1.35,135.0,Flat,Hybrid (Komboka),Partial,Inorganic (NPK),0.75,No,Rice,Medium,Sufficient,No,No,19.7,Sandy Soil,6.02,1.91,38.3,17.5,206.9,24.2,128.9,80.0,7.3,11.0,128.6,24.48
2020,Season A,September,Mareba,Beans,1.82,1.17,117.0,Flat,Hybrid (MAC 44),Yes,Organic (Compost),0.0,No,Rice,Medium,Adequate,No,Yes,21.0,Sandy Loam,7.03,3.16,59.3,12.6,245.0,21.7,69.0,78.7,7.6,13.3,119.8,10.19
2021,Season B,February,Kamabuye,Beans,0.91,0.83,83.0,Flat,Hybrid (MAC 44),Yes,Mixed (Organic + Inorganic),0.59,Yes,Beans,Low,Sufficient,Yes,Yes,15.7,Clay Soil,7.19,2.46,36.6,19.2,202.7,21.5,88.6,75.0,7.6,14.4,110.6,10.84
2024,Season A,January,Kamabuye,Maize,1.54,1.3,130.0,Flat,Improved (WH507),Yes,Inorganic (NPK),1.78,Partial,Beans,Low,Adequate,No,No,6.2,Clay Soil,6.99,2.33,37.3,19.6,207.8,23.3,61.7,76.7,8.7,12.2,112.2,20.45
2022,Season B,May,Shyara,Beans,1.02,0.65,65.0,Hillside,Improved (RWR 2245),No,None,0.0,No,Maize,High,Limited,Yes,Yes,18.5,Sandy Loam,6.3,2.15,55.7,19.5,267.9,23.5,88.4,76.2,6.4,8.8,110.0,9.14
2024,Season A,December,Gashora,Beans,0.86,0.63,63.0,Flat,Local Variety,No,None,0.0,No,Fallow,Low,Adequate,Yes,No,6.3,Loam,6.57,2.1,50.9,25.2,175.8,21.8,115.5,81.0,8.1,11.1,101.9,6.84
2022,Season B,May,Rweru,Beans,0.46,0.42,42.0,Flat,Local Variety,Yes,Organic (Compost),0.0,Yes,Beans,Medium,Limited,No,Yes,15.8,Clay Soil,7.1,2.54,64.6,14.8,178.9,25.5,103.6,77.5,6.6,11.7,113.2,6.57
2021,Season B,May,Ntarama,Beans,2.52,2.31,231.0,Valley,Hybrid (MAC 44),No,None,0.0,No,Maize,Medium,Limited,Yes,No,21.6,Sandy Soil,7.19,3.16,59.2,11.4,253.8,22.7,53.3,80.4,5.8,9.5,88.8,7.39
2021,Season A,November,Rilima,Maize,0.49,0.46,46.0,Hillside,Hybrid (H614D),No,None,0.0,Yes,Beans,Low,Adequate,Yes,No,11.8,Sandy Soil,6.22,1.81,43.7,15.1,219.9,22.3,122.4,81.0,6.7,10.2,95.1,28.11
2023,Season A,September,Rilima,Rice,2.09,1.66,166.0,Flat,Hybrid (Komboka),Yes,Organic (Compost),0.0,No,Beans,Low,Adequate,Yes,Yes,10.0,Sandy Soil,6.02,1.8,43.6,19.5,225.6,22.8,75.9,67.9,7.5,12.2,123.8,23.92
2022,Season A,November,Nyarugenge,Maize,2.24,2.2,220.0,Hillside,Improved (WH507),Yes,Inorganic (NPK),1.62,No,Beans,Medium,Sufficient,Yes,No,20.4,Clay Soil,6.1,2.08,37.0,22.2,186.3,23.6,80.4,74.9,7.3,10.7,116.9,24.43
2021,Season A,September,Ruhuha,Maize,0.21,0.14,14.0,Valley,Improved (WH507),No,None,0.0,Yes,Beans,High,Limited,Yes,No,18.1,Sandy Loam,6.78,2.48,60.4,18.9,185.3,21.2,94.7,75.3,7.4,10.5,128.4,15.13
2020,Season A,September,Nyarugenge,Maize,2.88,2.61,261.0,Hillside,Improved (WH507),No,None,0.0,No,Maize,Medium,Limited,Yes,No,8.6,Clay Soil,6.05,2.72,35.6,26.5,192.5,23.4,78.9,71.0,7.8,11.0,127.5,14.4
2024,Season A,January,Mayange,Beans,0.63,0.57,57.0,Hillside,Local Variety,No,None,0.0,No,Maize,Low,Limited,No,Yes,16.3,Sandy Loam,5.98,2.71,67.3,13.4,208.5,22.5,55.7,70.7,8.1,11.5,108.0,5.87
2024,Season B,April,Nyamata,Maize,2.41,2.2,220.0,Flat,Improved (WH507),No,None,0.0,No,Beans,Low,Adequate,Yes,No,5.7,Clay Soil,7.12,2.93,77.1,23.9,258.2,24.9,83.8,83.7,6.0,8.9,95.3,16.96
2020,Season B,May,Mayange,Maize,2.99,2.84,284.0,Flat,Improved (WH507),Yes,Mixed (Organic + Inorganic),1.12,Partial,Maize,Low,Limited,No,No,22.1,Sandy Loam,5.86,2.99,67.0,11.0,218.0,24.3,62.2,77.2,6.9,12.9,116.5,20.53
2020,Season B,March,Mayange,Rice,2.79,1.8,180.0,Hillside,Improved (IR64 / NERICA),Yes,Mixed (Organic + Inorganic),0.96,No,Beans,High,Adequate,No,No,16.9,Sandy Loam,6.03,2.79,62.0,12.8,205.6,21.9,64.7,84.7,7.4,10.1,122.0,29.31
2021,Season B,June,Nyamata,Beans,2.68,2.47,247.0,Flat,Hybrid (MAC 44),Partial,Organic (Compost),0.37,No,Cassava,Medium,Adequate,No,Yes,7.6,Clay Soil,7.04,3.07,76.8,21.4,254.9,23.5,32.7,71.6,8.0,12.9,120.7,6.96
2022,Season B,May,Nyarugenge,Rice,0.44,0.39,39.0,Flat,Local Variety,Yes,Organic (Compost),0.0,Yes,Beans,Low,Limited,Yes,Yes,24.1,Clay Soil,6.16,1.82,37.8,26.6,188.7,23.4,47.9,72.3,6.4,8.7,117.9,18.1
2024,Season B,April,Mareba,Maize,1.78,1.54,154.0,Flat,Local Variety,No,None,0.0,Yes,Maize,Medium,Adequate,Yes,No,24.0,Sandy Loam,7.21,3.13,63.2,11.7,231.9,24.6,136.9,78.8,7.0,9.6,103.9,11.03
2023,Season B,May,Nyarugenge,Beans,0.28,0.26,26.0,Valley,Local Variety,No,None,0.0,No,Cassava,Low,Sufficient,No,Yes,16.7,Clay Soil,6.24,2.32,42.6,24.1,181.1,21.7,103.7,66.9,6.6,10.7,117.6,6.66
2024,Season A,September,Kamabuye,Rice,0.32,0.27,27.0,Hillside,Improved (IR64 / NERICA),No,None,0.0,Yes,Beans,Low,Adequate,No,No,9.7,Clay Soil,7.04,2.25,38.0,15.1,207.7,23.9,88.4,75.7,7.1,11.0,113.7,35.05
2022,Season B,May,Rweru,Maize,0.33,0.25,25.0,Valley,Improved (WH507),Yes,Organic (Compost),0.0,No,Fallow,Low,Limited,No,No,17.1,Clay Soil,7.01,2.68,64.8,13.0,188.5,22.4,78.2,79.6,6.5,10.3,99.9,15.34
2024,Season B,June,Kamabuye,Rice,2.21,2.05,205.0,Hillside,Hybrid (Komboka),No,None,0.0,No,Maize,Medium,Limited,Yes,Yes,13.7,Clay Soil,7.16,2.37,37.1,19.2,202.7,23.7,28.2,63.5,8.0,10.0,113.9,14.17
2021,Season B,June,Shyara,Beans,1.14,0.77,77.0,Flat,Improved (RWR 2245),Yes,Organic (Compost),0.0,No,Rice,High,Sufficient,No,No,16.7,Sandy Loam,6.19,2.39,52.9,18.2,249.8,23.4,45.1,65.8,8.1,11.3,115.1,7.95
2022,Season B,March,Ntarama,Rice,1.04,0.85,85.0,Valley,Improved (IR64 / NERICA),Partial,Organic (Compost),0.66,No,Fallow,High,Sufficient,No,Yes,14.4,Sandy Soil,7.23,2.77,62.6,6.8,250.1,25.0,77.9,73.6,7.0,11.2,111.4,26.3
2023,Season B,March,Shyara,Rice,0.55,0.52,52.0,Hillside,Improved (IR64 / NERICA),No,None,0.0,Yes,Fallow,Low,Sufficient,No,No,18.4,Sandy Loam,6.16,1.97,51.6,23.1,275.3,23.2,81.4,80.8,7.4,11.1,114.5,32.16
2023,Season B,February,Mareba,Beans,1.09,0.73,73.0,Valley,Improved (RWR 2245),Partial,Organic (Compost),0.55,No,Beans,Medium,Adequate,Yes,No,20.9,Sandy Loam,7.1,3.1,62.5,14.5,246.7,22.2,64.6,71.6,8.3,11.0,114.1,13.63
2021,Season B,May,Nyamata,Rice,0.81,0.59,59.0,Valley,Improved (IR64 / NERICA),Yes,Mixed (Organic + Inorganic),1.51,Yes,Maize,Low,Adequate,No,Yes,9.0,Clay Soil,7.02,3.08,75.4,26.7,239.6,24.9,63.4,84.1,6.8,12.6,104.9,31.97
2021,Season A,December,Ntarama,Beans,2.23,2.06,206.0,Flat,Hybrid (MAC 44),No,None,0.0,No,Cassava,Low,Sufficient,No,No,24.1,Sandy Soil,7.05,2.77,61.7,9.8,249.4,22.3,56.2,81.0,7.7,11.2,99.9,8.67
2020,Season B,May,Mareba,Rice,2.9,1.74,174.0,Valley,Local Variety,No,None,0.0,Partial,Maize,Medium,Sufficient,Yes,No,24.7,Sandy Loam,7.18,3.04,64.3,9.9,227.4,23.2,66.6,78.8,8.0,11.6,98.1,15.73
2020,Season A,January,Gashora,Maize,2.92,2.2,220.0,Flat,Local Variety,No,None,0.0,No,Beans,Low,Adequate,Yes,Yes,5.5,Loam,6.65,2.05,46.3,21.8,180.6,21.9,50.4,68.5,7.5,12.9,98.0,11.17
2024,Season B,May,Rweru,Maize,1.97,1.4,140.0,Flat,Improved (WH507),Yes,Mixed (Organic + Inorganic),2.24,No,Beans,Medium,Sufficient,Yes,Yes,18.8,Clay Soil,6.88,2.54,62.6,8.0,189.0,23.4,74.0,79.6,6.3,10.7,111.8,21.56
2023,Season B,February,Mwogo,Maize,0.24,0.23,23.0,Hillside,Local Variety,No,None,0.0,Partial,Beans,Medium,Adequate,Yes,No,11.3,Sandy Soil,5.99,2.18,68.3,20.3,158.0,23.3,93.9,75.8,7.8,12.3,103.3,15.76
2021,Season B,May,Rweru,Rice,0.79,0.76,76.0,Hillside,Improved (IR64 / NERICA),Partial,Organic (Compost),0.46,No,Beans,Low,Adequate,Yes,Yes,20.2,Clay Soil,6.95,2.72,65.5,10.9,174.6,22.3,59.5,74.5,6.8,12.0,101.9,28.53
2023,Season B,May,Juru,Rice,1.83,1.4,140.0,Valley,Improved (IR64 / NERICA),No,None,0.0,No,Beans,Medium,Adequate,No,No,14.8,Sandy Loam,6.84,2.66,48.0,23.7,178.2,21.5,83.5,81.4,7.5,11.7,103.8,28.17
2022,Season B,May,Nyamata,Maize,1.38,1.13,113.0,Hillside,Improved (WH507),No,None,0.0,No,Maize,Low,Adequate,Yes,No,9.2,Clay Soil,7.03,3.33,79.8,20.5,255.3,22.5,54.6,74.3,7.3,10.3,112.6,14.32
2024,Season A,October,Nyarugenge,Rice,0.18,0.13,13.0,Flat,Hybrid (Komboka),Yes,Organic (Compost),0.0,No,Fallow,Low,Adequate,No,No,9.8,Clay Soil,6.27,2.24,32.3,21.3,185.8,24.1,152.5,82.3,6.5,9.4,101.3,32.06
2023,Season A,October,Kamabuye,Beans,2.97,2.63,263.0,Flat,Hybrid (MAC 44),Yes,Mixed (Organic + Inorganic),0.68,Yes,Maize,Medium,Sufficient,No,No,9.4,Clay Soil,7.14,2.27,37.6,19.0,213.1,22.4,122.0,80.6,6.1,8.8,98.7,11.7
2021,Season B,April,Mareba,Beans,0.2,0.16,16.0,Flat,Improved (RWR 2245),Partial,Organic (Compost),0.36,No,Maize,Low,Adequate,No,No,23.1,Sandy Loam,7.23,2.81,64.1,14.7,239.2,22.0,118.0,78.8,6.2,11.1,118.3,13.99
2021,Season B,June,Juru,Rice,0.77,0.53,53.0,Hillside,Local Variety,No,None,0.0,No,Rice,High,Limited,Yes,No,17.1,Sandy Loam,6.78,2.7,43.7,26.2,175.4,20.6,45.1,66.9,8.0,13.3,102.6,10.0
2021,Season B,April,Mwogo,Beans,1.55,1.51,151.0,Valley,Improved (RWR 2245),No,None,0.0,Partial,Beans,Low,Sufficient,Yes,Yes,21.6,Sandy Soil,5.89,2.06,63.5,22.1,156.7,22.6,128.3,83.7,6.4,11.2,93.9,12.45
2023,Season A,January,Ruhuha,Beans,0.93,0.9,90.0,Hillside,Improved (RWR 2245),No,None,0.0,No,Beans,Low,Adequate,No,No,5.9,Sandy Loam,6.86,2.37,60.5,21.0,196.5,23.3,68.6,77.3,7.5,12.5,97.2,12.35
2021,Season A,November,Nyarugenge,Maize,1.84,1.25,125.0,Valley,Hybrid (H614D),No,None,0.0,No,Rice,High,Limited,No,No,11.7,Clay Soil,6.23,2.02,38.6,28.3,184.9,23.6,108.2,73.4,7.0,11.2,111.0,19.47
2020,Season B,March,Mayange,Maize,0.43,0.29,29.0,Flat,Improved (WH507),Yes,Inorganic (NPK),0.78,No,Beans,Medium,Limited,No,No,22.2,Sandy Loam,5.9,2.94,67.6,11.1,221.4,24.4,83.3,74.4,7.0,11.2,113.3,18.81
2021,Season B,May,Mareba,Maize,2.26,1.64,164.0,Flat,Local Variety,Partial,Organic (Compost),0.43,Yes,Beans,High,Sufficient,Yes,No,15.5,Sandy Loam,7.16,2.87,65.3,10.8,234.5,22.7,103.4,78.7,7.8,11.2,89.4,13.22
2024,Season A,October,Kamabuye,Maize,1.62,1.36,136.0,Flat,Improved (WH507),Yes,Inorganic (NPK),1.97,No,Beans,Low,Adequate,Yes,No,5.8,Clay Soil,7.13,2.36,37.3,18.3,207.4,23.5,107.2,80.6,6.5,11.5,91.3,25.0
2024,Season B,April,Ngeruka,Rice,3.0,2.65,265.0,Hillside,Hybrid (Komboka),Yes,Mixed (Organic + Inorganic),0.33,Partial,Beans,Medium,Adequate,Yes,No,9.3,Loam,7.06,2.6,73.6,19.3,198.4,23.9,115.4,85.0,6.4,9.2,109.1,31.17
2022,Season B,March,Mayange,Maize,2.89,2.02,202.0,Flat,Local Variety,No,None,0.0,Yes,Fallow,Low,Adequate,No,No,10.9,Sandy Loam,6.06,2.56,66.8,11.6,208.3,24.1,63.9,79.2,6.9,10.3,118.0,12.42
2020,Season B,June,Rilima,Beans,2.29,1.62,162.0,Hillside,Local Variety,No,None,0.0,Yes,Cassava,Low,Sufficient,Yes,No,12.0,Sandy Soil,6.04,1.88,45.2,13.7,200.6,23.7,35.3,68.9,7.5,11.9,107.9,5.53
2024,Season B,February,Shyara,Beans,0.13,0.11,11.0,Hillside,Hybrid (MAC 44),Partial,Inorganic (NPK),0.51,Partial,Rice,Medium,Sufficient,No,No,6.0,Sandy Loam,6.1,2.26,55.5,19.9,267.0,22.3,59.9,70.4,7.5,10.6,115.9,8.67
2021,Season B,May,Gashora,Rice,2.78,2.19,219.0,Flat,Hybrid (Komboka),No,None,0.0,Partial,Cassava,Low,Adequate,Yes,No,13.8,Loam,6.52,1.98,49.9,27.1,193.9,21.3,68.8,79.9,7.0,10.5,109.6,19.67
2023,Season A,December,Ntarama,Beans,1.27,0.78,78.0,Flat,Hybrid (MAC 44),Yes,Inorganic (NPK),1.21,Yes,Maize,Low,Sufficient,Yes,Yes,14.2,Sandy Soil,7.03,2.7,62.6,12.0,249.7,22.9,89.8,78.0,7.1,12.7,111.6,13.43
2022,Season A,January,Kamabuye,Maize,0.41,0.36,36.0,Valley,Improved (WH507),Yes,Mixed (Organic + Inorganic),1.85,No,Maize,Medium,Adequate,No,Yes,10.2,Clay Soil,7.21,2.22,40.9,20.0,211.4,21.5,84.3,78.6,8.4,10.2,93.3,19.34
2022,Season A,January,Nyarugenge,Beans,0.33,0.28,28.0,Valley,Improved (RWR 2245),Partial,Inorganic (NPK),0.15,No,Maize,Low,Sufficient,No,Yes,7.5,Clay Soil,6.29,2.35,38.6,21.5,182.4,21.3,52.1,75.9,8.7,12.0,119.4,13.59
2022,Season B,May,Musenyi,Maize,2.05,1.36,136.0,Valley,Improved (WH507),No,None,0.0,Partial,Beans,High,Adequate,Yes,Yes,9.7,Loam,7.05,2.32,38.0,7.5,267.1,24.1,101.7,76.3,5.9,9.5,105.7,14.4
2020,Season B,May,Nyamata,Rice,1.36,1.05,105.0,Flat,Hybrid (Komboka),No,None,0.0,Yes,Maize,Low,Adequate,Yes,Yes,18.6,Clay Soil,7.01,3.26,77.0,25.9,249.0,23.2,60.5,74.4,7.0,10.7,112.0,21.07
2022,Season A,October,Nyamata,Rice,1.48,1.14,114.0,Valley,Improved (IR64 / NERICA),No,None,0.0,No,Rice,Low,Limited,Yes,No,19.9,Clay Soil,6.94,3.27,78.3,25.1,253.4,22.6,136.1,85.1,6.6,9.2,109.2,30.86
2021,Season A,January,Mareba,Beans,2.71,2.35,235.0,Valley,Improved (RWR 2245),Yes,Mixed (Organic + Inorganic),1.39,No,Rice,High,Sufficient,Yes,Yes,15.0,Sandy Loam,7.28,3.09,66.1,12.2,234.3,23.6,40.3,79.5,8.4,11.7,106.5,11.27
2023,Season B,April,Gashora,Rice,0.68,0.58,58.0,Valley,Improved (IR64 / NERICA),Yes,Organic (Compost),0.0,Yes,Fallow,High,Limited,No,No,22.7,Loam,6.75,2.18,44.3,28.7,177.8,24.7,74.5,75.1,6.7,12.0,119.4,26.7
2021,Season B,February,Musenyi,Rice,1.75,1.34,134.0,Valley,Hybrid (Komboka),No,None,0.0,Partial,Rice,Low,Adequate,Yes,No,13.8,Loam,7.15,2.47,37.4,11.1,254.7,21.5,80.8,76.7,8.9,10.6,121.9,20.76
2020,Season A,October,Musenyi,Beans,1.42,1.27,127.0,Valley,Hybrid (MAC 44),Yes,Organic (Compost),0.0,Partial,Rice,High,Limited,Yes,No,8.9,Loam,7.08,2.48,40.9,15.5,259.3,22.9,130.8,79.8,5.8,11.0,97.7,9.18
2022,Season B,April,Ngeruka,Maize,0.46,0.3,30.0,Valley,Local Variety,Partial,Inorganic (NPK),0.17,Partial,Rice,Low,Adequate,Yes,No,5.6,Loam,6.77,2.79,76.1,23.4,197.8,21.9,65.6,87.1,7.4,11.4,110.1,12.49
2020,Season A,September,Nyarugenge,Maize,1.22,0.86,86.0,Flat,Hybrid (H614D),Yes,Mixed (Organic + Inorganic),1.98,No,Rice,Low,Sufficient,No,No,21.5,Clay Soil,6.1,2.1,46.5,23.4,201.3,23.3,90.3,79.1,7.6,11.1,112.2,32.59
2021,Season B,March,Kamabuye,Maize,2.57,1.55,155.0,Valley,Improved (WH507),Yes,Organic (Compost),0.0,Partial,Maize,Medium,Adequate,No,No,13.5,Clay Soil,7.08,2.54,37.2,19.1,201.4,23.7,121.6,80.7,6.9,10.7,127.1,18.7
2022,Season B,February,Shyara,Maize,0.17,0.11,11.0,Flat,Improved (WH507),No,None,0.0,Yes,Cassava,High,Limited,No,Yes,13.8,Sandy Loam,6.12,2.18,56.6,21.2,276.1,20.1,50.8,80.0,7.8,11.1,115.8,11.28
2020,Season B,April,Shyara,Rice,2.69,1.87,187.0,Valley,Hybrid (Komboka),Yes,Organic (Compost),0.0,No,Beans,High,Adequate,No,No,10.5,Sandy Loam,6.07,2.09,50.2,18.1,261.6,22.6,100.8,82.3,6.3,11.7,117.3,24.24
2021,Season B,March,Mayange,Rice,0.39,0.32,32.0,Valley,Hybrid (Komboka),Yes,Organic (Compost),0.0,Yes,Maize,Low,Limited,Yes,No,10.1,Sandy Loam,6.28,2.71,63.8,14.1,205.7,22.5,107.8,72.4,7.2,11.5,103.3,26.23
2021,Season B,May,Gashora,Maize,2.82,1.88,188.0,Hillside,Local Variety,Yes,Organic (Compost),0.0,No,Beans,Low,Adequate,Yes,No,15.6,Loam,6.48,2.0,47.8,21.9,179.7,23.3,63.5,75.8,7.4,10.5,105.0,15.51
2021,Season B,June,Mwogo,Beans,1.25,1.12,112.0,Valley,Improved (RWR 2245),Yes,Mixed (Organic + Inorganic),1.25,Yes,Cassava,High,Adequate,Yes,No,22.6,Sandy Soil,5.83,2.16,68.7,19.6,154.0,26.0,25.9,75.1,8.1,14.1,109.7,9.38
2021,Season A,December,Mayange,Maize,0.41,0.36,36.0,Hillside,Improved (WH507),Yes,Inorganic (NPK),0.42,Yes,Maize,Low,Sufficient,Yes,No,23.1,Sandy Loam,5.94,2.78,66.3,10.2,206.1,24.3,89.5,67.7,6.7,13.0,107.4,24.8
2021,Season A,September,Shyara,Beans,1.67,1.11,111.0,Hillside,Local Variety,Partial,Inorganic (NPK),0.38,No,Rice,Low,Adequate,No,No,11.5,Sandy Loam,6.22,2.35,57.5,20.1,274.0,24.8,93.3,70.5,7.3,12.3,114.5,7.4
2023,Season A,September,Ngeruka,Maize,2.5,1.76,176.0,Hillside,Improved (WH507),No,None,0.0,Yes,Maize,Medium,Adequate,No,No,13.0,Loam,7.04,2.78,76.4,19.8,193.2,26.8,73.2,79.5,7.9,11.8,116.9,15.94
2020,Season A,October,Rilima,Beans,2.77,2.12,212.0,Hillside,Hybrid (MAC 44),Yes,Organic (Compost),0.0,No,Beans,Low,Adequate,Yes,No,15.2,Sandy Soil,6.15,1.93,43.2,21.0,200.5,26.5,144.3,74.0,6.7,9.6,115.1,8.7
2023,Season A,November,Mayange,Maize,2.17,2.12,212.0,Hillside,Local Variety,Yes,Inorganic (NPK),0.97,No,Cassava,High,Adequate,No,No,5.2,Sandy Loam,5.79,2.68,70.7,12.2,196.7,23.4,97.3,78.3,6.7,10.3,108.6,16.2
2024,Season B,May,Gashora,Rice,1.17,0.83,83.0,Flat,Improved (IR64 / NERICA),Partial,Inorganic (NPK),0.55,No,Rice,Low,Sufficient,Yes,No,7.6,Loam,6.43,2.06,51.7,25.6,194.0,23.7,61.5,81.8,7.2,11.4,102.2,29.66
2021,Season B,June,Mareba,Maize,2.0,1.63,163.0,Valley,Hybrid (H614D),No,None,0.0,Yes,Maize,Medium,Adequate,Yes,No,20.2,Sandy Loam,7.1,3.32,61.6,12.1,222.6,25.6,48.6,68.6,8.0,13.6,114.1,16.5
2024,Season B,April,Mayange,Rice,1.74,1.72,172.0,Flat,Hybrid (Komboka),Yes,Mixed (Organic + Inorganic),2.13,Yes,Maize,High,Adequate,No,Yes,5.2,Sandy Loam,5.92,2.65,68.6,10.6,197.7,23.6,148.9,77.3,6.4,11.2,92.4,29.63
2021,Season A,September,Nyamata,Rice,2.67,2.18,218.0,Flat,Hybrid (Komboka),Yes,Inorganic (NPK),2.04,No,Maize,Low,Sufficient,Yes,No,7.0,Clay Soil,6.99,3.17,77.6,26.2,261.7,22.6,97.4,74.9,8.1,11.7,100.4,29.3
2022,Season A,November,Mayange,Rice,1.16,1.02,102.0,Hillside,Hybrid (Komboka),No,None,0.0,No,Beans,High,Adequate,Yes,No,14.4,Sandy Loam,6.01,2.89,69.8,11.7,204.3,23.2,113.7,88.3,7.0,10.3,110.0,25.73
2024,Season B,April,Rilima,Beans,1.0,0.72,72.0,Hillside,Improved (RWR 2245),Yes,Mixed (Organic + Inorganic),0.46,No,Rice,High,Adequate,Yes,No,11.3,Sandy Soil,6.14,1.62,43.7,11.7,192.5,24.5,103.8,78.7,7.9,12.2,120.8,11.81
2021,Season B,May,Ngeruka,Maize,2.01,1.83,183.0,Flat,Improved (WH507),Yes,Inorganic (NPK),0.54,Partial,Maize,High,Limited,No,No,11.5,Loam,6.95,2.8,75.8,19.3,197.5,21.2,83.1,72.8,6.9,10.9,102.7,14.84
2024,Season B,May,Ruhuha,Maize,0.22,0.18,18.0,Valley,Local Variety,No,None,0.0,Yes,Fallow,High,Adequate,No,No,18.1,Sandy Loam,7.0,2.65,63.8,18.1,189.8,21.7,73.3,71.2,7.1,10.3,99.3,9.8
2022,Season A,October,Mayange,Rice,1.14,0.92,92.0,Flat,Local Variety,No,None,0.0,No,Cassava,Low,Limited,Yes,No,9.3,Sandy Loam,5.92,2.64,67.7,11.0,206.4,24.8,129.3,77.9,7.2,9.9,88.6,23.09
2023,Season A,January,Rilima,Maize,2.45,1.79,179.0,Flat,Local Variety,Yes,Inorganic (NPK),2.18,Yes,Fallow,High,Adequate,No,No,22.2,Sandy Soil,6.13,1.98,44.3,18.7,216.3,21.5,83.1,72.7,7.4,11.1,108.6,14.26
2022,Season B,May,Rilima,Beans,2.24,1.72,172.0,Flat,Improved (RWR 2245),Partial,Organic (Compost),0.25,Partial,Beans,High,Limited,Yes,Yes,6.9,Sandy Soil,6.24,1.65,42.6,11.9,221.7,22.5,71.7,71.7,6.8,10.6,91.8,9.9
2021,Season A,September,Ntarama,Rice,2.02,1.54,154.0,Flat,Hybrid (Komboka),Yes,Mixed (Organic + Inorganic),2.24,No,Beans,Low,Limited,Yes,Yes,11.1,Sandy Soil,6.94,3.09,60.6,13.2,245.5,22.9,66.3,72.2,8.4,12.0,118.9,22.88
2024,Season B,June,Shyara,Maize,1.74,1.27,127.0,Valley,Improved (WH507),No,None,0.0,Partial,Beans,Medium,Adequate,Yes,Yes,19.1,Sandy Loam,6.02,2.45,56.2,22.8,259.2,23.0,48.3,71.7,7.8,11.9,116.2,14.62
2023,Season B,May,Nyarugenge,Maize,1.41,1.11,111.0,Valley,Hybrid (H614D),No,None,0.0,Partial,Maize,Medium,Adequate,No,No,6.2,Clay Soil,6.18,1.96,41.8,21.2,200.6,24.7,86.4,81.0,6.1,8.5,91.4,21.07
2024,Season B,April,Ruhuha,Beans,2.04,1.91,191.0,Hillside,Hybrid (MAC 44),No,None,0.0,No,Maize,Medium,Adequate,Yes,No,22.3,Sandy Loam,7.01,2.47,61.7,17.2,179.3,23.5,132.7,86.1,7.0,11.9,97.1,8.26
2023,Season A,September,Shyara,Maize,1.39,1.25,125.0,Flat,Hybrid (H614D),Yes,Mixed (Organic + Inorganic),0.67,Partial,Maize,Low,Sufficient,No,Yes,17.0,Sandy Loam,5.84,2.26,56.3,21.3,267.7,24.6,88.3,82.5,7.1,11.7,97.2,30.65
2021,Season B,March,Juru,Maize,2.48,1.53,153.0,Hillside,Local Variety,Yes,Organic (Compost),0.0,No,Maize,Medium,Adequate,No,No,17.5,Sandy Loam,7.1,2.51,47.9,23.6,166.3,21.8,116.5,74.3,8.4,11.5,115.3,14.42
2020,Season B,March,Rilima,Maize,1.88,1.27,127.0,Flat,Improved (WH507),Partial,Organic (Compost),0.51,No,Beans,Low,Adequate,No,No,22.8,Sandy Soil,6.05,1.92,47.1,15.6,204.1,22.3,112.7,77.3,7.2,11.5,109.5,21.51
2022,Season A,January,Rilima,Beans,2.75,1.7,170.0,Hillside,Hybrid (MAC 44),Yes,Mixed (Organic + Inorganic),0.99,Partial,Maize,Low,Adequate,Yes,No,18.8,Sandy Soil,6.14,1.66,42.2,12.8,186.9,23.3,63.9,73.4,7.9,13.2,114.1,10.56
2020,Season A,January,Musenyi,Beans,1.4,1.0,100.0,Hillside,Improved (RWR 2245),No,None,0.0,No,Fallow,Medium,Sufficient,Yes,No,24.1,Loam,7.01,2.24,37.5,10.3,260.0,22.6,85.5,70.8,7.2,10.5,117.4,12.02
2021,Season B,May,Mwogo,Maize,1.99,1.58,158.0,Flat,Improved (WH507),Partial,Organic (Compost),0.71,No,Beans,Low,Adequate,No,Yes,15.8,Sandy Soil,6.11,1.96,72.2,22.5,163.2,22.2,72.0,76.9,6.8,9.2,94.8,20.57
2021,Season A,September,Ruhuha,Maize,1.47,1.39,139.0,Hillside,Hybrid (H614D),Yes,Mixed (Organic + Inorganic),1.59,No,Beans,Medium,Adequate,No,Yes,23.3,Sandy Loam,7.03,2.78,56.9,20.4,184.6,22.4,53.6,70.1,7.0,12.5,119.9,25.09
2023,Season B,June,Rilima,Maize,0.99,0.78,78.0,Hillside,Local Variety,Yes,Organic (Compost),0.0,Yes,Rice,Low,Adequate,Yes,No,15.4,Sandy Soil,6.24,1.84,44.6,16.0,215.3,23.1,36.3,63.0,7.9,11.6,116.2,14.61
2023,Season A,October,Musenyi,Rice,0.63,0.4,40.0,Valley,Improved (IR64 / NERICA),Yes,Inorganic (NPK),2.82,Yes,Rice,Medium,Adequate,Yes,Yes,16.3,Loam,7.24,2.4,43.1,12.2,247.3,23.7,137.4,68.0,6.7,10.2,107.1,36.28
2024,Season A,December,Mareba,Beans,1.78,1.16,116.0,Flat,Hybrid (MAC 44),No,None,0.0,Partial,Beans,Low,Limited,No,Yes,24.3,Sandy Loam,7.22,2.93,61.7,13.6,246.7,23.2,60.5,78.2,8.1,11.0,105.8,8.04
2022,Season B,February,Mayange,Beans,2.77,2.21,221.0,Hillside,Hybrid (MAC 44),No,None,0.0,No,Cassava,Medium,Adequate,No,No,8.2,Sandy Loam,6.23,2.78,61.4,13.6,191.7,21.5,45.8,79.1,7.3,11.5,93.6,7.18
2024,Season A,December,Juru,Rice,2.75,1.88,188.0,Valley,Improved (IR64 / NERICA),Partial,Organic (Compost),0.46,No,Rice,Low,Sufficient,No,No,6.5,Sandy Loam,6.7,2.62,48.9,21.7,170.1,23.5,76.2,70.3,7.5,12.3,92.7,29.17
2021,Season B,February,Mayange,Maize,2.89,1.78,178.0,Valley,Local Variety,No,None,0.0,No,Cassava,Medium,Adequate,No,No,24.7,Sandy Loam,5.85,2.93,65.8,11.9,220.2,24.2,55.5,79.8,7.8,9.9,122.8,9.94
2024,Season A,December,Mareba,Maize,0.63,0.57,57.0,Flat,Improved (WH507),Yes,Mixed (Organic + Inorganic),2.22,No,Maize,Medium,Limited,Yes,Yes,24.3,Sandy Loam,7.09,3.08,55.2,13.2,226.2,22.3,54.4,68.5,7.2,11.6,94.5,15.66
2024,Season B,May,Gashora,Beans,0.89,0.84,84.0,Valley,Local Variety,No,None,0.0,No,Maize,High,Sufficient,Yes,No,22.4,Loam,6.45,2.08,50.1,22.3,194.1,22.5,108.4,71.3,7.1,8.3,105.6,5.49
2023,Season B,May,Rweru,Beans,2.28,2.21,221.0,Valley,Local Variety,No,None,0.0,Partial,Beans,High,Sufficient,Yes,No,11.1,Clay Soil,7.13,2.39,66.1,14.0,185.4,26.7,57.8,88.3,7.8,10.4,113.8,4.57
2024,Season B,May,Rilima,Rice,1.29,0.96,96.0,Flat,Improved (IR64 / NERICA),Partial,Inorganic (NPK),0.51,No,Fallow,Low,Adequate,No,No,13.1,Sandy Soil,6.26,1.96,43.5,15.8,205.7,22.9,92.1,71.0,7.5,10.5,88.5,31.02
2024,Season B,May,Ntarama,Beans,0.45,0.28,28.0,Valley,Local Variety,Yes,Mixed (Organic + Inorganic),0.44,No,Cassava,Low,Limited,No,No,11.2,Sandy Soil,6.92,2.77,58.0,12.0,245.9,24.3,57.5,79.3,6.0,10.1,97.2,6.71
2022,Season A,November,Juru,Rice,1.47,0.95,95.0,Valley,Local Variety,Yes,Organic (Compost),0.0,No,Maize,Medium,Adequate,No,Yes,17.0,Sandy Loam,7.09,2.73,49.4,28.3,165.6,23.3,71.5,77.2,7.5,10.1,117.4,18.24
2024,Season B,April,Nyamata,Beans,1.4,1.3,130.0,Valley,Improved (RWR 2245),Partial,Inorganic (NPK),0.74,Partial,Beans,High,Adequate,Yes,No,24.5,Clay Soil,7.03,3.49,81.0,25.6,250.1,20.6,115.2,87.1,7.0,9.9,116.8,11.41
2020,Season A,January,Kamabuye,Beans,1.41,1.19,119.0,Hillside,Improved (RWR 2245),No,None,0.0,Partial,Rice,Low,Adequate,No,No,21.6,Clay Soil,7.17,2.41,37.6,22.5,209.9,21.7,57.7,69.4,8.0,11.1,99.3,12.88
2021,Season A,December,Mwogo,Maize,0.31,0.24,24.0,Valley,Local Variety,Yes,Inorganic (NPK),2.21,No,Beans,Low,Sufficient,Yes,No,13.9,Sandy Soil,6.06,1.97,69.8,21.4,159.8,21.8,101.9,63.9,7.2,11.4,108.0,18.72
2022,Season B,June,Ngeruka,Beans,0.86,0.73,73.0,Flat,Hybrid (MAC 44),Partial,Inorganic (NPK),0.23,No,Beans,Medium,Adequate,Yes,Yes,13.9,Loam,7.12,2.7,80.5,22.1,198.4,22.5,30.9,72.8,7.7,12.0,112.1,6.26
2021,Season B,April,Mareba,Rice,2.64,2.35,235.0,Hillside,Local Variety,Partial,Inorganic (NPK),0.11,Yes,Rice,Medium,Sufficient,No,No,6.8,Sandy Loam,7.12,3.11,58.7,17.4,224.4,25.3,118.9,80.2,6.4,12.2,101.3,20.7
2021,Season A,November,Rilima,Rice,2.91,2.41,241.0,Flat,Improved (IR64 / NERICA),No,None,0.0,No,Rice,High,Limited,Yes,Yes,9.9,Sandy Soil,6.07,2.02,44.2,17.3,222.4,22.5,61.7,76.2,7.4,9.9,120.4,22.68
2022,Season B,May,Rweru,Rice,0.4,0.34,34.0,Valley,Local Variety,Yes,Organic (Compost),0.0,Yes,Maize,High,Adequate,Yes,No,8.4,Clay Soil,6.92,2.73,63.4,11.5,170.8,23.9,68.4,84.8,6.5,11.4,117.0,15.86
2021,Season A,October,Mareba,Rice,2.1,2.0,200.0,Valley,Hybrid (Komboka),Yes,Organic (Compost),0.0,No,Fallow,Low,Limited,Yes,No,12.0,Sandy Loam,7.09,2.93,61.6,12.8,232.7,23.0,83.0,74.3,6.4,9.3,91.2,24.26
2022,Season A,October,Rilima,Rice,2.25,1.39,139.0,Hillside,Hybrid (Komboka),Yes,Inorganic (NPK),2.2,Yes,Beans,Low,Adequate,Yes,No,8.5,Sandy Soil,5.9,2.05,42.3,20.6,211.8,23.0,131.3,70.1,6.5,8.7,111.6,38.88
2023,Season A,December,Ngeruka,Maize,1.75,1.67,167.0,Hillside,Local Variety,Yes,Mixed (Organic + Inorganic),1.2,No,Beans,Low,Sufficient,Yes,Yes,12.7,Loam,7.24,2.82,77.5,19.0,187.8,23.1,69.5,77.1,7.3,10.9,122.8,17.92
2024,Season B,June,Gashora,Maize,1.91,1.33,133.0,Flat,Local Variety,Partial,Inorganic (NPK),0.34,No,Beans,Low,Adequate,Yes,No,17.4,Loam,6.54,2.1,48.8,21.7,191.8,25.7,22.1,64.6,7.4,10.3,108.6,10.99
2022,Season A,November,Musenyi,Rice,0.3,0.28,28.0,Hillside,Hybrid (Komboka),No,None,0.0,No,Fallow,Medium,Sufficient,No,No,14.1,Loam,7.05,2.26,39.9,11.7,241.2,25.4,102.4,82.2,7.0,8.1,90.8,25.15
2024,Season B,June,Ruhuha,Rice,2.72,2.52,252.0,Flat,Hybrid (Komboka),Yes,Organic (Compost),0.0,No,Beans,Low,Adequate,Yes,Yes,6.6,Sandy Loam,7.07,2.73,61.0,16.1,197.6,24.7,37.2,56.8,8.3,12.3,103.0,20.63
2021,Season A,October,Ntarama,Maize,1.79,1.31,131.0,Flat,Improved (WH507),Yes,Mixed (Organic + Inorganic),2.32,Partial,Maize,High,Sufficient,No,Yes,11.1,Sandy Soil,6.93,2.7,59.2,8.9,247.6,25.3,148.5,85.0,6.5,8.7,94.4,15.89
2021,Season B,May,Mareba,Beans,0.14,0.11,11.0,Flat,Improved (RWR 2245),No,None,0.0,Partial,Beans,Low,Adequate,No,No,9.1,Sandy Loam,7.17,2.95,61.9,13.2,224.9,22.5,56.3,74.4,5.9,11.2,117.2,11.93
2020,Season A,October,Nyamata,Beans,2.91,2.54,254.0,Hillside,Improved (RWR 2245),No,None,0.0,Yes,Beans,Medium,Adequate,Yes,No,11.7,Clay Soil,6.98,3.27,74.9,22.3,264.2,21.7,135.0,83.1,6.8,8.3,87.4,13.1
2021,Season B,February,Musenyi,Rice,1.0,0.99,99.0,Valley,Local Variety,No,None,0.0,No,Fallow,High,Adequate,No,Yes,14.3,Loam,6.92,2.43,41.0,13.1,246.8,24.0,97.2,63.9,8.1,12.3,114.0,15.22
2024,Season B,April,Ntarama,Rice,1.45,1.25,125.0,Valley,Hybrid (Komboka),No,None,0.0,No,Rice,High,Adequate,Yes,Yes,14.9,Sandy Soil,7.15,2.81,60.0,11.6,261.6,21.8,114.0,78.3,7.4,11.5,117.8,18.12
2020,Season B,April,Mareba,Beans,1.92,1.24,124.0,Flat,Local Variety,No,None,0.0,No,Cassava,Low,Sufficient,Yes,No,6.7,Sandy Loam,7.17,2.86,60.9,8.2,249.3,22.0,146.3,75.9,7.1,11.7,96.8,6.16
2024,Season A,January,Rweru,Rice,0.88,0.72,72.0,Valley,Hybrid (Komboka),Yes,Inorganic (NPK),0.43,Yes,Beans,Medium,Adequate,No,No,20.2,Clay Soil,6.77,2.41,62.1,16.1,196.4,23.5,54.2,71.4,7.5,11.7,120.4,22.54
2020,Season B,March,Nyamata,Beans,2.3,1.93,193.0,Hillside,Hybrid (MAC 44),Yes,Organic (Compost),0.0,Partial,Cassava,High,Limited,No,No,18.8,Clay Soil,7.09,3.14,78.3,26.3,266.1,22.9,64.2,72.4,7.5,12.3,121.1,8.61
2020,Season A,January,Mwogo,Rice,2.15,1.82,182.0,Valley,Local Variety,No,None,0.0,No,Maize,Medium,Adequate,No,No,7.4,Sandy Soil,5.97,1.91,69.3,21.5,150.4,21.9,81.6,63.0,7.9,11.8,107.4,19.46
2024,Season A,December,Ntarama,Maize,1.32,0.96,96.0,Valley,Hybrid (H614D),No,None,0.0,Yes,Cassava,Low,Sufficient,No,No,22.3,Sandy Soil,7.23,3.06,61.0,11.5,247.3,21.4,80.0,67.8,7.6,12.5,112.6,25.38
2021,Season B,March,Mayange,Maize,1.67,1.51,151.0,Flat,Improved (WH507),No,None,0.0,Partial,Maize,Low,Sufficient,No,No,19.5,Sandy Loam,5.89,3.03,58.5,16.4,209.3,24.8,113.7,86.4,7.9,10.6,110.3,18.76
2023,Season A,September,Ruhuha,Beans,2.32,1.61,161.0,Valley,Local Variety,No,None,0.0,No,Rice,Low,Limited,Yes,No,11.9,Sandy Loam,7.14,2.48,66.4,19.0,202.9,24.8,81.8,63.0,6.4,9.5,105.4,6.45
2023,Season A,November,Mayange,Beans,0.32,0.2,20.0,Hillside,Local Variety,No,None,0.0,No,Rice,Low,Sufficient,Yes,No,9.6,Sandy Loam,6.02,2.65,63.1,9.9,201.0,23.5,129.1,77.3,7.0,8.6,91.1,6.55
2020,Season A,December,Ruhuha,Maize,1.1,0.82,82.0,Flat,Local Variety,No,None,0.0,Yes,Beans,Medium,Adequate,Yes,No,14.1,Sandy Loam,7.21,2.4,60.5,15.2,194.6,22.9,111.7,75.5,7.1,11.0,108.5,15.47
2021,Season A,December,Musenyi,Beans,1.93,1.55,155.0,Valley,Hybrid (MAC 44),Partial,Organic (Compost),0.63,No,Rice,Low,Limited,No,No,10.0,Loam,7.14,2.49,37.8,14.1,264.1,24.0,91.3,66.6,7.7,12.7,119.0,9.0
2020,Season B,March,Ngeruka,Maize,1.39,0.94,94.0,Hillside,Hybrid (H614D),Partial,Inorganic (NPK),0.61,Yes,Fallow,Medium,Adequate,Yes,No,21.4,Loam,7.05,2.79,75.0,19.3,197.0,23.2,122.4,82.1,7.3,11.0,110.3,28.11
2024,Season A,November,Mwogo,Rice,2.43,2.2,220.0,Flat,Improved (IR64 / NERICA),No,None,0.0,No,Maize,Medium,Adequate,Yes,No,23.7,Sandy Soil,6.11,2.22,65.3,22.3,171.9,22.7,73.5,84.2,7.7,9.8,99.8,29.52
2020,Season A,December,Mayange,Maize,2.72,2.24,224.0,Flat,Improved (WH507),No,None,0.0,No,Beans,Low,Adequate,Yes,No,21.5,Sandy Loam,5.82,2.84,68.8,14.8,219.9,23.3,103.1,72.1,8.2,10.6,96.1,22.36
2020,Season B,March,Nyamata,Beans,0.36,0.28,28.0,Valley,Hybrid (MAC 44),No,None,0.0,No,Rice,High,Adequate,No,No,22.0,Clay Soil,7.23,3.36,79.0,22.8,266.2,23.0,78.5,78.9,7.4,8.6,127.1,7.62
2021,Season B,June,Mayange,Beans,0.34,0.33,33.0,Hillside,Local Variety,Yes,Organic (Compost),0.0,No,Beans,High,Limited,No,Yes,16.1,Sandy Loam,6.0,2.88,64.4,9.1,215.2,22.5,41.1,64.8,7.8,11.6,98.9,4.0
2023,Season A,September,Gashora,Maize,2.64,1.75,175.0,Flat,Improved (WH507),Partial,Inorganic (NPK),0.34,No,Beans,Medium,Adequate,Yes,No,5.6,Loam,6.65,1.8,50.8,22.2,182.1,24.7,70.6,71.9,6.1,10.5,104.2,19.96
2024,Season A,October,Gashora,Rice,1.72,1.41,141.0,Hillside,Improved (IR64 / NERICA),Yes,Mixed (Organic + Inorganic),2.17,No,Rice,Low,Adequate,Yes,No,5.5,Loam,6.52,2.18,53.1,24.5,195.9,24.0,133.4,79.9,6.1,10.1,97.7,39.77
2023,Season A,November,Musenyi,Beans,1.9,1.52,152.0,Valley,Local Variety,No,None,0.0,Yes,Cassava,High,Adequate,Yes,No,23.7,Loam,6.86,2.39,49.2,13.1,264.4,22.7,63.9,82.1,6.6,10.5,97.0,6.06
2024,Season A,January,Mayange,Rice,0.66,0.6,60.0,Hillside,Improved (IR64 / NERICA),No,None,0.0,No,Maize,Medium,Adequate,No,No,22.4,Sandy Loam,6.0,2.7,63.2,11.8,197.6,22.0,71.8,73.7,8.2,12.0,106.0,27.72
2020,Season A,January,Mareba,Rice,2.36,1.47,147.0,Valley,Improved (IR64 / NERICA),Yes,Mixed (Organic + Inorganic),1.34,Partial,Beans,Low,Limited,No,No,19.0,Sandy Loam,7.08,2.88,60.5,11.5,233.8,21.2,70.1,76.2,7.2,10.0,118.1,29.78
2023,Season A,December,Nyarugenge,Rice,1.28,0.86,86.0,Flat,Improved (IR64 / NERICA),Yes,Mixed (Organic + Inorganic),0.89,Partial,Maize,High,Adequate,Yes,No,5.4,Clay Soil,6.08,2.48,42.5,20.8,193.7,22.1,71.5,85.1,7.0,11.2,111.2,29.06
2020,Season B,May,Shyara,Beans,0.73,0.49,49.0,Flat,Local Variety,No,None,0.0,No,Cassava,Low,Adequate,Yes,No,15.3,Sandy Loam,6.1,2.29,52.6,18.0,271.1,22.1,69.4,71.6,8.0,10.6,104.1,7.44
2024,Season A,September,Mwogo,Maize,1.92,1.29,129.0,Valley,Local Variety,Partial,Organic (Compost),0.65,No,Fallow,Low,Sufficient,No,Yes,17.8,Sandy Soil,6.0,1.76,69.3,19.8,170.0,23.8,48.9,73.6,6.8,11.9,121.3,11.6
2020,Season B,June,Mwogo,Beans,1.31,0.86,86.0,Hillside,Local Variety,Yes,Inorganic (NPK),0.77,No,Beans,Low,Sufficient,Yes,Yes,22.4,Sandy Soil,5.89,2.13,70.1,21.9,154.2,24.5,46.7,69.1,8.4,12.4,99.5,5.35
2024,Season A,December,Mayange,Maize,2.02,1.47,147.0,Flat,Improved (WH507),Yes,Organic (Compost),0.0,No,Fallow,Low,Adequate,No,No,15.2,Sandy Loam,5.89,2.81,62.5,12.3,198.1,20.8,99.9,74.6,7.6,10.6,111.3,23.47
2021,Season B,May,Mayange,Maize,2.6,1.84,184.0,Flat,Improved (WH507),Yes,Organic (Compost),0.0,Yes,Rice,Medium,Sufficient,Yes,No,21.6,Sandy Loam,5.99,2.66,58.1,16.0,197.4,23.0,65.7,68.3,6.9,11.6,102.6,21.44
2024,Season A,November,Ntarama,Rice,1.65,1.24,124.0,Valley,Hybrid (Komboka),Yes,Organic (Compost),0.0,No,Rice,High,Adequate,No,No,23.7,Sandy Soil,6.94,2.53,62.0,13.1,239.1,22.2,121.9,80.7,6.3,9.8,98.0,23.76
2023,Season B,April,Gashora,Rice,0.34,0.28,28.0,Valley,Hybrid (Komboka),Yes,Mixed (Organic + Inorganic),0.57,Yes,Cassava,Low,Adequate,Yes,No,14.6,Loam,6.56,2.31,47.0,27.2,197.1,22.2,74.4,82.6,7.1,10.7,91.8,23.32
2024,Season A,January,Juru,Maize,0.61,0.49,49.0,Hillside,Local Variety,Yes,Inorganic (NPK),0.47,Partial,Fallow,Low,Adequate,Yes,Yes,14.0,Sandy Loam,6.91,2.58,48.2,23.3,165.8,20.2,53.1,78.7,7.3,10.1,122.9,12.71
2024,Season A,October,Shyara,Rice,0.13,0.12,12.0,Hillside,Hybrid (Komboka),No,None,0.0,No,Maize,Medium,Adequate,No,No,6.7,Sandy Loam,6.01,2.19,52.0,19.4,266.2,22.5,142.4,79.1,6.1,10.6,109.3,28.42
2022,Season A,December,Juru,Rice,1.22,1.1,110.0,Valley,Hybrid (Komboka),Partial,Organic (Compost),0.22,No,Beans,High,Limited,No,No,13.0,Sandy Loam,6.92,2.6,49.4,21.5,169.6,19.0,55.3,82.0,8.5,12.3,108.1,18.83
2021,Season A,September,Ruhuha,Beans,2.55,2.45,245.0,Flat,Improved (RWR 2245),No,None,0.0,No,Maize,Medium,Adequate,No,Yes,6.8,Sandy Loam,6.92,2.41,56.6,18.5,186.0,22.9,94.5,74.8,6.7,11.8,129.2,12.97
2024,Season B,May,Gashora,Beans,1.68,1.58,158.0,Hillside,Improved (RWR 2245),No,None,0.0,No,Cassava,Low,Adequate,Yes,No,7.4,Loam,6.58,2.13,48.7,21.0,196.3,25.9,69.0,77.1,7.0,9.4,111.4,11.71
2024,Season A,September,Mayange,Beans,2.97,1.84,184.0,Flat,Hybrid (MAC 44),No,None,0.0,Partial,Rice,Medium,Sufficient,No,No,21.9,Sandy Loam,5.97,2.81,68.0,11.1,202.3,24.8,69.5,73.1,6.8,8.1,124.5,9.08
2021,Season B,May,Juru,Beans,0.56,0.4,40.0,Valley,Improved (RWR 2245),Partial,Inorganic (NPK),0.65,Yes,Cassava,Low,Sufficient,Yes,No,6.5,Sandy Loam,6.87,2.56,46.8,24.2,162.0,21.5,70.2,80.0,8.1,10.3,119.3,15.57
2021,Season A,September,Mwogo,Beans,2.28,1.89,189.0,Flat,Hybrid (MAC 44),Partial,Organic (Compost),0.65,Yes,Rice,Medium,Sufficient,Yes,No,15.1,Sandy Soil,6.08,2.09,64.4,18.9,166.0,20.4,53.7,65.9,7.0,10.7,105.3,9.42
2022,Season A,December,Ngeruka,Maize,0.7,0.51,51.0,Flat,Improved (WH507),Partial,Organic (Compost),0.72,Partial,Maize,Medium,Adequate,No,No,22.1,Loam,6.99,2.66,79.1,21.3,192.7,21.8,51.8,62.9,7.0,9.1,122.3,15.49
2023,Season A,October,Juru,Beans,1.77,1.35,135.0,Flat,Improved (RWR 2245),Yes,Mixed (Organic + Inorganic),0.65,Partial,Maize,Low,Adequate,Yes,Yes,25.0,Sandy Loam,6.86,2.43,44.1,20.7,165.4,23.8,72.5,74.7,6.8,11.4,94.3,14.82
2023,Season A,September,Musenyi,Beans,1.67,1.28,128.0,Hillside,Local Variety,Yes,Inorganic (NPK),1.45,No,Maize,Low,Adequate,No,No,11.3,Loam,7.03,2.14,38.3,16.9,272.7,24.0,90.1,75.9,7.9,11.6,124.0,8.35
2023,Season A,November,Kamabuye,Beans,1.66,1.22,122.0,Hillside,Improved (RWR 2245),No,None,0.0,No,Beans,High,Limited,Yes,Yes,9.5,Clay Soil,7.15,2.26,34.5,19.2,217.2,22.0,127.0,79.0,6.7,9.5,111.5,9.73
2024,Season A,January,Mareba,Rice,2.92,2.88,288.0,Hillside,Local Variety,Yes,Mixed (Organic + Inorganic),1.38,No,Maize,Low,Limited,Yes,No,18.0,Sandy Loam,7.08,3.07,56.9,11.9,240.5,21.8,74.3,65.7,7.4,11.0,122.6,16.73
2020,Season A,October,Kamabuye,Rice,0.59,0.5,50.0,Flat,Hybrid (Komboka),No,None,0.0,Yes,Beans,Low,Adequate,Yes,No,19.6,Clay Soil,7.07,2.17,44.0,18.7,205.3,24.5,82.1,75.2,6.7,9.5,114.3,25.66
2024,Season A,January,Shyara,Rice,2.04,1.65,165.0,Flat,Improved (IR64 / NERICA),Partial,Inorganic (NPK),0.56,Yes,Beans,Low,Adequate,No,No,24.5,Sandy Loam,6.05,2.09,58.2,20.7,277.6,23.4,41.7,67.3,8.4,10.7,102.8,37.08
2024,Season B,February,Ntarama,Maize,1.81,1.13,113.0,Flat,Local Variety,Yes,Inorganic (NPK),0.32,No,Fallow,Low,Adequate,Yes,No,17.8,Sandy Soil,7.17,2.79,58.5,11.3,234.7,24.6,78.3,70.6,7.2,10.1,97.6,12.76
2022,Season A,January,Mwogo,Beans,2.67,1.72,172.0,Valley,Hybrid (MAC 44),Partial,Inorganic (NPK),0.41,Yes,Beans,Low,Adequate,No,No,11.7,Sandy Soil,5.87,2.03,65.3,22.8,152.9,22.0,53.4,72.6,7.7,10.9,97.8,9.84
2023,Season B,May,Ruhuha,Maize,1.03,1.0,100.0,Hillside,Improved (WH507),Yes,Inorganic (NPK),0.92,No,Maize,Medium,Sufficient,Yes,Yes,12.2,Sandy Loam,7.07,2.36,64.8,16.6,178.5,23.8,56.5,78.0,6.7,11.2,113.9,15.8
2023,Season B,May,Mareba,Rice,0.97,0.72,72.0,Flat,Improved (IR64 / NERICA),No,None,0.0,No,Maize,Low,Adequate,No,No,12.4,Sandy Loam,7.06,3.04,62.5,10.7,241.4,23.0,92.0,78.8,7.0,10.5,106.3,28.11
2023,Season A,December,Ngeruka,Maize,0.64,0.49,49.0,Valley,Local Variety,Yes,Mixed (Organic + Inorganic),1.41,Yes,Cassava,Medium,Adequate,Yes,Yes,5.4,Loam,6.98,2.73,74.2,20.7,191.8,23.2,110.3,63.0,7.2,11.7,97.5,17.43
2022,Season B,May,Juru,Maize,2.44,1.88,188.0,Hillside,Improved (WH507),Yes,Organic (Compost),0.0,No,Maize,Low,Adequate,No,No,21.4,Sandy Loam,6.8,2.5,45.3,24.8,168.1,21.6,95.4,69.7,7.5,10.6,106.8,18.55
2021,Season B,February,Nyamata,Beans,2.41,2.21,221.0,Valley,Hybrid (MAC 44),Partial,Inorganic (NPK),0.65,No,Beans,Low,Limited,No,Yes,11.7,Clay Soil,7.15,3.05,78.7,24.4,270.5,21.2,65.7,74.8,7.5,11.4,116.5,9.83
2022,Season A,October,Gashora,Rice,0.72,0.66,66.0,Valley,Hybrid (Komboka),No,None,0.0,No,Maize,High,Limited,Yes,Yes,12.7,Loam,6.4,2.18,48.6,23.7,193.9,23.9,147.8,89.0,6.7,11.2,98.0,21.12
2023,Season B,April,Nyamata,Beans,1.97,1.95,195.0,Hillside,Hybrid (MAC 44),Yes,Mixed (Organic + Inorganic),1.02,Yes,Beans,Medium,Limited,No,Yes,12.7,Clay Soil,7.25,3.37,74.5,24.8,254.8,25.4,68.5,87.1,6.7,10.4,93.1,8.95
2021,Season A,October,Mayange,Rice,2.81,2.02,202.0,Valley,Improved (IR64 / NERICA),Yes,Mixed (Organic + Inorganic),2.78,No,Maize,High,Adequate,Yes,Yes,6.4,Sandy Loam,6.02,2.82,63.2,10.5,201.9,25.3,71.2,74.4,6.3,9.9,99.1,29.98
2024,Season A,January,Shyara,Rice,1.84,1.56,156.0,Valley,Local Variety,Partial,Inorganic (NPK),0.78,No,Maize,Low,Adequate,Yes,No,24.4,Sandy Loam,6.1,2.33,57.5,20.4,269.7,22.4,81.4,63.3,7.7,8.8,120.6,21.34
2020,Season B,June,Nyamata,Rice,2.44,1.83,183.0,Flat,Hybrid (Komboka),No,None,0.0,Yes,Maize,Low,Sufficient,No,No,6.0,Clay Soil,7.06,3.36,81.3,24.5,241.8,21.0,34.8,70.0,8.7,11.9,118.0,17.63
2023,Season A,December,Rweru,Beans,2.77,1.74,174.0,Flat,Improved (RWR 2245),Partial,Inorganic (NPK),0.69,Partial,Maize,Low,Adequate,No,Yes,8.8,Clay Soil,7.15,2.47,59.1,12.3,188.4,22.6,86.9,67.5,6.9,13.2,118.4,15.9
2024,Season B,June,Kamabuye,Rice,1.47,1.03,103.0,Hillside,Local Variety,Partial,Organic (Compost),0.46,Yes,Maize,High,Sufficient,Yes,Yes,22.1,Clay Soil,7.07,2.52,34.5,20.0,208.9,22.5,30.8,70.9,7.8,11.7,124.5,15.15
2021,Season B,March,Ntarama,Beans,2.27,2.2,220.0,Flat,Improved (RWR 2245),No,None,0.0,No,Maize,Low,Sufficient,No,No,15.3,Sandy Soil,7.11,2.82,63.3,9.7,226.8,24.7,79.8,79.6,7.3,11.2,114.8,11.71
2024,Season B,February,Mareba,Rice,2.7,2.55,255.0,Valley,Hybrid (Komboka),Yes,Mixed (Organic + Inorganic),1.39,No,Maize,Medium,Sufficient,Yes,Yes,11.9,Sandy Loam,6.98,2.81,63.5,13.1,242.8,22.1,60.7,71.7,7.8,11.4,122.0,20.84
2022,Season B,April,Mwogo,Maize,1.42,0.94,94.0,Hillside,Improved (WH507),Yes,Inorganic (NPK),0.41,No,Fallow,High,Limited,Yes,No,5.6,Sandy Soil,6.05,2.0,68.1,19.1,162.5,23.0,119.3,83.8,6.5,12.1,99.8,18.96
2020,Season B,April,Kamabuye,Rice,1.32,1.24,124.0,Valley,Hybrid (Komboka),Yes,Inorganic (NPK),1.55,No,Maize,Low,Sufficient,Yes,Yes,11.6,Clay Soil,6.99,2.02,39.0,23.7,211.6,24.3,73.8,81.9,8.5,9.8,91.1,23.25
2023,Season A,January,Nyarugenge,Beans,2.86,2.58,258.0,Valley,Local Variety,Yes,Mixed (Organic + Inorganic),0.81,Partial,Fallow,Low,Sufficient,Yes,No,20.5,Clay Soil,6.33,2.15,46.1,24.2,193.5,21.2,55.2,77.8,8.3,13.2,110.4,7.73
2020,Season B,February,Mwogo,Beans,2.57,2.55,255.0,Valley,Improved (RWR 2245),Partial,Inorganic (NPK),0.7,No,Beans,Low,Adequate,Yes,Yes,7.2,Sandy Soil,6.11,2.16,68.8,21.8,177.7,25.4,79.1,78.3,8.3,10.8,100.7,12.18
2024,Season B,February,Ngeruka,Rice,2.14,2.08,208.0,Flat,Hybrid (Komboka),Partial,Organic (Compost),0.72,No,Rice,Medium,Adequate,Yes,No,6.5,Loam,7.02,2.46,74.6,19.3,201.7,24.4,48.7,61.5,7.3,11.6,112.0,20.37
2021,Season A,January,Musenyi,Maize,0.14,0.11,11.0,Valley,Improved (WH507),Yes,Inorganic (NPK),2.04,Partial,Beans,Medium,Limited,No,Yes,5.8,Loam,7.02,2.36,40.1,12.2,249.7,21.8,69.5,70.3,8.2,12.0,111.3,18.01
2020,Season A,October,Ntarama,Beans,1.18,0.91,91.0,Flat,Local Variety,Yes,Mixed (Organic + Inorganic),0.46,No,Rice,Medium,Adequate,No,No,8.4,Sandy Soil,7.17,3.15,61.1,8.6,247.5,25.4,101.7,81.6,6.6,10.7,113.9,7.32
2023,Season A,December,Juru,Maize,1.85,1.58,158.0,Valley,Local Variety,Yes,Inorganic (NPK),2.18,No,Fallow,High,Sufficient,No,Yes,20.3,Sandy Loam,6.92,2.56,44.8,24.3,184.0,22.6,96.6,74.3,7.2,13.3,95.2,14.14
2021,Season B,May,Kamabuye,Rice,0.89,0.78,78.0,Flat,Improved (IR64 / NERICA),Yes,Inorganic (NPK),1.76,No,Fallow,Low,Sufficient,Yes,No,13.0,Clay Soil,7.25,2.05,40.9,17.7,211.2,23.0,54.3,81.5,6.5,10.6,117.5,26.5
2024,Season B,May,Rweru,Maize,0.64,0.44,44.0,Flat,Improved (WH507),Partial,Inorganic (NPK),0.15,Yes,Cassava,Medium,Limited,No,No,19.1,Clay Soil,7.02,2.57,71.5,14.8,177.6,23.2,58.8,71.4,7.5,10.3,115.9,13.85
2022,Season A,October,Musenyi,Maize,0.85,0.82,82.0,Hillside,Hybrid (H614D),No,None,0.0,No,Beans,High,Sufficient,No,No,19.0,Loam,7.19,2.38,45.7,14.5,244.2,23.5,69.0,74.1,6.5,9.7,100.6,19.83
2023,Season B,April,Shyara,Maize,0.68,0.65,65.0,Flat,Improved (WH507),Yes,Organic (Compost),0.0,Yes,Maize,Medium,Adequate,Yes,Yes,18.7,Sandy Loam,6.21,2.25,57.5,23.4,260.6,24.2,145.4,69.9,6.7,10.3,111.6,20.64
2022,Season A,November,Nyamata,Maize,1.13,0.74,74.0,Valley,Local Variety,No,None,0.0,No,Cassava,High,Adequate,No,Yes,14.1,Clay Soil,6.98,3.29,80.6,22.5,246.1,23.5,68.9,82.3,6.3,11.2,118.3,9.41
2021,Season B,February,Ruhuha,Rice,2.14,1.38,138.0,Valley,Improved (IR64 / NERICA),Partial,Organic (Compost),0.67,No,Beans,Medium,Limited,No,No,25.0,Sandy Loam,6.93,2.31,65.8,15.1,179.7,23.1,50.4,80.7,7.3,10.8,110.9,23.52
2022,Season B,April,Rweru,Beans,1.46,0.92,92.0,Flat,Hybrid (MAC 44),Yes,Organic (Compost),0.0,Partial,Rice,Medium,Adequate,Yes,Yes,11.9,Clay Soil,7.03,2.74,65.5,13.2,191.3,21.6,121.8,79.7,6.8,9.7,112.8,10.06
2020,Season A,September,Rilima,Beans,1.33,1.03,103.0,Flat,Hybrid (MAC 44),Yes,Organic (Compost),0.0,No,Fallow,Low,Adequate,No,No,23.9,Sandy Soil,6.12,1.67,40.6,18.2,217.2,23.6,86.9,76.9,6.7,12.4,107.6,10.2
2023,Season B,June,Ntarama,Beans,1.89,1.88,188.0,Valley,Hybrid (MAC 44),Yes,Organic (Compost),0.0,Partial,Maize,Low,Sufficient,Yes,Yes,13.7,Sandy Soil,6.95,2.77,65.6,13.1,249.6,21.5,24.7,66.0,8.1,11.7,131.8,8.54
2024,Season B,February,Nyarugenge,Maize,0.31,0.28,28.0,Hillside,Hybrid (H614D),Partial,Inorganic (NPK),0.73,No,Rice,High,Limited,No,No,11.1,Clay Soil,6.27,2.22,42.4,24.4,191.9,22.0,79.4,67.5,7.3,10.3,108.9,18.58
2024,Season A,January,Musenyi,Rice,1.91,1.73,173.0,Flat,Improved (IR64 / NERICA),Yes,Mixed (Organic + Inorganic),2.5,No,Rice,Low,Adequate,No,No,8.3,Loam,7.14,2.5,40.9,13.3,264.8,21.6,63.0,87.1,8.9,10.8,123.1,30.38
2023,Season B,June,Nyarugenge,Beans,2.06,1.29,129.0,Valley,Hybrid (MAC 44),Yes,Organic (Compost),0.0,No,Maize,Low,Adequate,Yes,Yes,8.5,Clay Soil,6.24,2.19,38.2,19.4,197.4,22.6,25.4,66.0,8.3,11.0,127.8,7.67
2022,Season A,January,Mwogo,Beans,0.6,0.47,47.0,Flat,Hybrid (MAC 44),Partial,Inorganic (NPK),0.19,Yes,Maize,Medium,Limited,Yes,Yes,6.0,Sandy Soil,6.1,1.99,67.5,22.0,148.3,22.8,67.7,65.3,8.6,11.8,123.7,9.54
2021,Season A,January,Gashora,Beans,0.76,0.55,55.0,Valley,Improved (RWR 2245),No,None,0.0,No,Rice,Medium,Adequate,No,No,23.6,Loam,6.43,2.08,51.3,27.5,181.9,23.4,41.6,80.2,8.4,10.2,107.5,10.21
2024,Season B,March,Musenyi,Beans,1.77,1.62,162.0,Flat,Hybrid (MAC 44),Yes,Inorganic (NPK),1.48,Partial,Beans,Low,Adequate,Yes,No,21.0,Loam,7.16,2.28,41.3,16.9,249.6,20.9,123.6,77.1,6.8,12.7,107.7,10.12
2022,Season B,March,Shyara,Rice,0.51,0.5,50.0,Valley,Improved (IR64 / NERICA),No,None,0.0,Yes,Beans,High,Sufficient,Yes,No,21.7,Sandy Loam,6.17,2.32,53.5,22.6,256.7,23.4,84.9,70.4,5.6,11.5,112.1,29.86
2022,Season B,March,Musenyi,Maize,2.04,1.97,197.0,Hillside,Improved (WH507),Yes,Inorganic (NPK),0.79,No,Beans,Low,Sufficient,No,No,12.4,Loam,7.06,2.5,43.0,16.2,244.9,23.3,65.0,82.9,7.1,10.2,111.6,18.83
2024,Season A,September,Mwogo,Beans,1.49,1.25,125.0,Flat,Local Variety,Yes,Mixed (Organic + Inorganic),0.77,No,Maize,Low,Limited,Yes,Yes,18.4,Sandy Soil,5.82,2.29,68.1,26.2,156.3,23.6,87.1,82.6,7.2,10.5,102.4,7.37
2022,Season A,December,Rweru,Beans,0.92,0.66,66.0,Hillside,Hybrid (MAC 44),Yes,Mixed (Organic + Inorganic),0.64,Yes,Cassava,Low,Sufficient,Yes,Yes,18.2,Clay Soil,6.91,2.54,61.4,9.2,180.7,23.5,66.7,74.1,7.3,12.4,121.6,11.25
2022,Season A,October,Mayange,Rice,0.23,0.14,14.0,Valley,Hybrid (Komboka),Yes,Mixed (Organic + Inorganic),1.66,Partial,Rice,Low,Adequate,No,No,21.2,Sandy Loam,6.01,2.95,66.6,13.6,198.7,21.6,69.4,73.8,6.0,10.9,107.6,25.85
2020,Season B,March,Nyamata,Beans,2.14,1.84,184.0,Valley,Improved (RWR 2245),Yes,Inorganic (NPK),0.85,Yes,Cassava,Low,Sufficient,No,No,13.6,Clay Soil,7.1,3.19,76.5,23.5,245.3,23.0,61.6,69.5,7.8,12.6,102.1,16.12
2022,Season B,June,Juru,Beans,1.33,1.16,116.0,Flat,Improved (RWR 2245),Yes,Inorganic (NPK),1.27,No,Maize,Low,Sufficient,No,No,22.2,Sandy Loam,6.98,2.62,47.3,21.9,175.0,24.4,39.3,63.1,8.7,14.6,117.8,10.81
2022,Season B,June,Rweru,Rice,1.37,1.06,106.0,Valley,Improved (IR64 / NERICA),No,None,0.0,Yes,Rice,Low,Adequate,No,No,19.1,Clay Soil,7.13,2.52,66.8,13.3,181.9,22.6,23.9,72.8,8.5,11.8,130.1,24.28
2024,Season B,April,Ngeruka,Maize,2.51,1.78,178.0,Hillside,Hybrid (H614D),No,None,0.0,No,Rice,Low,Adequate,Yes,No,14.8,Loam,7.12,2.5,72.3,20.8,205.3,25.0,119.3,75.2,7.5,11.3,112.5,22.81
2024,Season B,February,Gashora,Rice,0.86,0.64,64.0,Hillside,Improved (IR64 / NERICA),Yes,Mixed (Organic + Inorganic),2.22,Yes,Cassava,Medium,Sufficient,No,No,13.4,Loam,6.37,2.37,50.6,26.3,193.6,22.8,98.1,76.1,7.0,11.1,101.4,38.55
2024,Season B,June,Nyamata,Rice,0.23,0.15,15.0,Flat,Improved (IR64 / NERICA),Yes,Inorganic (NPK),2.22,Partial,Maize,Medium,Adequate,Yes,No,6.9,Clay Soil,7.23,3.11,82.1,23.9,242.4,24.4,44.2,69.3,8.8,10.7,127.9,28.99
2022,Season B,April,Mayange,Rice,1.06,0.71,71.0,Flat,Hybrid (Komboka),No,None,0.0,Yes,Maize,Medium,Adequate,No,No,24.9,Sandy Loam,5.79,2.9,66.6,11.6,188.3,22.4,70.7,75.1,7.1,9.2,103.0,20.16
2024,Season B,May,Ngeruka,Rice,1.52,1.52,152.0,Valley,Improved (IR64 / NERICA),Yes,Organic (Compost),0.0,Yes,Maize,Medium,Sufficient,Yes,No,20.0,Loam,6.9,2.86,73.2,21.0,187.3,24.7,87.1,78.9,7.3,10.9,89.8,33.83
2022,Season B,February,Musenyi,Rice,2.04,1.38,138.0,Flat,Improved (IR64 / NERICA),Yes,Mixed (Organic + Inorganic),0.85,Yes,Rice,Low,Adequate,Yes,Yes,19.6,Loam,7.21,2.42,44.0,15.0,260.4,21.8,80.3,83.1,7.5,11.4,123.4,30.37
2021,Season B,May,Ngeruka,Maize,1.22,0.87,87.0,Hillside,Local Variety,No,None,0.0,Partial,Fallow,Low,Adequate,No,Yes,11.5,Loam,6.97,2.94,76.2,18.9,197.3,21.8,58.0,83.3,6.8,8.8,103.2,10.98
2020,Season A,September,Mareba,Rice,2.87,2.02,202.0,Valley,Improved (IR64 / NERICA),Yes,Mixed (Organic + Inorganic),0.81,No,Beans,Medium,Limited,No,No,24.7,Sandy Loam,7.22,2.83,59.5,13.0,248.9,22.4,87.7,68.0,7.3,12.1,127.1,34.28
2023,Season A,October,Ntarama,Rice,0.21,0.21,21.0,Flat,Improved (IR64 / NERICA),Partial,Inorganic (NPK),0.73,No,Beans,Low,Adequate,Yes,No,9.1,Sandy Soil,7.15,2.78,68.8,14.0,249.4,24.1,93.5,79.6,6.5,10.0,102.1,37.79
2024,Season B,April,Ruhuha,Rice,0.69,0.62,62.0,Flat,Hybrid (Komboka),No,None,0.0,Yes,Beans,Low,Adequate,Yes,No,5.2,Sandy Loam,7.09,2.62,67.7,19.5,199.7,22.7,126.9,82.6,6.3,10.9,101.9,27.95
2024,Season B,March,Shyara,Maize,2.49,2.01,201.0,Flat,Improved (WH507),Partial,Organic (Compost),0.39,No,Rice,Medium,Adequate,No,No,10.2,Sandy Loam,6.03,2.3,51.6,20.0,256.5,24.0,75.4,81.1,7.2,12.2,98.5,17.57
2023,Season A,November,Nyamata,Rice,0.3,0.18,18.0,Valley,Hybrid (Komboka),Partial,Inorganic (NPK),0.74,No,Maize,Medium,Adequate,No,No,14.6,Clay Soil,6.92,3.25,76.0,27.7,258.9,24.1,116.6,81.4,7.6,9.2,92.4,27.82
2022,Season A,January,Rweru,Maize,1.22,1.12,112.0,Hillside,Improved (WH507),Yes,Organic (Compost),0.0,Partial,Maize,High,Adequate,No,Yes,12.5,Clay Soil,6.88,2.51,58.4,13.8,198.2,23.9,82.0,62.6,8.1,10.6,103.9,16.61
2023,Season B,May,Nyarugenge,Beans,1.17,0.94,94.0,Hillside,Improved (RWR 2245),No,None,0.0,Yes,Beans,Low,Sufficient,No,Yes,5.6,Clay Soil,6.07,1.91,40.9,21.8,201.8,24.7,89.6,79.1,7.3,11.0,112.0,11.53
2022,Season A,September,Rilima,Maize,2.18,1.89,189.0,Flat,Improved (WH507),Yes,Mixed (Organic + Inorganic),2.01,No,Maize,Low,Sufficient,No,No,11.8,Sandy Soil,6.33,1.89,40.3,15.9,219.1,24.0,101.9,81.5,8.3,14.4,116.7,24.06
2021,Season B,May,Kamabuye,Beans,0.97,0.6,60.0,Hillside,Hybrid (MAC 44),Yes,Mixed (Organic + Inorganic),0.44,No,Beans,Low,Sufficient,No,No,14.9,Clay Soil,7.04,2.46,44.5,19.1,203.5,23.2,96.1,78.6,7.3,10.4,109.8,9.25
2021,Season A,December,Rweru,Maize,1.78,1.48,148.0,Flat,Local Variety,No,None,0.0,Partial,Beans,High,Limited,Yes,Yes,21.1,Clay Soil,7.07,2.73,62.9,15.5,183.3,21.6,90.9,75.2,8.3,11.1,99.5,11.09
2024,Season A,October,Nyamata,Beans,2.76,2.48,248.0,Hillside,Hybrid (MAC 44),Partial,Organic (Compost),0.58,No,Beans,High,Sufficient,Yes,Yes,10.2,Clay Soil,7.01,3.13,77.3,26.0,258.3,24.1,146.9,83.1,7.0,10.1,100.9,7.62
2024,Season B,May,Juru,Beans,2.54,1.8,180.0,Flat,Hybrid (MAC 44),No,None,0.0,Yes,Maize,Low,Limited,Yes,No,8.4,Sandy Loam,6.9,2.36,44.6,25.4,173.6,22.7,52.3,76.3,6.9,10.9,89.5,8.57
2021,Season B,June,Nyamata,Beans,0.21,0.18,18.0,Valley,Local Variety,Yes,Inorganic (NPK),0.65,No,Maize,Low,Sufficient,No,Yes,8.6,Clay Soil,7.14,2.8,73.0,21.5,255.9,22.6,22.7,80.8,9.5,13.0,122.8,6.33
2024,Season B,June,Nyamata,Maize,2.86,2.84,284.0,Valley,Hybrid (H614D),Partial,Organic (Compost),0.8,No,Beans,Low,Sufficient,Yes,No,14.3,Clay Soil,6.99,3.07,74.8,22.8,249.8,23.7,41.3,65.8,8.6,12.8,130.4,17.8
2020,Season B,February,Gashora,Rice,1.21,1.02,102.0,Valley,Improved (IR64 / NERICA),Partial,Inorganic (NPK),0.76,Yes,Maize,Low,Limited,No,No,7.4,Loam,6.49,2.13,50.2,23.4,203.1,21.9,83.6,77.3,7.7,11.8,121.9,28.43
2024,Season A,September,Musenyi,Rice,1.82,1.59,159.0,Valley,Hybrid (Komboka),Yes,Inorganic (NPK),1.59,No,Fallow,Low,Sufficient,Yes,No,22.6,Loam,7.05,2.53,45.6,14.3,242.0,23.8,74.1,78.9,6.9,12.0,127.1,23.36
2021,Season B,April,Mareba,Maize,2.64,2.47,247.0,Flat,Improved (WH507),No,None,0.0,No,Rice,Medium,Adequate,Yes,Yes,21.2,Sandy Loam,7.13,3.41,62.2,12.1,242.3,24.8,97.8,77.1,6.5,11.4,104.1,16.42
2020,Season A,November,Rweru,Rice,1.36,1.07,107.0,Valley,Hybrid (Komboka),Partial,Inorganic (NPK),0.27,No,Fallow,Medium,Sufficient,No,Yes,15.5,Clay Soil,7.06,2.6,63.6,9.8,193.9,23.3,70.7,78.6,7.8,11.1,103.9,21.93
2023,Season A,December,Mwogo,Rice,1.88,1.24,124.0,Flat,Hybrid (Komboka),Yes,Organic (Compost),0.0,No,Beans,Medium,Adequate,No,No,19.8,Sandy Soil,5.98,1.95,68.3,23.9,167.8,22.9,80.2,72.9,7.7,10.0,102.1,27.69
2021,Season B,April,Juru,Beans,2.89,2.87,287.0,Hillside,Local Variety,Yes,Organic (Compost),0.0,Yes,Maize,Low,Limited,No,No,24.9,Sandy Loam,6.77,2.79,49.3,22.1,169.1,24.2,117.7,77.0,6.9,9.8,100.0,6.54
2023,Season B,April,Rweru,Rice,0.68,0.52,52.0,Hillside,Improved (IR64 / NERICA),Yes,Inorganic (NPK),1.77,Yes,Beans,Medium,Sufficient,No,No,12.6,Clay Soil,6.99,2.36,63.9,11.8,182.0,24.7,128.3,77.2,6.8,9.8,92.8,38.42
2023,Season B,May,Nyarugenge,Maize,2.27,1.79,179.0,Hillside,Local Variety,No,None,0.0,No,Beans,Low,Sufficient,Yes,Yes,22.0,Clay Soil,6.12,2.16,44.7,21.9,189.2,21.8,89.7,81.4,6.7,11.6,89.5,15.62
2023,Season A,December,Kamabuye,Rice,2.11,1.83,183.0,Valley,Hybrid (Komboka),Yes,Inorganic (NPK),2.61,No,Fallow,High,Sufficient,No,No,14.3,Clay Soil,7.0,2.35,41.8,16.2,220.7,23.8,64.2,67.1,7.3,10.4,117.5,20.43
2023,Season A,September,Ruhuha,Beans,0.16,0.14,14.0,Flat,Improved (RWR 2245),Yes,Inorganic (NPK),0.82,Yes,Beans,Low,Sufficient,Yes,Yes,11.3,Sandy Loam,7.06,2.54,61.3,17.5,179.3,23.1,59.5,67.3,7.0,12.0,129.3,14.01
2024,Season A,January,Musenyi,Beans,2.05,1.96,196.0,Valley,Hybrid (MAC 44),Partial,Inorganic (NPK),0.46,No,Cassava,Low,Sufficient,Yes,No,6.8,Loam,7.06,2.43,49.0,15.6,244.9,21.9,63.1,68.0,7.1,11.4,117.3,11.04
2020,Season A,December,Nyarugenge,Maize,1.38,1.11,111.0,Flat,Improved (WH507),Partial,Inorganic (NPK),0.1,Yes,Beans,Medium,Adequate,No,No,24.5,Clay Soil,6.15,2.43,38.8,21.1,207.3,23.0,114.9,74.4,6.6,11.9,121.7,24.28
2020,Season B,June,Ngeruka,Maize,1.43,0.9,90.0,Hillside,Local Variety,No,None,0.0,Partial,Maize,Medium,Adequate,Yes,No,12.9,Loam,7.18,2.62,71.6,19.6,207.9,22.7,21.9,76.6,8.2,9.9,107.0,10.24
2021,Season B,June,Gashora,Rice,1.35,1.22,122.0,Hillside,Hybrid (Komboka),No,None,0.0,No,Maize,Low,Sufficient,Yes,Yes,24.1,Loam,6.45,1.94,47.8,25.1,192.3,19.0,24.5,63.0,9.0,12.1,107.2,16.05
2022,Season A,December,Shyara,Maize,1.25,1.06,106.0,Hillside,Local Variety,Partial,Inorganic (NPK),0.2,No,Rice,High,Limited,Yes,No,10.8,Sandy Loam,6.08,2.36,55.1,18.9,263.5,21.9,97.5,67.9,7.9,11.0,94.3,13.57
2024,Season A,September,Rweru,Rice,2.59,2.5,250.0,Flat,Improved (IR64 / NERICA),Partial,Inorganic (NPK),0.8,No,Beans,Low,Sufficient,Yes,No,20.6,Clay Soil,6.89,2.67,69.2,9.7,186.8,20.1,63.5,75.8,7.5,10.6,104.7,31.38
2024,Season B,April,Juru,Rice,0.46,0.34,34.0,Flat,Improved (IR64 / NERICA),No,None,0.0,No,Beans,Medium,Limited,No,No,8.1,Sandy Loam,6.94,2.5,50.7,23.2,166.8,22.7,105.0,72.2,7.3,10.4,93.5,27.55
2023,Season A,September,Shyara,Beans,1.94,1.17,117.0,Flat,Hybrid (MAC 44),No,None,0.0,No,Maize,High,Limited,No,Yes,13.6,Sandy Loam,6.04,2.09,56.4,19.1,273.2,23.5,72.9,78.8,7.3,12.4,114.5,7.08
2020,Season B,May,Gashora,Rice,1.75,1.68,168.0,Valley,Local Variety,Partial,Organic (Compost),0.4,No,Maize,Low,Adequate,Yes,No,14.4,Loam,6.44,2.21,47.3,22.7,199.3,23.2,55.1,75.4,6.1,11.1,119.3,17.23
2021,Season B,May,Ngeruka,Maize,0.38,0.33,33.0,Flat,Improved (WH507),No,None,0.0,Yes,Maize,Low,Sufficient,No,No,21.8,Loam,7.06,2.55,78.0,18.2,192.2,21.4,88.1,79.5,7.6,10.4,103.7,16.28
2023,Season A,October,Mareba,Rice,1.5,1.24,124.0,Flat,Hybrid (Komboka),No,None,0.0,Yes,Rice,Medium,Adequate,No,Yes,16.5,Sandy Loam,7.2,3.05,62.9,11.4,224.4,23.2,127.7,79.6,5.9,10.4,113.5,24.94
2023,Season B,April,Musenyi,Rice,1.66,1.44,144.0,Hillside,Improved (IR64 / NERICA),Yes,Mixed (Organic + Inorganic),2.12,Partial,Maize,High,Adequate,Yes,No,20.9,Loam,7.12,2.31,39.1,11.9,264.1,24.9,75.2,72.7,6.1,12.1,106.3,30.52
2020,Season B,February,Mayange,Rice,0.91,0.8,80.0,Valley,Local Variety,Yes,Inorganic (NPK),2.13,No,Cassava,Low,Adequate,No,Yes,19.7,Sandy Loam,6.17,2.88,67.1,13.3,201.5,24.9,73.4,69.4,8.3,12.1,114.3,20.86
2020,Season A,October,Musenyi,Beans,0.54,0.39,39.0,Flat,Local Variety,Partial,Inorganic (NPK),0.12,No,Beans,High,Sufficient,Yes,No,24.9,Loam,7.01,2.42,44.9,14.6,263.6,22.5,76.4,75.4,6.2,10.4,110.1,6.62
2023,Season B,June,Mayange,Maize,2.08,1.95,195.0,Hillside,Local Variety,No,None,0.0,No,Beans,Low,Adequate,Yes,No,10.8,Sandy Loam,6.02,2.8,67.9,9.6,208.0,23.4,40.3,55.7,7.3,12.1,111.2,10.52
2022,Season A,January,Musenyi,Beans,2.71,1.86,186.0,Flat,Improved (RWR 2245),No,None,0.0,No,Beans,Low,Adequate,No,No,7.1,Loam,6.95,2.18,42.4,13.3,245.6,20.7,85.0,69.9,7.4,12.5,113.9,11.5
2023,Season B,February,Kamabuye,Maize,0.67,0.56,56.0,Flat,Hybrid (H614D),Yes,Inorganic (NPK),2.15,Partial,Beans,High,Adequate,Yes,Yes,7.4,Clay Soil,6.99,2.3,43.6,21.9,202.3,23.7,49.1,73.8,7.2,10.5,121.9,19.65
2020,Season A,December,Nyamata,Maize,0.63,0.47,47.0,Flat,Improved (WH507),No,None,0.0,No,Beans,Medium,Limited,Yes,Yes,15.8,Clay Soil,7.08,3.18,74.6,27.1,261.8,21.8,98.9,78.9,8.3,11.6,106.6,16.08
2020,Season A,September,Musenyi,Beans,1.29,1.12,112.0,Valley,Local Variety,Yes,Organic (Compost),0.0,No,Beans,High,Sufficient,No,No,9.7,Loam,7.0,2.27,41.1,10.2,270.2,23.1,103.7,78.2,7.5,11.8,121.9,5.98
2022,Season A,October,Ntarama,Maize,2.09,1.53,153.0,Valley,Improved (WH507),No,None,0.0,No,Rice,Medium,Adequate,Yes,No,7.0,Sandy Soil,7.25,2.81,60.1,14.4,236.1,22.6,104.0,75.2,5.9,10.3,116.4,16.13
2022,Season B,April,Shyara,Maize,1.53,1.4,140.0,Hillside,Local Variety,Partial,Inorganic (NPK),0.3,No,Fallow,Low,Limited,No,No,11.6,Sandy Loam,6.12,2.09,60.6,20.9,272.0,22.6,69.1,74.5,6.5,10.4,112.9,12.9
2024,Season A,October,Ntarama,Beans,1.07,0.71,71.0,Valley,Local Variety,No,None,0.0,No,Fallow,Medium,Adequate,No,No,21.5,Sandy Soil,7.05,2.9,66.2,12.6,247.4,24.7,95.0,85.6,6.7,12.5,100.8,6.96
2023,Season B,February,Gashora,Maize,1.58,1.35,135.0,Flat,Improved (WH507),Yes,Mixed (Organic + Inorganic),1.78,No,Fallow,Low,Adequate,No,No,9.8,Loam,6.53,2.24,50.4,25.0,189.6,22.5,74.1,76.2,7.5,9.9,110.1,22.33
2023,Season A,September,Shyara,Beans,0.48,0.33,33.0,Valley,Hybrid (MAC 44),Yes,Mixed (Organic + Inorganic),0.47,Yes,Rice,Low,Adequate,No,Yes,11.5,Sandy Loam,5.79,2.27,58.8,21.8,274.9,22.9,85.2,74.5,7.4,10.5,119.8,11.59
2023,Season A,January,Mareba,Rice,1.01,0.9,90.0,Valley,Improved (IR64 / NERICA),Partial,Organic (Compost),0.27,No,Beans,High,Adequate,Yes,No,22.2,Sandy Loam,7.22,3.14,60.8,12.2,242.9,20.7,85.0,73.9,7.1,11.7,110.0,29.92
2021,Season B,March,Mwogo,Maize,1.23,0.8,80.0,Flat,Improved (WH507),No,None,0.0,Yes,Maize,Medium,Sufficient,No,No,11.5,Sandy Soil,5.96,1.96,68.7,21.2,164.3,23.5,124.6,74.3,7.0,10.2,102.9,16.7
2022,Season A,November,Mayange,Rice,0.71,0.46,46.0,Hillside,Hybrid (Komboka),Partial,Organic (Compost),0.49,No,Beans,Low,Sufficient,Yes,No,16.8,Sandy Loam,5.92,2.83,67.7,12.9,193.4,22.6,141.0,81.3,6.7,10.4,99.2,33.33
2021,Season A,November,Gashora,Maize,2.96,2.15,215.0,Flat,Improved (WH507),No,None,0.0,No,Rice,High,Adequate,No,No,23.6,Loam,6.33,2.34,43.6,26.7,177.1,22.9,83.3,83.0,6.9,11.8,93.0,15.01
2024,Season A,November,Ntarama,Rice,2.95,2.58,258.0,Flat,Hybrid (Komboka),Yes,Inorganic (NPK),0.47,No,Beans,Low,Adequate,Yes,No,19.6,Sandy Soil,7.0,2.76,51.4,13.2,229.7,20.7,142.1,84.3,6.4,10.7,105.6,25.86
2020,Season B,June,Mwogo,Maize,0.12,0.1,10.0,Flat,Improved (WH507),No,None,0.0,No,Maize,High,Adequate,Yes,No,5.2,Sandy Soil,5.84,2.1,67.6,19.4,147.6,25.2,37.6,71.4,8.4,13.7,100.9,9.54
2021,Season B,May,Ruhuha,Beans,1.15,0.92,92.0,Flat,Improved (RWR 2245),Yes,Mixed (Organic + Inorganic),1.32,Yes,Maize,Medium,Sufficient,Yes,No,5.6,Sandy Loam,7.01,2.3,59.9,20.0,187.5,23.5,69.9,75.0,7.0,12.8,112.1,14.11
2022,Season A,October,Musenyi,Beans,2.68,2.65,265.0,Flat,Hybrid (MAC 44),Partial,Organic (Compost),0.5,Yes,Beans,High,Sufficient,No,No,15.6,Loam,7.14,2.44,40.5,15.7,250.4,22.2,152.0,86.1,6.0,10.7,107.2,8.2
2021,Season A,December,Musenyi,Maize,1.7,1.56,156.0,Flat,Improved (WH507),Yes,Organic (Compost),0.0,No,Beans,Low,Adequate,Yes,Yes,7.3,Loam,7.25,2.06,37.4,12.7,258.3,23.2,115.0,73.3,8.0,12.9,107.6,22.33
2022,Season A,December,Musenyi,Maize,2.56,2.17,217.0,Flat,Improved (WH507),No,None,0.0,No,Fallow,Low,Limited,Yes,Yes,21.5,Loam,7.04,2.55,42.6,12.5,255.4,22.1,100.7,66.5,6.8,12.0,109.1,17.77
2021,Season A,October,Ruhuha,Beans,3.0,2.46,246.0,Flat,Local Variety,No,None,0.0,Yes,Maize,Medium,Adequate,Yes,No,9.0,Sandy Loam,7.11,2.86,63.2,17.9,167.4,24.0,88.9,76.0,6.3,10.5,112.2,6.92
2020,Season B,May,Ruhuha,Beans,0.33,0.22,22.0,Flat,Local Variety,Yes,Inorganic (NPK),0.38,No,Maize,High,Limited,Yes,Yes,8.1,Sandy Loam,7.19,2.69,57.0,17.5,198.9,23.2,49.5,77.1,7.0,9.5,94.9,5.81
2022,Season A,October,Mwogo,Beans,1.71,1.53,153.0,Flat,Hybrid (MAC 44),No,None,0.0,No,Beans,Low,Adequate,Yes,No,12.7,Sandy Soil,6.04,1.85,69.2,18.8,153.2,24.5,124.4,84.8,7.3,11.5,106.8,8.84
2021,Season B,May,Rilima,Beans,1.94,1.19,119.0,Hillside,Local Variety,Partial,Inorganic (NPK),0.71,No,Fallow,Low,Adequate,No,Yes,10.3,Sandy Soil,6.15,1.66,44.7,17.5,218.2,24.5,86.1,78.1,7.3,11.6,93.9,7.38
2021,Season B,June,Nyamata,Rice,2.97,2.64,264.0,Flat,Improved (IR64 / NERICA),No,None,0.0,No,Maize,Medium,Adequate,No,No,12.8,Clay Soil,7.0,3.0,74.1,23.4,265.2,22.4,26.1,67.5,7.5,9.7,128.2,22.18
2021,Season B,April,Gashora,Beans,0.91,0.57,57.0,Valley,Local Variety,No,None,0.0,No,Fallow,High,Adequate,Yes,No,24.6,Loam,6.54,2.07,50.2,22.7,198.4,24.7,84.8,79.8,6.8,9.4,115.9,5.84
2024,Season B,March,Mareba,Maize,2.87,2.69,269.0,Flat,Improved (WH507),No,None,0.0,Yes,Maize,Medium,Adequate,No,No,6.3,Sandy Loam,7.17,3.09,57.6,11.3,251.6,21.6,62.0,75.5,6.9,9.9,116.9,15.27
2021,Season B,April,Ruhuha,Maize,1.12,0.69,69.0,Flat,Local Variety,Yes,Inorganic (NPK),2.06,Yes,Beans,Medium,Sufficient,No,No,12.2,Sandy Loam,6.82,2.63,64.9,16.1,176.6,22.7,141.1,74.1,6.6,11.3,106.6,15.16
2021,Season A,November,Ntarama,Maize,0.37,0.27,27.0,Hillside,Local Variety,Yes,Organic (Compost),0.0,No,Maize,Low,Limited,Yes,No,21.7,Sandy Soil,6.99,3.02,63.3,11.3,236.0,23.3,129.2,72.6,7.5,9.3,89.9,14.71
2024,Season B,March,Juru,Beans,1.16,1.15,115.0,Hillside,Improved (RWR 2245),Yes,Organic (Compost),0.0,Partial,Maize,High,Adequate,No,Yes,23.6,Sandy Loam,6.98,2.52,45.9,23.6,198.4,21.5,99.0,68.6,6.9,8.8,112.0,12.41
2022,Season A,January,Shyara,Maize,1.66,1.52,152.0,Flat,Improved (WH507),No,None,0.0,No,Maize,Low,Limited,No,Yes,7.1,Sandy Loam,6.18,2.16,54.2,23.9,268.9,21.7,57.4,72.6,7.4,12.2,116.5,13.81
2020,Season B,April,Kamabuye,Beans,0.19,0.16,16.0,Flat,Hybrid (MAC 44),No,None,0.0,Yes,Rice,Low,Sufficient,No,No,14.7,Clay Soil,7.17,2.3,36.6,21.8,209.5,22.2,106.4,87.2,6.8,9.3,95.6,9.22
2023,Season A,October,Juru,Rice,2.94,2.12,212.0,Flat,Improved (IR64 / NERICA),Yes,Organic (Compost),0.0,Yes,Maize,Low,Limited,Yes,Yes,5.8,Sandy Loam,6.87,2.7,49.8,25.0,166.6,24.6,69.7,67.3,6.0,11.2,103.9,29.12
2024,Season A,January,Kamabuye,Maize,0.99,0.91,91.0,Flat,Improved (WH507),Yes,Mixed (Organic + Inorganic),1.32,No,Maize,Low,Sufficient,No,Yes,18.8,Clay Soil,7.18,2.41,36.1,16.1,201.5,24.2,47.6,74.8,7.9,11.8,119.2,16.44
2024,Season A,December,Kamabuye,Beans,1.46,1.26,126.0,Hillside,Hybrid (MAC 44),No,None,0.0,No,Fallow,Low,Limited,Yes,No,8.2,Clay Soil,7.11,2.03,38.6,19.2,200.4,22.4,96.5,77.8,7.3,12.1,105.4,8.85
2022,Season B,February,Rweru,Maize,2.17,1.76,176.0,Flat,Improved (WH507),Partial,Organic (Compost),0.17,Partial,Beans,Medium,Adequate,No,No,21.0,Clay Soil,6.94,2.72,59.4,12.3,195.8,22.3,99.6,79.1,6.5,10.2,110.2,19.62
2023,Season B,June,Gashora,Rice,1.46,1.24,124.0,Valley,Hybrid (Komboka),No,None,0.0,No,Maize,Low,Adequate,No,No,21.2,Loam,6.54,2.05,47.9,24.2,193.3,22.8,30.5,69.6,7.6,12.1,125.0,16.93
2024,Season B,April,Mareba,Beans,2.63,2.41,241.0,Hillside,Improved (RWR 2245),Yes,Organic (Compost),0.0,No,Beans,High,Limited,No,No,16.0,Sandy Loam,7.01,3.06,67.8,13.2,234.7,23.2,133.6,82.1,6.8,10.8,95.0,9.31
2022,Season B,February,Kamabuye,Maize,2.96,2.55,255.0,Flat,Local Variety,No,None,0.0,Partial,Fallow,Medium,Sufficient,No,No,18.1,Clay Soil,7.14,2.07,41.1,20.4,209.3,22.4,48.0,81.2,7.8,11.3,104.9,9.15
2023,Season B,February,Musenyi,Maize,1.16,0.99,99.0,Flat,Improved (WH507),No,None,0.0,No,Rice,Medium,Adequate,No,Yes,7.5,Loam,6.96,2.42,41.2,11.3,252.3,24.2,49.7,67.0,8.0,11.1,95.6,12.53
2020,Season A,October,Nyamata,Rice,0.71,0.68,68.0,Valley,Hybrid (Komboka),Yes,Organic (Compost),0.0,No,Maize,High,Sufficient,No,Yes,20.1,Clay Soil,7.21,3.4,79.2,27.3,256.7,23.9,103.3,84.9,6.9,8.5,92.6,22.97
2024,Season B,February,Ruhuha,Beans,0.38,0.25,25.0,Flat,Hybrid (MAC 44),No,None,0.0,No,Beans,Medium,Adequate,No,Yes,5.1,Sandy Loam,6.9,2.21,59.3,18.3,180.9,23.2,92.5,73.4,7.2,10.4,114.2,8.81
2022,Season A,December,Rilima,Maize,1.05,0.66,66.0,Flat,Hybrid (H614D),No,None,0.0,No,Rice,High,Limited,No,No,8.3,Sandy Soil,6.14,1.91,44.7,16.1,215.8,23.1,93.5,77.9,7.4,11.0,110.7,20.0
2022,Season A,November,Shyara,Rice,1.32,1.3,130.0,Valley,Improved (IR64 / NERICA),No,None,0.0,No,Maize,Low,Limited,Yes,Yes,14.0,Sandy Loam,6.26,2.55,51.7,19.8,264.4,24.0,83.5,68.7,5.9,9.1,108.7,29.0
2023,Season A,January,Kamabuye,Rice,2.83,2.52,252.0,Flat,Improved (IR64 / NERICA),Partial,Inorganic (NPK),0.72,Yes,Beans,Low,Adequate,Yes,Yes,18.6,Clay Soil,7.04,2.47,37.6,17.9,200.6,22.2,45.5,70.2,7.1,12.0,112.0,31.13
2023,Season B,June,Gashora,Beans,0.92,0.72,72.0,Valley,Local Variety,No,None,0.0,Yes,Maize,Medium,Adequate,Yes,No,19.5,Loam,6.44,2.41,54.7,27.0,196.0,22.0,44.2,66.2,8.2,10.4,122.7,5.83
2022,Season B,February,Ngeruka,Maize,0.15,0.11,11.0,Flat,Local Variety,No,None,0.0,No,Maize,Medium,Adequate,Yes,No,7.3,Loam,7.25,2.32,73.2,19.1,191.9,22.3,63.2,74.5,7.9,8.6,108.1,10.48
2020,Season B,June,Ruhuha,Beans,0.93,0.62,62.0,Flat,Improved (RWR 2245),Partial,Inorganic (NPK),0.65,Partial,Cassava,Low,Limited,Yes,No,12.4,Sandy Loam,6.9,2.72,62.3,17.5,194.1,24.7,40.4,60.7,8.3,13.1,106.1,10.73
2020,Season A,October,Nyamata,Beans,1.23,0.92,92.0,Flat,Hybrid (MAC 44),Yes,Inorganic (NPK),0.43,Yes,Maize,Medium,Sufficient,Yes,Yes,24.2,Clay Soil,7.17,3.43,81.5,25.2,259.1,24.0,80.8,83.1,6.7,9.2,96.4,10.6
2022,Season B,June,Mareba,Beans,1.75,1.6,160.0,Hillside,Local Variety,No,None,0.0,Yes,Beans,High,Limited,Yes,Yes,11.5,Sandy Loam,7.04,2.97,60.8,14.2,234.2,23.6,31.7,69.3,8.1,12.6,111.2,4.22
2020,Season A,December,Ngeruka,Beans,2.14,1.98,198.0,Valley,Improved (RWR 2245),No,None,0.0,No,Beans,High,Adequate,Yes,No,17.2,Loam,6.92,2.68,71.5,18.2,211.2,22.3,106.5,82.9,7.7,9.4,115.4,11.46
2023,Season A,September,Gashora,Beans,1.71,1.06,106.0,Valley,Hybrid (MAC 44),No,None,0.0,No,Maize,Low,Adequate,Yes,Yes,18.6,Loam,6.44,2.2,47.0,25.9,197.6,23.6,76.6,69.2,7.1,11.3,121.0,10.41
2022,Season A,December,Gashora,Rice,1.6,1.2,120.0,Valley,Hybrid (Komboka),Partial,Inorganic (NPK),0.21,No,Maize,Medium,Sufficient,Yes,No,14.3,Loam,6.54,2.0,44.1,23.7,186.7,21.1,58.7,74.2,7.4,12.6,117.6,22.81
2022,Season A,November,Ntarama,Beans,2.77,2.54,254.0,Flat,Improved (RWR 2245),No,None,0.0,No,Maize,Medium,Adequate,Yes,No,24.4,Sandy Soil,7.08,2.98,66.2,13.2,252.4,24.0,128.7,64.7,6.7,10.9,101.1,11.25
2020,Season B,June,Ruhuha,Maize,0.78,0.51,51.0,Flat,Improved (WH507),No,None,0.0,No,Beans,Low,Limited,Yes,No,21.6,Sandy Loam,7.0,2.28,61.0,18.8,185.8,22.6,26.5,71.8,8.9,12.7,103.2,12.52
2024,Season B,May,Gashora,Maize,2.55,1.73,173.0,Hillside,Improved (WH507),No,None,0.0,No,Beans,Medium,Limited,Yes,No,14.0,Loam,6.52,2.04,52.1,22.6,186.2,22.8,106.2,71.9,7.4,10.2,115.9,17.03
2021,Season B,March,Ruhuha,Maize,1.74,1.37,137.0,Valley,Local Variety,Partial,Inorganic (NPK),0.2,Yes,Beans,Medium,Adequate,No,Yes,9.1,Sandy Loam,7.08,2.36,56.7,16.9,179.9,23.6,103.7,77.6,6.9,9.9,111.2,15.47
2024,Season A,October,Mareba,Beans,1.41,1.31,131.0,Valley,Improved (RWR 2245),Yes,Inorganic (NPK),0.71,No,Cassava,Medium,Sufficient,Yes,Yes,7.6,Sandy Loam,7.15,3.04,54.8,12.0,255.5,24.0,105.8,75.7,5.4,8.9,106.4,14.34
2023,Season B,May,Mareba,Beans,1.5,1.13,113.0,Flat,Improved (RWR 2245),No,None,0.0,Partial,Maize,High,Limited,Yes,Yes,18.5,Sandy Loam,6.96,3.06,61.1,12.0,219.4,22.8,68.4,76.7,7.3,11.2,103.8,10.04
2024,Season B,April,Shyara,Beans,1.79,1.72,172.0,Hillside,Hybrid (MAC 44),No,None,0.0,No,Beans,High,Sufficient,Yes,No,22.4,Sandy Loam,6.09,2.33,52.8,23.9,262.4,24.0,89.2,75.4,6.7,10.6,113.5,7.62
2022,Season A,October,Mwogo,Rice,2.55,1.75,175.0,Valley,Improved (IR64 / NERICA),No,None,0.0,No,Maize,Low,Sufficient,No,No,15.8,Sandy Soil,6.27,2.05,63.9,21.1,167.0,23.7,130.7,80.3,6.9,9.1,104.0,36.94
2020,Season A,September,Nyamata,Maize,2.19,1.38,138.0,Flat,Improved (WH507),No,None,0.0,Yes,Fallow,Medium,Sufficient,No,No,22.0,Clay Soil,6.92,3.41,74.8,23.8,259.7,23.6,68.9,84.6,7.9,12.3,105.0,16.0
2020,Season A,December,Gashora,Beans,1.83,1.55,155.0,Hillside,Improved (RWR 2245),No,None,0.0,No,Beans,High,Sufficient,Yes,No,12.2,Loam,6.5,1.95,47.3,22.8,190.9,23.3,103.6,71.9,7.0,13.0,96.2,10.81
2024,Season B,April,Gashora,Rice,0.37,0.34,34.0,Valley,Improved (IR64 / NERICA),No,None,0.0,No,Rice,High,Adequate,Yes,No,5.8,Loam,6.49,2.28,46.4,24.3,207.8,20.9,109.2,72.7,7.3,12.0,116.0,23.98
2022,Season B,March,Rilima,Maize,1.67,1.58,158.0,Hillside,Local Variety,Partial,Inorganic (NPK),0.63,No,Rice,Low,Sufficient,Yes,Yes,18.9,Sandy Soil,6.12,1.86,43.6,14.6,210.5,22.6,77.4,74.7,7.5,12.1,108.7,15.22
2022,Season B,February,Mayange,Rice,1.61,1.09,109.0,Flat,Hybrid (Komboka),Yes,Mixed (Organic + Inorganic),0.63,No,Cassava,Medium,Limited,Yes,No,11.6,Sandy Loam,5.93,2.87,66.0,11.6,194.8,21.7,81.2,59.3,8.5,11.3,117.4,22.58
2020,Season A,October,Ngeruka,Rice,1.29,1.03,103.0,Hillside,Local Variety,No,None,0.0,Yes,Maize,Low,Adequate,No,No,15.1,Loam,6.93,2.47,75.7,21.4,175.7,24.5,138.3,84.9,6.7,10.6,98.8,22.3
2023,Season B,February,Juru,Maize,2.32,1.59,159.0,Flat,Local Variety,Partial,Organic (Compost),0.25,No,Beans,Medium,Sufficient,Yes,Yes,5.6,Sandy Loam,6.82,2.75,49.6,22.2,167.7,23.5,50.1,76.1,7.7,11.7,122.1,11.65
2024,Season B,June,Nyarugenge,Maize,2.79,2.4,240.0,Flat,Local Variety,No,None,0.0,No,Beans,High,Limited,Yes,No,22.6,Clay Soil,6.1,2.01,40.1,21.8,189.8,24.3,36.4,62.2,9.0,13.1,128.6,7.97
2024,Season A,January,Kamabuye,Rice,2.52,1.95,195.0,Flat,Improved (IR64 / NERICA),No,None,0.0,No,Maize,Medium,Adequate,No,No,13.0,Clay Soil,7.1,2.43,37.8,18.6,215.8,23.3,68.7,76.1,8.1,10.3,94.5,24.21
2021,Season A,January,Rilima,Beans,0.58,0.56,56.0,Hillside,Hybrid (MAC 44),Yes,Mixed (Organic + Inorganic),0.36,Yes,Maize,Low,Sufficient,No,No,17.1,Sandy Soil,6.23,1.83,42.5,14.7,212.2,23.5,76.7,66.1,7.8,9.8,92.0,11.56
2021,Season B,May,Shyara,Beans,2.45,1.58,158.0,Hillside,Improved (RWR 2245),No,None,0.0,No,Beans,Medium,Limited,No,Yes,23.9,Sandy Loam,6.28,2.24,60.7,18.1,271.6,22.5,84.5,83.2,6.6,10.4,113.5,10.12
2024,Season B,March,Gashora,Rice,1.67,1.58,158.0,Flat,Hybrid (Komboka),Partial,Inorganic (NPK),0.49,Yes,Cassava,Medium,Adequate,No,Yes,5.1,Loam,6.21,1.92,51.4,24.9,193.0,23.6,70.6,71.4,6.8,11.5,109.4,21.99
2023,Season B,May,Shyara,Rice,2.54,2.47,247.0,Flat,Improved (IR64 / NERICA),No,None,0.0,No,Fallow,Low,Adequate,No,Yes,11.4,Sandy Loam,5.93,2.56,58.8,20.5,269.4,21.7,75.4,71.4,6.5,9.3,90.6,26.15
2023,Season B,April,Ngeruka,Maize,2.99,2.93,293.0,Flat,Hybrid (H614D),Yes,Mixed (Organic + Inorganic),2.22,Yes,Beans,Low,Limited,Yes,No,12.7,Loam,7.1,2.66,74.3,22.7,187.2,24.4,81.1,82.3,6.5,10.4,101.5,30.93
2022,Season A,December,Kamabuye,Beans,2.14,1.31,131.0,Hillside,Hybrid (MAC 44),No,None,0.0,Partial,Beans,Medium,Limited,Yes,No,7.8,Clay Soil,7.12,2.1,43.5,18.8,225.5,22.3,73.9,68.3,8.2,10.8,114.3,9.14
2020,Season B,May,Mayange,Beans,1.86,1.48,148.0,Hillside,Hybrid (MAC 44),Yes,Organic (Compost),0.0,Yes,Rice,Low,Sufficient,No,No,24.5,Sandy Loam,6.17,2.53,62.1,9.1,202.8,23.4,55.0,70.7,6.0,9.4,91.4,10.9
2020,Season A,November,Nyamata,Rice,2.02,1.39,139.0,Hillside,Hybrid (Komboka),No,None,0.0,No,Beans,High,Adequate,Yes,Yes,16.0,Clay Soil,7.03,3.16,78.1,25.0,262.0,23.9,104.4,84.9,6.8,10.5,115.6,26.75
2022,Season B,May,Rilima,Beans,0.29,0.24,24.0,Hillside,Hybrid (MAC 44),Partial,Inorganic (NPK),0.72,No,Beans,Low,Sufficient,No,No,8.8,Sandy Soil,5.99,1.85,44.9,18.3,219.1,24.1,91.0,77.8,6.9,12.2,99.2,9.55
2024,Season B,March,Shyara,Maize,2.3,2.07,207.0,Valley,Hybrid (H614D),No,None,0.0,Yes,Beans,High,Sufficient,No,No,16.1,Sandy Loam,6.05,2.18,55.4,18.3,265.9,23.8,64.2,69.6,6.7,12.1,107.7,20.2
2023,Season A,September,Kamabuye,Rice,0.99,0.99,99.0,Valley,Hybrid (Komboka),No,None,0.0,No,Maize,Low,Sufficient,No,No,17.7,Clay Soil,7.12,2.29,39.3,20.1,200.6,24.5,96.6,76.8,6.8,13.1,117.4,25.44
2020,Season B,June,Mayange,Rice,2.52,2.3,230.0,Valley,Improved (IR64 / NERICA),Yes,Organic (Compost),0.0,Yes,Cassava,Medium,Adequate,Yes,No,8.6,Sandy Loam,6.01,2.91,62.4,8.1,197.4,22.1,36.0,65.7,7.6,10.9,130.8,29.91
2024,Season B,May,Ntarama,Rice,2.37,1.99,199.0,Hillside,Local Variety,No,None,0.0,No,Rice,Low,Sufficient,Yes,Yes,11.5,Sandy Soil,7.12,3.19,55.8,9.1,257.3,24.2,69.3,75.5,8.4,9.6,118.0,15.23
2021,Season A,December,Gashora,Rice,2.32,2.25,225.0,Flat,Local Variety,Yes,Organic (Compost),0.0,Yes,Maize,Medium,Sufficient,No,No,18.8,Loam,6.49,1.95,48.5,19.6,183.7,22.1,87.3,84.6,8.2,11.4,121.3,21.52
2020,Season B,May,Nyarugenge,Maize,0.59,0.44,44.0,Flat,Hybrid (H614D),No,None,0.0,No,Rice,Low,Adequate,Yes,No,5.8,Clay Soil,6.31,2.17,42.6,25.6,191.9,22.3,97.0,82.0,6.8,10.0,110.0,23.11
2022,Season B,February,Nyamata,Maize,1.61,1.18,118.0,Flat,Local Variety,Yes,Mixed (Organic + Inorganic),0.4,Yes,Maize,Low,Adequate,Yes,No,19.1,Clay Soil,7.28,3.08,76.3,24.7,248.5,21.0,54.9,67.9,7.9,9.6,115.1,13.12
2021,Season B,April,Mareba,Rice,2.92,2.61,261.0,Valley,Hybrid (Komboka),Partial,Organic (Compost),0.3,No,Maize,Low,Sufficient,No,Yes,20.8,Sandy Loam,6.99,3.07,68.2,8.6,236.5,23.6,119.5,80.2,6.3,9.9,102.2,26.37
2020,Season A,October,Nyamata,Beans,1.51,1.12,112.0,Hillside,Improved (RWR 2245),No,None,0.0,No,Rice,Medium,Adequate,No,No,7.4,Clay Soil,7.19,3.14,71.0,25.4,252.0,25.1,105.1,83.7,5.5,9.8,91.1,10.76
2023,Season B,February,Musenyi,Beans,1.73,1.32,132.0,Valley,Local Variety,No,None,0.0,No,Maize,Low,Limited,Yes,Yes,22.1,Loam,7.07,2.22,37.0,15.8,248.6,19.9,62.7,78.0,7.3,11.4,110.4,5.66
2022,Season B,February,Kamabuye,Maize,0.1,0.08,8.0,Valley,Local Variety,Yes,Mixed (Organic + Inorganic),0.43,No,Maize,Low,Adequate,Yes,No,9.2,Clay Soil,7.1,2.51,44.1,20.7,211.4,23.2,88.8,73.1,8.6,10.9,97.1,14.32
2023,Season A,November,Nyamata,Maize,2.64,2.52,252.0,Valley,Improved (WH507),Partial,Organic (Compost),0.57,No,Beans,Medium,Adequate,No,No,14.2,Clay Soil,7.03,3.32,74.2,25.7,254.7,24.5,84.7,77.2,7.2,11.1,95.4,17.89
2021,Season B,February,Ntarama,Rice,1.36,0.84,84.0,Valley,Improved (IR64 / NERICA),No,None,0.0,No,Beans,Medium,Limited,Yes,Yes,8.1,Sandy Soil,7.19,3.07,60.4,10.1,230.3,22.2,88.4,73.7,8.1,11.4,115.2,26.26
2021,Season A,November,Rilima,Rice,1.6,1.27,127.0,Flat,Hybrid (Komboka),Yes,Inorganic (NPK),1.33,No,Rice,Low,Sufficient,Yes,No,17.5,Sandy Soil,6.12,1.64,46.5,15.8,223.5,23.7,108.7,81.5,6.5,11.2,109.2,31.84
2022,Season B,March,Ngeruka,Rice,2.83,2.1,210.0,Valley,Local Variety,Yes,Organic (Compost),0.0,No,Maize,High,Adequate,Yes,No,13.8,Loam,6.97,2.77,74.4,21.5,194.9,22.1,113.5,75.3,6.8,11.2,103.1,16.73
2024,Season A,November,Ntarama,Rice,1.53,1.28,128.0,Valley,Improved (IR64 / NERICA),No,None,0.0,No,Cassava,Medium,Limited,Yes,No,24.7,Sandy Soil,7.09,2.91,62.0,7.5,253.1,23.8,141.9,82.6,7.0,11.0,98.8,29.3
2020,Season B,March,Ntarama,Rice,2.28,2.09,209.0,Hillside,Improved (IR64 / NERICA),No,None,0.0,Yes,Beans,Low,Adequate,Yes,Yes,24.9,Sandy Soil,7.14,2.82,63.0,11.4,241.6,22.9,119.4,67.2,7.0,10.1,100.6,32.3
2022,Season A,January,Mayange,Maize,1.02,0.96,96.0,Hillside,Improved (WH507),No,None,0.0,No,Maize,Low,Adequate,Yes,Yes,24.9,Sandy Loam,5.93,2.91,65.7,14.8,201.8,21.6,80.4,70.3,8.2,11.7,104.1,19.19
2021,Season A,November,Mareba,Maize,0.74,0.64,64.0,Hillside,Hybrid (H614D),Yes,Organic (Compost),0.0,No,Beans,Medium,Adequate,Yes,No,20.2,Sandy Loam,7.18,2.93,58.8,12.6,229.1,22.1,70.9,81.9,6.3,9.8,107.2,25.87
2021,Season B,April,Ngeruka,Beans,0.47,0.38,38.0,Valley,Improved (RWR 2245),Partial,Inorganic (NPK),0.28,Yes,Rice,Low,Sufficient,Yes,No,17.9,Loam,7.12,2.75,75.4,18.4,187.1,23.3,108.5,74.5,6.6,12.0,104.5,14.96
2020,Season A,October,Shyara,Maize,0.86,0.53,53.0,Flat,Local Variety,Yes,Inorganic (NPK),0.34,No,Fallow,Medium,Adequate,Yes,No,16.8,Sandy Loam,6.13,2.25,56.7,21.1,278.5,24.8,148.6,80.0,6.1,8.3,104.6,15.26
2022,Season B,June,Juru,Beans,1.81,1.22,122.0,Valley,Hybrid (MAC 44),Yes,Organic (Compost),0.0,Partial,Rice,Low,Adequate,Yes,Yes,12.5,Sandy Loam,6.93,2.55,49.3,24.5,193.7,22.0,38.0,69.5,8.5,11.7,103.3,8.8
2021,Season A,December,Mareba,Beans,1.23,0.84,84.0,Flat,Improved (RWR 2245),No,None,0.0,No,Beans,High,Adequate,No,No,8.6,Sandy Loam,7.04,3.16,66.9,12.4,231.2,21.9,59.2,72.0,7.4,9.3,104.3,9.29
2024,Season A,October,Mwogo,Beans,2.49,1.78,178.0,Valley,Improved (RWR 2245),Yes,Organic (Compost),0.0,No,Cassava,Medium,Adequate,Yes,No,21.3,Sandy Soil,6.01,2.06,65.9,23.6,163.2,25.4,141.8,74.2,7.1,9.1,93.7,12.58
2023,Season A,December,Nyamata,Rice,2.79,1.83,183.0,Hillside,Hybrid (Komboka),No,None,0.0,Partial,Maize,Medium,Sufficient,Yes,Yes,8.5,Clay Soil,6.97,3.1,80.6,27.3,249.8,23.0,85.6,79.5,7.3,9.8,112.9,22.49
2024,Season A,December,Shyara,Maize,2.49,1.65,165.0,Flat,Hybrid (H614D),Yes,Mixed (Organic + Inorganic),2.1,No,Beans,Low,Adequate,No,Yes,15.9,Sandy Loam,6.01,2.35,58.8,19.4,279.1,24.1,57.0,68.6,7.5,10.5,113.8,25.19
2023,Season A,January,Mayange,Maize,2.81,1.93,193.0,Valley,Improved (WH507),No,None,0.0,No,Maize,High,Sufficient,Yes,No,5.5,Sandy Loam,5.96,2.87,64.3,10.6,211.2,22.2,73.9,75.4,7.3,12.0,102.7,14.71
2020,Season A,November,Ngeruka,Rice,2.13,1.77,177.0,Hillside,Improved (IR64 / NERICA),Yes,Inorganic (NPK),1.95,Yes,Cassava,High,Sufficient,Yes,No,6.7,Loam,6.99,2.83,73.2,19.3,189.1,24.0,81.4,74.4,6.0,11.6,103.4,37.76
2023,Season A,December,Shyara,Rice,2.09,1.68,168.0,Flat,Local Variety,Yes,Organic (Compost),0.0,No,Rice,High,Adequate,Yes,No,24.7,Sandy Loam,6.08,2.49,56.3,18.9,265.6,22.5,92.7,77.7,7.7,11.6,99.4,19.14
2023,Season A,December,Rweru,Rice,0.42,0.33,33.0,Valley,Hybrid (Komboka),No,None,0.0,No,Cassava,High,Adequate,Yes,Yes,17.8,Clay Soil,7.09,2.81,67.4,12.2,179.0,21.8,108.8,64.6,7.9,11.4,98.4,21.66
2023,Season A,September,Ruhuha,Beans,2.42,1.71,171.0,Valley,Improved (RWR 2245),No,None,0.0,No,Cassava,Low,Adequate,No,No,9.7,Sandy Loam,7.01,2.65,64.2,18.2,182.5,24.5,72.4,81.0,7.2,9.8,106.6,11.8
2023,Season B,May,Nyarugenge,Beans,2.24,1.51,151.0,Flat,Hybrid (MAC 44),Yes,Inorganic (NPK),0.97,Partial,Maize,Low,Adequate,No,Yes,13.8,Clay Soil,6.22,2.15,38.4,24.3,197.2,22.8,94.4,69.5,6.8,12.0,107.1,11.54
2024,Season B,June,Rweru,Rice,1.1,0.67,67.0,Valley,Hybrid (Komboka),No,None,0.0,Partial,Cassava,Medium,Adequate,No,Yes,14.0,Clay Soil,6.85,2.64,65.7,12.0,190.6,21.7,46.8,67.8,8.8,12.1,117.7,19.06
2023,Season A,October,Nyamata,Maize,2.19,1.52,152.0,Hillside,Improved (WH507),Partial,Inorganic (NPK),0.47,Yes,Maize,Low,Sufficient,Yes,No,11.5,Clay Soil,7.22,3.06,73.7,24.5,244.7,25.6,121.0,78.5,6.1,8.7,96.1,20.22
2024,Season A,December,Mwogo,Beans,0.59,0.37,37.0,Flat,Hybrid (MAC 44),No,None,0.0,No,Maize,High,Adequate,No,Yes,6.2,Sandy Soil,5.84,2.16,72.2,21.3,168.3,21.9,90.7,73.6,7.2,11.9,123.5,8.38
2020,Season B,March,Gashora,Beans,0.68,0.57,57.0,Valley,Hybrid (MAC 44),No,None,0.0,Partial,Cassava,Medium,Sufficient,Yes,No,8.5,Loam,6.47,2.31,47.5,22.2,189.0,20.3,88.6,80.2,7.9,12.0,100.4,9.62
2023,Season A,December,Rilima,Rice,1.76,1.5,150.0,Hillside,Improved (IR64 / NERICA),Yes,Organic (Compost),0.0,No,Beans,High,Adequate,Yes,No,9.9,Sandy Soil,6.03,1.54,40.9,15.6,215.2,22.4,104.3,67.2,8.3,12.2,115.2,36.55
2022,Season A,December,Juru,Maize,0.3,0.28,28.0,Flat,Improved (WH507),Yes,Mixed (Organic + Inorganic),1.03,No,Maize,Low,Sufficient,Yes,No,11.3,Sandy Loam,6.8,2.55,47.4,22.6,173.5,21.1,113.0,74.8,7.3,10.8,106.2,22.88
2023,Season A,October,Shyara,Beans,1.61,1.18,118.0,Flat,Improved (RWR 2245),No,None,0.0,Yes,Rice,Low,Adequate,No,Yes,24.8,Sandy Loam,6.13,2.32,54.1,22.0,280.6,24.6,89.6,84.8,6.7,9.9,92.7,12.89
2022,Season B,March,Rweru,Rice,2.31,1.72,172.0,Hillside,Improved (IR64 / NERICA),Yes,Mixed (Organic + Inorganic),0.66,No,Maize,Medium,Sufficient,No,No,13.5,Clay Soil,6.94,2.35,68.4,16.0,183.7,22.1,79.0,73.1,7.0,9.4,103.0,31.08
2021,Season A,November,Rilima,Beans,1.55,1.36,136.0,Hillside,Hybrid (MAC 44),Yes,Inorganic (NPK),0.32,No,Cassava,Medium,Limited,No,No,14.7,Sandy Soil,6.05,1.56,46.9,17.2,204.8,23.7,112.5,79.2,6.6,12.7,107.1,8.85
2023,Season B,April,Rilima,Rice,1.29,0.94,94.0,Flat,Hybrid (Komboka),Partial,Inorganic (NPK),0.69,No,Beans,Medium,Adequate,Yes,No,8.8,Sandy Soil,5.97,1.77,43.8,12.7,207.3,23.0,76.1,75.0,7.3,11.6,104.7,22.02
2024,Season B,June,Rilima,Maize,2.35,1.66,166.0,Flat,Hybrid (H614D),No,None,0.0,Partial,Maize,Low,Limited,Yes,No,22.1,Sandy Soil,6.13,1.99,37.3,15.2,216.6,23.4,33.2,74.9,7.9,12.3,106.5,18.69
2024,Season B,February,Rilima,Rice,1.42,1.26,126.0,Flat,Improved (IR64 / NERICA),No,None,0.0,No,Beans,Medium,Adequate,Yes,Yes,5.7,Sandy Soil,5.95,1.78,41.2,14.1,222.4,19.9,95.3,77.3,7.6,10.8,122.5,29.81
2022,Season B,May,Mareba,Beans,2.12,1.79,179.0,Valley,Hybrid (MAC 44),No,None,0.0,No,Rice,Medium,Limited,No,No,21.3,Sandy Loam,6.94,2.64,71.9,10.1,243.4,22.0,107.4,72.5,7.2,9.2,105.1,7.86
2021,Season B,June,Rweru,Rice,2.06,1.31,131.0,Valley,Improved (IR64 / NERICA),No,None,0.0,Yes,Cassava,Medium,Sufficient,No,No,14.1,Clay Soil,6.84,2.41,72.3,12.5,199.8,22.7,45.4,59.9,7.0,13.1,122.1,23.38
2020,Season A,January,Nyamata,Rice,1.94,1.87,187.0,Hillside,Hybrid (Komboka),Yes,Mixed (Organic + Inorganic),2.86,No,Maize,High,Adequate,No,No,12.5,Clay Soil,7.35,2.84,79.3,27.5,244.7,23.6,49.5,78.3,8.9,10.0,96.4,20.13
2022,Season B,February,Ruhuha,Maize,0.85,0.67,67.0,Flat,Local Variety,No,None,0.0,No,Beans,High,Adequate,Yes,No,23.2,Sandy Loam,6.81,2.71,64.1,18.9,189.0,22.6,76.0,76.5,7.9,10.2,121.5,10.45
2021,Season B,March,Rilima,Rice,2.43,1.76,176.0,Valley,Improved (IR64 / NERICA),No,None,0.0,No,Maize,Medium,Adequate,Yes,No,14.9,Sandy Soil,5.9,1.74,43.9,15.5,196.0,22.4,100.4,78.1,6.6,12.4,113.7,29.73
2020,Season A,November,Ngeruka,Beans,2.72,2.48,248.0,Valley,Local Variety,Yes,Organic (Compost),0.0,No,Rice,Low,Adequate,No,Yes,21.9,Loam,6.9,2.83,78.5,20.0,208.5,24.4,117.1,85.9,6.9,9.8,108.4,7.79
2020,Season B,April,Mareba,Rice,0.28,0.22,22.0,Valley,Hybrid (Komboka),No,None,0.0,No,Fallow,Low,Limited,No,Yes,5.4,Sandy Loam,6.96,3.16,65.2,13.4,228.1,23.2,65.1,73.1,6.9,11.8,96.2,16.47
2024,Season B,March,Nyamata,Rice,0.59,0.54,54.0,Hillside,Local Variety,Yes,Mixed (Organic + Inorganic),2.56,No,Maize,High,Sufficient,Yes,No,15.2,Clay Soil,7.07,3.18,72.4,23.3,244.6,22.1,72.5,74.0,6.7,8.8,126.9,15.65
2024,Season A,December,Mwogo,Beans,1.92,1.68,168.0,Valley,Hybrid (MAC 44),Yes,Inorganic (NPK),1.21,No,Beans,High,Limited,Yes,No,6.6,Sandy Soil,6.06,2.05,67.1,20.6,153.7,22.8,77.0,75.8,7.5,12.5,96.8,8.88
2024,Season A,September,Mareba,Beans,1.55,1.03,103.0,Valley,Improved (RWR 2245),Yes,Inorganic (NPK),0.83,No,Rice,High,Adequate,No,No,8.1,Sandy Loam,7.09,2.78,63.0,9.0,237.1,23.6,51.0,80.2,7.3,10.5,115.0,13.36
2024,Season B,May,Rweru,Rice,1.7,1.19,119.0,Valley,Hybrid (Komboka),Partial,Inorganic (NPK),0.13,Partial,Rice,Medium,Adequate,Yes,No,11.8,Clay Soil,7.0,2.64,68.8,11.2,197.6,24.4,76.1,75.7,7.5,11.2,101.9,21.67
2023,Season A,December,Shyara,Rice,0.77,0.47,47.0,Flat,Improved (IR64 / NERICA),Partial,Inorganic (NPK),0.78,No,Cassava,Low,Sufficient,No,No,20.6,Sandy Loam,6.06,2.13,64.0,21.0,263.0,23.2,89.9,76.2,7.0,10.5,101.3,37.87
2023,Season B,June,Musenyi,Maize,1.05,0.91,91.0,Hillside,Local Variety,No,None,0.0,No,Fallow,Low,Sufficient,Yes,Yes,12.3,Loam,7.07,2.43,38.9,16.2,267.3,23.4,32.1,63.6,9.0,10.5,111.6,8.93
2023,Season A,January,Mareba,Maize,0.2,0.13,13.0,Hillside,Hybrid (H614D),Partial,Inorganic (NPK),0.34,No,Beans,Medium,Limited,Yes,No,6.0,Sandy Loam,7.16,3.01,63.0,10.4,233.5,22.1,61.7,76.4,7.3,10.1,110.1,23.21
2022,Season B,April,Rilima,Rice,2.27,1.81,181.0,Hillside,Improved (IR64 / NERICA),Yes,Organic (Compost),0.0,Partial,Rice,High,Limited,Yes,Yes,20.5,Sandy Soil,6.2,1.61,38.4,17.7,207.8,23.3,126.1,81.7,6.3,10.8,92.2,31.34
2020,Season A,October,Shyara,Beans,2.73,2.03,203.0,Flat,Local Variety,No,None,0.0,No,Beans,High,Sufficient,Yes,No,12.9,Sandy Loam,6.05,2.43,55.3,22.9,263.6,23.2,118.2,90.5,6.6,9.6,103.7,5.31
2020,Season A,January,Gashora,Maize,2.75,2.16,216.0,Flat,Local Variety,Yes,Mixed (Organic + Inorganic),1.08,Partial,Beans,Low,Adequate,Yes,No,5.4,Loam,6.35,2.12,49.7,28.7,178.0,21.4,43.8,82.6,7.4,11.6,113.5,16.01
2024,Season B,June,Shyara,Maize,0.61,0.54,54.0,Hillside,Local Variety,No,None,0.0,No,Maize,High,Sufficient,Yes,No,18.8,Sandy Loam,6.09,2.35,57.0,21.8,280.9,21.6,39.4,71.3,9.0,11.0,102.3,8.14
2023,Season A,December,Nyamata,Maize,1.86,1.44,144.0,Flat,Improved (WH507),No,None,0.0,Yes,Rice,High,Limited,Yes,No,24.2,Clay Soil,7.05,3.7,73.4,24.9,265.0,23.7,82.2,63.6,7.5,11.3,114.1,15.79
2023,Season A,January,Nyamata,Rice,2.75,2.42,242.0,Valley,Improved (IR64 / NERICA),Yes,Mixed (Organic + Inorganic),0.51,Yes,Maize,Low,Adequate,Yes,No,11.7,Clay Soil,7.24,3.06,80.7,22.2,255.4,24.3,50.4,71.8,8.0,11.6,123.8,33.77
2022,Season A,October,Mwogo,Maize,0.16,0.11,11.0,Flat,Hybrid (H614D),No,None,0.0,No,Fallow,Medium,Limited,Yes,No,13.6,Sandy Soil,6.08,2.03,74.2,23.5,153.2,24.1,123.5,81.7,6.4,9.3,115.0,23.15
2023,Season A,September,Shyara,Rice,2.06,2.04,204.0,Valley,Improved (IR64 / NERICA),Partial,Organic (Compost),0.37,No,Beans,High,Limited,No,No,22.2,Sandy Loam,6.1,2.24,57.0,21.7,270.7,24.4,70.8,73.7,7.9,12.6,125.0,28.37
2023,Season A,September,Shyara,Maize,0.57,0.48,48.0,Valley,Local Variety,Partial,Inorganic (NPK),0.27,No,Rice,Medium,Sufficient,Yes,No,21.3,Sandy Loam,6.05,2.23,53.5,17.2,269.8,22.5,71.9,82.7,7.3,12.2,120.5,13.33
2022,Season A,November,Shyara,Maize,1.36,1.15,115.0,Valley,Improved (WH507),Yes,Mixed (Organic + Inorganic),2.15,No,Beans,Low,Sufficient,Yes,No,8.3,Sandy Loam,6.02,2.47,55.4,19.6,279.2,22.3,124.6,83.2,6.4,11.5,93.0,26.74
2020,Season B,March,Musenyi,Beans,1.28,1.19,119.0,Valley,Hybrid (MAC 44),No,None,0.0,No,Beans,Medium,Sufficient,Yes,No,21.5,Loam,7.15,2.53,46.6,13.6,258.3,21.9,88.3,72.1,7.3,11.3,110.5,8.47
2024,Season B,March,Nyarugenge,Maize,0.77,0.59,59.0,Valley,Hybrid (H614D),No,None,0.0,No,Cassava,Low,Sufficient,Yes,No,7.6,Clay Soil,6.26,2.28,45.2,20.0,204.8,24.7,57.2,76.5,7.6,10.6,106.2,18.08
2024,Season B,April,Gashora,Rice,1.96,1.49,149.0,Valley,Hybrid (Komboka),Yes,Organic (Compost),0.0,No,Rice,High,Sufficient,Yes,No,16.8,Loam,6.35,2.25,47.8,23.8,182.2,22.7,102.5,81.2,6.4,12.5,100.1,19.31
2021,Season A,October,Musenyi,Beans,1.25,0.99,99.0,Valley,Hybrid (MAC 44),Yes,Mixed (Organic + Inorganic),0.4,No,Beans,Low,Adequate,Yes,Yes,12.0,Loam,7.06,2.47,40.5,14.8,253.3,25.2,72.6,76.0,6.7,10.5,110.1,9.88
2020,Season A,September,Gashora,Maize,1.24,1.01,101.0,Valley,Improved (WH507),Partial,Inorganic (NPK),0.33,No,Rice,Low,Limited,Yes,No,16.5,Loam,6.54,2.35,48.9,24.2,184.4,25.4,109.1,78.1,7.9,11.1,103.9,18.34
2022,Season A,November,Mwogo,Rice,0.3,0.21,21.0,Valley,Hybrid (Komboka),No,None,0.0,Yes,Maize,Medium,Adequate,No,No,15.9,Sandy Soil,6.14,2.02,68.4,19.2,146.2,23.6,98.2,72.1,7.1,11.2,90.4,24.71
2020,Season A,December,Juru,Maize,0.33,0.32,32.0,Flat,Hybrid (H614D),Partial,Organic (Compost),0.38,No,Fallow,Medium,Sufficient,Yes,No,19.5,Sandy Loam,6.78,2.57,51.2,23.0,187.8,22.0,85.0,73.0,7.3,12.2,96.8,23.87
2024,Season A,November,Gashora,Rice,1.75,1.56,156.0,Flat,Local Variety,No,None,0.0,No,Fallow,Low,Adequate,Yes,No,9.4,Loam,6.71,2.06,47.6,23.7,210.9,24.6,108.3,81.0,6.1,10.8,117.9,23.97
2024,Season A,September,Ngeruka,Beans,2.76,2.25,225.0,Hillside,Improved (RWR 2245),Partial,Inorganic (NPK),0.71,No,Maize,Low,Adequate,Yes,Yes,13.4,Loam,6.97,2.57,74.7,22.6,193.2,23.9,98.9,85.0,7.2,11.8,113.4,13.95
2023,Season B,April,Shyara,Beans,2.05,2.05,205.0,Flat,Hybrid (MAC 44),Yes,Organic (Compost),0.0,No,Beans,High,Sufficient,Yes,No,14.0,Sandy Loam,6.2,2.43,56.3,20.3,256.7,24.8,135.6,83.2,6.6,11.0,98.3,8.28
2023,Season A,December,Juru,Beans,2.31,2.24,224.0,Flat,Hybrid (MAC 44),Yes,Organic (Compost),0.0,No,Maize,Medium,Adequate,Yes,No,7.0,Sandy Loam,6.76,2.63,48.4,23.9,165.0,22.2,60.2,85.8,7.6,11.8,121.9,10.2
2020,Season B,March,Nyarugenge,Maize,2.28,2.06,206.0,Flat,Local Variety,Yes,Organic (Compost),0.0,Yes,Beans,Medium,Adequate,Yes,No,22.1,Clay Soil,6.14,2.01,36.2,18.8,189.9,20.4,75.8,77.9,7.4,8.2,120.3,13.9
2022,Season A,October,Shyara,Beans,2.04,1.73,173.0,Valley,Improved (RWR 2245),Partial,Inorganic (NPK),0.49,No,Cassava,Medium,Adequate,Yes,No,21.9,Sandy Loam,6.24,2.31,50.3,21.0,272.9,25.0,81.6,84.8,6.0,11.1,94.7,13.25
2023,Season A,January,Ngeruka,Beans,2.15,1.33,133.0,Valley,Hybrid (MAC 44),Partial,Inorganic (NPK),0.62,Yes,Cassava,Medium,Adequate,No,No,17.1,Loam,6.96,2.54,76.0,18.5,187.7,20.6,89.0,78.5,7.6,12.3,100.2,10.7
2020,Season B,June,Gashora,Rice,1.87,1.35,135.0,Valley,Improved (IR64 / NERICA),Partial,Inorganic (NPK),0.43,No,Maize,Medium,Adequate,No,No,9.3,Loam,6.32,1.96,48.6,25.7,185.3,24.5,48.4,72.4,7.5,12.4,114.5,23.04
2021,Season B,February,Juru,Maize,0.21,0.19,19.0,Flat,Improved (WH507),Yes,Mixed (Organic + Inorganic),1.59,Partial,Cassava,Low,Adequate,Yes,Yes,23.6,Sandy Loam,7.15,2.73,46.3,26.5,163.4,21.9,64.8,72.0,7.2,11.3,116.4,19.65
2020,Season A,September,Juru,Rice,2.78,2.06,206.0,Flat,Local Variety,No,None,0.0,No,Rice,Medium,Adequate,Yes,Yes,9.4,Sandy Loam,6.88,2.64,47.6,21.6,178.9,22.6,107.9,73.5,8.1,11.1,97.2,20.38
2024,Season A,September,Ngeruka,Rice,1.24,1.03,103.0,Valley,Hybrid (Komboka),No,None,0.0,Yes,Beans,Medium,Sufficient,No,No,20.8,Loam,7.09,2.75,68.2,15.4,200.0,26.0,93.3,65.9,8.6,12.6,108.3,24.01
2024,Season A,December,Gashora,Rice,1.0,0.93,93.0,Flat,Local Variety,No,None,0.0,No,Maize,Low,Sufficient,No,No,19.5,Loam,6.49,1.79,49.5,22.1,196.6,21.9,79.5,66.2,7.6,11.8,112.9,17.91
2023,Season A,November,Ruhuha,Rice,2.45,1.72,172.0,Hillside,Improved (IR64 / NERICA),No,None,0.0,No,Beans,Low,Limited,Yes,Yes,19.4,Sandy Loam,7.15,2.3,61.7,15.4,193.7,23.0,107.8,80.8,7.3,10.1,92.0,32.37
2020,Season B,May,Rilima,Beans,2.38,2.09,209.0,Flat,Improved (RWR 2245),No,None,0.0,Yes,Beans,Medium,Limited,Yes,No,23.5,Sandy Soil,6.02,1.78,43.6,17.0,203.5,23.5,100.7,77.1,6.8,11.7,117.9,11.89
2021,Season A,January,Mareba,Beans,0.93,0.66,66.0,Valley,Hybrid (MAC 44),Yes,Inorganic (NPK),1.47,No,Maize,High,Limited,Yes,No,24.2,Sandy Loam,7.05,2.96,62.3,10.3,234.9,20.8,76.0,74.5,7.5,10.1,99.2,9.01
2021,Season A,October,Gashora,Rice,0.26,0.25,25.0,Valley,Improved (IR64 / NERICA),Yes,Mixed (Organic + Inorganic),0.31,Yes,Maize,Medium,Adequate,No,Yes,7.3,Loam,6.56,1.99,49.5,24.5,201.6,24.5,153.0,70.2,5.8,8.4,88.5,43.56
2022,Season A,October,Nyamata,Rice,0.22,0.16,16.0,Valley,Local Variety,No,None,0.0,No,Fallow,Medium,Limited,Yes,No,9.8,Clay Soil,7.22,3.21,79.2,24.5,248.4,24.5,69.5,79.7,5.7,10.2,92.2,17.1
2021,Season A,November,Rilima,Rice,2.74,1.79,179.0,Valley,Hybrid (Komboka),Partial,Inorganic (NPK),0.29,No,Fallow,Medium,Limited,No,No,12.1,Sandy Soil,6.14,1.97,45.2,21.3,216.7,23.9,75.1,81.1,7.1,10.6,106.3,21.16
2020,Season A,October,Rweru,Beans,2.01,1.51,151.0,Flat,Hybrid (MAC 44),Yes,Organic (Compost),0.0,Yes,Fallow,Low,Adequate,No,Yes,22.3,Clay Soil,7.06,2.52,65.0,14.8,203.3,21.0,124.3,79.8,6.0,8.9,109.1,10.74
2023,Season A,January,Gashora,Beans,1.5,1.19,119.0,Flat,Local Variety,Yes,Mixed (Organic + Inorganic),0.81,Partial,Cassava,Low,Adequate,No,Yes,19.5,Loam,6.46,1.96,50.3,28.8,185.7,21.5,83.5,68.2,7.5,10.8,100.5,9.36
2022,Season A,November,Mwogo,Maize,2.6,1.73,173.0,Hillside,Local Variety,No,None,0.0,Partial,Cassava,Low,Sufficient,Yes,Yes,19.4,Sandy Soil,6.01,1.99,67.6,21.1,171.2,21.5,76.7,76.2,6.8,9.4,104.5,13.5
2024,Season A,November,Gashora,Maize,1.07,0.78,78.0,Flat,Local Variety,Partial,Organic (Compost),0.18,No,Beans,Low,Adequate,Yes,No,14.0,Loam,6.63,2.05,47.4,22.7,206.5,23.3,101.8,78.3,7.6,9.1,90.6,15.28
2023,Season B,May,Rilima,Maize,2.3,1.63,163.0,Flat,Improved (WH507),Yes,Organic (Compost),0.0,No,Maize,Medium,Adequate,No,No,22.9,Sandy Soil,6.2,1.71,44.0,14.9,204.5,23.2,84.1,70.6,7.0,10.3,111.3,20.62
2020,Season B,April,Rweru,Rice,0.11,0.07,7.0,Flat,Hybrid (Komboka),Partial,Inorganic (NPK),0.57,Yes,Rice,High,Adequate,Yes,No,10.0,Clay Soil,6.78,2.46,59.4,11.3,202.6,25.2,111.6,83.1,7.0,10.3,96.0,23.59
2023,Season B,April,Rilima,Maize,0.73,0.46,46.0,Flat,Local Variety,Yes,Mixed (Organic + Inorganic),1.71,No,Cassava,Low,Adequate,Yes,No,24.8,Sandy Soil,6.11,1.96,46.6,13.9,199.1,22.6,106.5,76.8,7.2,11.9,120.3,18.79
2021,Season B,May,Ruhuha,Beans,1.68,1.05,105.0,Flat,Local Variety,Partial,Inorganic (NPK),0.41,No,Rice,Medium,Sufficient,Yes,No,12.5,Sandy Loam,7.16,2.47,64.0,21.2,178.4,22.8,95.5,75.0,6.8,9.7,97.3,6.64
2020,Season A,January,Rweru,Maize,2.3,2.21,221.0,Flat,Local Variety,Yes,Organic (Compost),0.0,No,Fallow,Low,Adequate,Yes,No,9.5,Clay Soil,7.14,2.66,62.9,13.7,192.0,22.2,59.7,70.8,7.3,11.1,92.4,12.57
2022,Season B,May,Mareba,Rice,1.58,1.48,148.0,Valley,Improved (IR64 / NERICA),Partial,Inorganic (NPK),0.44,No,Beans,Low,Limited,Yes,No,6.6,Sandy Loam,7.16,3.08,61.9,9.7,231.3,22.9,64.5,83.5,7.3,10.2,98.8,26.39
2020,Season A,November,Juru,Maize,1.73,1.37,137.0,Valley,Improved (WH507),No,None,0.0,No,Cassava,Low,Limited,No,Yes,8.2,Sandy Loam,6.86,2.72,50.4,24.9,182.0,21.0,108.2,71.4,7.8,11.1,105.3,14.61
2024,Season A,September,Gashora,Rice,1.71,1.31,131.0,Flat,Improved (IR64 / NERICA),Yes,Inorganic (NPK),2.71,No,Maize,Low,Adequate,Yes,No,24.1,Loam,6.41,2.18,46.2,22.1,181.1,24.0,82.5,74.5,7.8,12.6,115.9,38.6
2023,Season A,November,Nyamata,Beans,1.17,0.89,89.0,Flat,Local Variety,Yes,Inorganic (NPK),1.08,No,Rice,Medium,Sufficient,Yes,No,5.2,Clay Soil,6.97,2.98,78.8,20.9,253.7,23.8,95.3,76.7,6.9,11.7,104.9,8.52
2021,Season A,January,Mwogo,Rice,1.93,1.25,125.0,Valley,Improved (IR64 / NERICA),Yes,Inorganic (NPK),2.19,Partial,Maize,Medium,Sufficient,No,Yes,23.9,Sandy Soil,6.13,2.02,65.5,20.2,160.8,22.0,82.0,84.4,8.5,11.1,107.3,37.22
2023,Season A,November,Mayange,Beans,1.95,1.83,183.0,Valley,Hybrid (MAC 44),Partial,Inorganic (NPK),0.53,Yes,Beans,Medium,Limited,No,No,10.3,Sandy Loam,5.98,2.67,61.3,13.6,218.4,21.5,133.5,83.1,6.8,8.9,97.4,9.57
2024,Season B,April,Nyamata,Beans,0.91,0.6,60.0,Hillside,Hybrid (MAC 44),Yes,Mixed (Organic + Inorganic),1.25,No,Fallow,Low,Adequate,No,No,15.8,Clay Soil,7.05,3.0,79.9,25.1,250.9,22.8,69.5,83.2,6.5,10.4,103.3,10.23
2022,Season A,September,Gashora,Maize,0.88,0.67,67.0,Hillside,Hybrid (H614D),Yes,Mixed (Organic + Inorganic),2.3,Yes,Maize,Medium,Adequate,No,No,13.9,Loam,6.35,2.05,47.5,23.8,198.6,26.6,80.3,70.5,7.5,11.9,106.6,28.19
2024,Season B,March,Juru,Maize,2.86,2.49,249.0,Flat,Hybrid (H614D),Yes,Inorganic (NPK),0.71,Partial,Beans,Low,Adequate,Yes,Yes,18.5,Sandy Loam,6.87,2.78,44.8,25.0,178.8,20.3,105.2,83.9,7.1,12.0,116.7,29.22
2024,Season B,April,Shyara,Rice,2.87,1.79,179.0,Valley,Local Variety,Yes,Inorganic (NPK),0.52,No,Rice,Medium,Sufficient,No,No,14.7,Sandy Loam,6.01,2.05,56.9,20.5,267.9,24.2,96.5,86.4,7.0,10.9,95.6,18.17
2024,Season B,February,Kamabuye,Rice,1.99,1.89,189.0,Valley,Hybrid (Komboka),Yes,Mixed (Organic + Inorganic),2.48,Partial,Fallow,Medium,Sufficient,No,Yes,5.4,Clay Soil,7.18,2.38,43.9,18.3,200.8,23.0,46.5,75.9,7.4,10.7,99.9,21.82
2022,Season B,February,Juru,Maize,2.2,1.52,152.0,Hillside,Improved (WH507),Yes,Inorganic (NPK),1.94,No,Beans,Medium,Limited,Yes,Yes,20.0,Sandy Loam,6.87,2.65,49.3,23.8,176.3,23.6,59.0,69.5,7.7,12.7,116.2,17.11
2023,Season B,May,Mareba,Beans,2.03,1.62,162.0,Flat,Local Variety,No,None,0.0,No,Fallow,High,Adequate,Yes,No,9.3,Sandy Loam,7.3,2.93,64.3,12.8,241.8,23.4,95.1,80.8,6.6,9.7,90.0,5.98
2023,Season A,October,Nyarugenge,Rice,2.35,2.26,226.0,Valley,Hybrid (Komboka),Yes,Inorganic (NPK),2.82,No,Maize,Low,Sufficient,No,Yes,19.2,Clay Soil,6.19,2.35,37.3,18.7,198.7,24.6,78.7,72.5,6.4,10.1,113.0,29.78
2023,Season B,June,Mareba,Rice,2.94,2.7,270.0,Valley,Local Variety,No,None,0.0,No,Maize,Low,Adequate,Yes,No,11.2,Sandy Loam,6.95,3.15,60.5,13.0,232.0,23.1,32.7,66.9,8.9,13.4,117.6,12.87
2022,Season A,January,Mareba,Maize,1.85,1.5,150.0,Flat,Improved (WH507),Partial,Inorganic (NPK),0.56,No,Rice,Medium,Sufficient,Yes,Yes,6.9,Sandy Loam,6.97,2.83,63.8,12.7,230.4,21.8,90.5,75.4,7.8,12.4,112.9,18.36
2024,Season A,October,Juru,Maize,0.2,0.13,13.0,Flat,Improved (WH507),No,None,0.0,No,Cassava,Medium,Adequate,Yes,Yes,11.5,Sandy Loam,6.82,2.82,43.6,24.9,181.1,24.2,99.9,90.1,6.4,10.0,110.7,16.43
2022,Season A,January,Ruhuha,Maize,0.66,0.51,51.0,Valley,Improved (WH507),No,None,0.0,Yes,Fallow,Low,Adequate,No,No,15.0,Sandy Loam,6.97,2.37,62.3,14.8,184.3,22.7,72.2,70.5,7.6,10.2,118.1,17.44
2022,Season A,September,Mwogo,Rice,1.37,0.82,82.0,Valley,Hybrid (Komboka),No,None,0.0,No,Maize,Medium,Adequate,Yes,Yes,21.3,Sandy Soil,5.88,2.03,66.8,22.6,167.5,24.6,109.2,73.5,6.6,11.7,116.8,28.29
2021,Season B,June,Nyamata,Beans,2.37,1.48,148.0,Flat,Hybrid (MAC 44),Yes,Inorganic (NPK),0.65,Yes,Maize,Low,Limited,No,No,24.6,Clay Soil,7.15,3.44,74.1,22.8,257.2,22.6,29.8,70.2,7.0,12.8,132.4,8.61
2023,Season B,February,Musenyi,Beans,2.12,1.6,160.0,Flat,Improved (RWR 2245),Partial,Organic (Compost),0.12,No,Maize,Medium,Sufficient,Yes,Yes,8.8,Loam,7.08,2.55,36.1,12.0,264.5,22.7,52.8,68.4,8.0,9.4,112.6,12.78
2023,Season A,October,Mareba,Maize,2.18,1.66,166.0,Hillside,Local Variety,Partial,Inorganic (NPK),0.7,No,Beans,Low,Sufficient,Yes,No,13.5,Sandy Loam,7.11,3.38,63.2,13.2,245.3,24.0,73.7,77.7,7.2,9.2,86.8,15.15
2022,Season A,September,Nyarugenge,Rice,2.56,2.06,206.0,Hillside,Hybrid (Komboka),Yes,Organic (Compost),0.0,Yes,Maize,Low,Adequate,Yes,No,18.5,Clay Soil,6.28,2.38,34.6,23.2,200.6,25.6,73.5,72.0,8.4,10.7,121.6,29.04
2021,Season A,September,Mareba,Beans,1.63,1.06,106.0,Valley,Hybrid (MAC 44),Yes,Inorganic (NPK),0.83,No,Rice,Medium,Adequate,Yes,No,12.5,Sandy Loam,7.1,2.98,63.1,11.8,230.4,23.9,105.9,79.7,7.2,12.9,112.9,10.86
2020,Season A,September,Shyara,Beans,0.59,0.39,39.0,Flat,Hybrid (MAC 44),Partial,Inorganic (NPK),0.55,No,Cassava,Low,Sufficient,Yes,No,16.1,Sandy Loam,6.17,2.38,60.0,19.7,261.6,24.4,67.3,65.1,7.3,12.6,106.5,10.28
2022,Season A,October,Ntarama,Beans,2.59,2.27,227.0,Valley,Improved (RWR 2245),Yes,Inorganic (NPK),0.56,Yes,Beans,Low,Sufficient,Yes,Yes,22.0,Sandy Soil,6.99,2.99,61.7,10.7,234.9,23.4,145.1,83.8,5.9,10.6,109.8,16.43
2024,Season A,November,Nyarugenge,Maize,2.66,2.02,202.0,Hillside,Improved (WH507),No,None,0.0,Partial,Maize,Medium,Adequate,No,Yes,10.9,Clay Soil,6.28,2.39,41.7,24.5,201.1,23.2,61.7,75.0,6.9,10.4,103.7,16.71
2024,Season B,April,Ngeruka,Rice,0.34,0.24,24.0,Valley,Improved (IR64 / NERICA),No,None,0.0,No,Beans,Low,Adequate,Yes,No,11.3,Loam,6.84,2.6,77.8,21.1,197.1,23.5,76.1,81.0,7.0,9.8,92.7,25.16
2024,Season A,January,Mwogo,Rice,0.25,0.19,19.0,Flat,Hybrid (Komboka),Partial,Organic (Compost),0.7,No,Beans,Low,Limited,Yes,No,11.7,Sandy Soil,6.01,2.02,69.6,19.2,156.3,23.4,50.5,67.0,7.5,11.1,112.0,25.81
2021,Season B,April,Ruhuha,Rice,2.21,1.47,147.0,Flat,Improved (IR64 / NERICA),No,None,0.0,No,Maize,High,Sufficient,Yes,Yes,20.1,Sandy Loam,7.19,2.43,64.7,17.2,185.9,23.8,83.3,74.4,5.6,11.5,115.3,27.5
2024,Season B,March,Rilima,Beans,2.55,1.83,183.0,Hillside,Hybrid (MAC 44),Yes,Organic (Compost),0.0,Yes,Cassava,High,Adequate,Yes,Yes,11.6,Sandy Soil,6.0,1.69,47.8,16.3,217.0,24.3,83.7,77.6,7.2,10.3,114.9,8.62
2023,Season B,June,Nyamata,Rice,1.61,1.43,143.0,Flat,Local Variety,Yes,Mixed (Organic + Inorganic),0.64,No,Maize,Low,Adequate,No,Yes,11.9,Clay Soil,6.96,3.16,74.2,23.9,247.4,21.4,26.4,71.1,7.9,12.0,130.5,15.75
2024,Season A,November,Nyarugenge,Maize,2.76,2.33,233.0,Hillside,Improved (WH507),Partial,Organic (Compost),0.39,No,Beans,Low,Sufficient,No,No,7.9,Clay Soil,6.37,2.17,41.2,20.3,192.1,21.0,101.6,74.2,7.2,11.1,91.9,23.33
2023,Season B,June,Gashora,Beans,0.46,0.29,29.0,Flat,Local Variety,No,None,0.0,No,Fallow,High,Adequate,Yes,Yes,9.5,Loam,6.44,2.34,46.1,24.7,193.6,20.6,38.4,76.8,9.0,12.6,113.7,4.04
2024,Season A,September,Rweru,Rice,1.34,0.83,83.0,Flat,Hybrid (Komboka),Yes,Mixed (Organic + Inorganic),1.89,No,Beans,Low,Adequate,No,No,17.6,Clay Soil,6.95,2.56,67.7,10.7,188.0,26.9,69.6,71.9,7.2,11.2,128.9,28.1
2020,Season A,December,Juru,Maize,0.33,0.21,21.0,Flat,Improved (WH507),Partial,Inorganic (NPK),0.14,No,Maize,Low,Adequate,Yes,Yes,17.2,Sandy Loam,6.79,2.74,48.2,24.8,172.3,22.6,64.4,70.5,7.2,10.7,99.5,18.05
2023,Season A,January,Juru,Rice,1.02,0.89,89.0,Hillside,Local Variety,Yes,Inorganic (NPK),2.48,Yes,Rice,High,Limited,Yes,No,12.2,Sandy Loam,6.85,2.2,49.0,20.8,165.3,23.7,91.3,60.6,8.5,11.8,102.1,19.88
2024,Season B,May,Gashora,Beans,0.92,0.83,83.0,Hillside,Local Variety,No,None,0.0,Partial,Rice,Medium,Sufficient,No,No,8.6,Loam,6.69,1.93,50.3,24.3,192.4,23.2,66.4,80.8,8.0,9.8,101.3,6.22
2021,Season A,November,Mwogo,Maize,0.87,0.73,73.0,Hillside,Improved (WH507),No,None,0.0,No,Fallow,Medium,Adequate,Yes,No,5.2,Sandy Soil,5.98,2.15,66.6,22.3,161.5,21.9,119.6,82.4,7.7,10.0,103.2,18.55
2022,Season B,February,Juru,Beans,1.78,1.68,168.0,Hillside,Local Variety,Yes,Inorganic (NPK),0.51,No,Maize,Low,Sufficient,No,No,19.6,Sandy Loam,7.01,2.96,48.4,24.7,169.4,21.9,70.1,78.6,7.7,11.3,116.1,7.54
2024,Season B,June,Kamabuye,Rice,2.07,1.64,164.0,Flat,Improved (IR64 / NERICA),No,None,0.0,Yes,Maize,Medium,Adequate,No,No,14.5,Clay Soil,7.18,2.24,38.7,17.9,206.4,23.0,32.4,70.2,8.0,12.8,112.3,25.18
2023,Season B,April,Ruhuha,Beans,0.64,0.41,41.0,Hillside,Improved (RWR 2245),Yes,Mixed (Organic + Inorganic),1.09,No,Beans,Low,Sufficient,Yes,Yes,19.9,Sandy Loam,6.9,2.55,69.5,16.9,191.6,23.1,95.5,80.1,6.4,11.2,118.7,14.38
2021,Season A,January,Mayange,Rice,1.21,1.12,112.0,Valley,Hybrid (Komboka),No,None,0.0,No,Maize,Medium,Adequate,Yes,No,10.0,Sandy Loam,5.94,2.88,64.9,14.4,214.0,25.9,89.4,73.0,7.6,9.6,123.6,24.81
2024,Season A,October,Ngeruka,Maize,0.21,0.2,20.0,Valley,Improved (WH507),Yes,Organic (Compost),0.0,No,Beans,Medium,Adequate,No,No,9.3,Loam,6.96,2.47,72.9,23.3,200.7,22.5,116.3,85.9,6.6,10.3,117.0,21.2
2024,Season A,January,Ngeruka,Beans,2.79,2.04,204.0,Hillside,Hybrid (MAC 44),No,None,0.0,No,Maize,Low,Sufficient,Yes,No,17.1,Loam,7.05,2.68,72.1,21.0,200.8,21.4,57.6,66.2,7.9,11.3,123.4,9.87
2021,Season A,November,Mwogo,Beans,0.22,0.2,20.0,Valley,Local Variety,Partial,Organic (Compost),0.19,No,Beans,Low,Adequate,Yes,No,20.8,Sandy Soil,5.85,2.17,65.6,20.5,176.9,24.6,124.4,73.7,6.9,8.4,103.8,6.51
2024,Season B,February,Juru,Rice,2.63,2.45,245.0,Flat,Hybrid (Komboka),Yes,Mixed (Organic + Inorganic),2.65,Yes,Cassava,Low,Adequate,Yes,Yes,22.5,Sandy Loam,7.07,2.54,49.7,24.7,176.5,21.3,51.7,71.2,7.5,11.0,97.5,21.24
2024,Season A,October,Mareba,Rice,2.09,1.94,194.0,Valley,Local Variety,No,None,0.0,Partial,Rice,Low,Sufficient,Yes,No,13.3,Sandy Loam,7.01,2.86,60.2,11.8,232.5,23.2,119.2,75.5,6.7,10.4,96.3,19.18
2020,Season B,May,Mareba,Beans,2.72,2.67,267.0,Valley,Local Variety,Partial,Inorganic (NPK),0.53,No,Beans,Low,Sufficient,Yes,No,18.1,Sandy Loam,7.05,2.9,61.0,13.6,221.6,22.6,99.7,79.9,6.5,10.4,116.5,7.6
2020,Season A,November,Shyara,Beans,2.01,1.7,170.0,Flat,Improved (RWR 2245),No,None,0.0,No,Maize,Low,Adequate,No,Yes,13.1,Sandy Loam,6.25,2.26,54.6,20.5,273.0,22.7,63.4,72.7,6.9,9.5,117.5,12.11
2023,Season B,April,Shyara,Maize,0.12,0.09,9.0,Hillside,Improved (WH507),No,None,0.0,No,Maize,Low,Limited,No,No,7.6,Sandy Loam,6.13,2.57,51.4,20.8,260.7,24.1,85.2,80.3,6.7,11.0,121.1,15.75
2023,Season A,January,Rweru,Beans,0.78,0.48,48.0,Flat,Hybrid (MAC 44),No,None,0.0,No,Fallow,Medium,Limited,Yes,No,12.9,Clay Soil,6.95,2.85,64.4,12.9,186.3,22.4,48.6,72.5,7.4,11.5,121.7,7.73
2021,Season A,October,Gashora,Rice,2.94,2.84,284.0,Flat,Improved (IR64 / NERICA),Yes,Mixed (Organic + Inorganic),1.49,Yes,Beans,Low,Sufficient,No,No,14.3,Loam,6.7,1.96,47.6,24.1,180.3,24.3,151.8,70.2,6.6,9.6,96.8,45.01
2022,Season A,October,Mwogo,Rice,0.57,0.37,37.0,Flat,Hybrid (Komboka),No,None,0.0,Yes,Maize,High,Limited,Yes,No,17.7,Sandy Soil,6.25,2.36,68.6,22.5,165.4,24.5,101.9,85.8,6.2,9.7,89.8,21.28
2021,Season A,December,Gashora,Beans,2.79,2.06,206.0,Valley,Local Variety,Yes,Mixed (Organic + Inorganic),0.96,Yes,Beans,Medium,Adequate,Yes,No,19.6,Loam,6.6,2.1,47.6,21.7,188.7,22.0,94.3,70.2,8.3,12.0,113.6,8.67
2024,Season A,December,Ruhuha,Maize,2.29,1.97,197.0,Flat,Improved (WH507),Yes,Mixed (Organic + Inorganic),1.13,No,Fallow,Medium,Adequate,Yes,Yes,14.5,Sandy Loam,7.02,2.31,58.9,17.9,207.8,23.3,71.1,67.7,7.5,13.2,106.9,21.26
2023,Season B,March,Ntarama,Rice,0.19,0.16,16.0,Valley,Local Variety,Yes,Mixed (Organic + Inorganic),0.69,No,Maize,Low,Sufficient,Yes,No,15.8,Sandy Soil,7.08,2.87,65.7,7.2,231.4,24.4,79.8,72.3,6.7,11.5,117.7,22.9
2020,Season A,January,Ntarama,Maize,1.18,0.93,93.0,Hillside,Improved (WH507),Yes,Organic (Compost),0.0,Yes,Rice,Medium,Adequate,Yes,No,13.4,Sandy Soil,7.08,2.68,61.5,9.3,248.9,22.6,74.2,80.9,7.8,9.4,103.6,22.08
2023,Season B,March,Ruhuha,Beans,0.46,0.38,38.0,Hillside,Hybrid (MAC 44),Yes,Organic (Compost),0.0,No,Beans,High,Sufficient,Yes,No,19.0,Sandy Loam,7.01,2.28,63.0,18.2,187.7,25.5,94.1,73.3,7.8,11.2,122.7,8.33
2024,Season B,April,Gashora,Rice,1.66,1.51,151.0,Flat,Hybrid (Komboka),Yes,Mixed (Organic + Inorganic),1.53,No,Beans,Medium,Sufficient,No,No,20.1,Loam,6.39,1.98,54.8,27.0,183.3,23.9,112.9,77.4,7.6,10.1,94.0,28.32
2023,Season B,May,Rilima,Beans,1.48,1.32,132.0,Flat,Local Variety,Yes,Inorganic (NPK),0.46,No,Beans,Medium,Limited,Yes,No,17.6,Sandy Soil,6.17,1.9,45.6,18.0,222.6,24.0,52.5,73.0,7.4,11.0,118.1,5.47
2024,Season A,November,Rilima,Beans,2.32,2.23,223.0,Valley,Improved (RWR 2245),Partial,Inorganic (NPK),0.58,No,Maize,High,Adequate,No,No,8.4,Sandy Soil,6.11,1.56,44.0,12.7,223.1,23.3,119.4,79.7,7.0,12.2,93.3,11.2
2023,Season B,June,Musenyi,Maize,1.39,1.08,108.0,Flat,Improved (WH507),Yes,Organic (Compost),0.0,Yes,Maize,Medium,Sufficient,Yes,No,14.7,Loam,7.17,2.57,40.5,15.0,258.3,21.7,40.2,71.7,8.6,11.6,105.4,14.81
2020,Season A,October,Mareba,Beans,2.67,2.44,244.0,Valley,Hybrid (MAC 44),Partial,Inorganic (NPK),0.8,Partial,Cassava,Medium,Adequate,Yes,Yes,18.5,Sandy Loam,7.22,2.84,64.6,9.3,248.3,23.2,114.2,82.6,5.6,9.6,105.6,10.37
2024,Season A,October,Rilima,Maize,2.07,1.43,143.0,Flat,Improved (WH507),Yes,Mixed (Organic + Inorganic),0.88,No,Beans,High,Adequate,Yes,No,13.2,Sandy Soil,6.23,1.73,41.6,15.6,211.7,26.1,111.9,72.2,6.8,11.9,97.7,21.23
2023,Season A,September,Rilima,Maize,0.79,0.74,74.0,Hillside,Improved (WH507),No,None,0.0,Partial,Rice,Low,Sufficient,Yes,Yes,12.6,Sandy Soil,6.16,1.9,44.1,14.3,220.4,23.2,53.7,72.9,7.6,11.9,128.6,17.65
2021,Season A,November,Rilima,Beans,0.77,0.71,71.0,Valley,Local Variety,Yes,Inorganic (NPK),0.48,Yes,Maize,Medium,Limited,Yes,Yes,19.9,Sandy Soil,6.22,1.81,46.4,17.7,203.0,25.5,76.4,71.1,7.2,10.2,102.8,7.91
2023,Season A,November,Kamabuye,Beans,1.65,1.08,108.0,Valley,Hybrid (MAC 44),Partial,Organic (Compost),0.55,Yes,Maize,Low,Adequate,No,Yes,7.9,Clay Soil,7.22,2.17,40.0,15.4,209.9,23.9,132.5,74.6,6.5,11.6,114.5,10.07
2020,Season A,October,Shyara,Rice,0.31,0.28,28.0,Hillside,Hybrid (Komboka),Yes,Inorganic (NPK),1.17,No,Beans,High,Limited,No,Yes,18.6,Sandy Loam,6.05,2.03,57.1,20.6,268.3,25.4,150.9,86.6,6.3,11.6,100.0,26.17
2021,Season A,January,Gashora,Beans,0.96,0.59,59.0,Hillside,Hybrid (MAC 44),Partial,Inorganic (NPK),0.28,No,Maize,High,Adequate,No,No,13.7,Loam,6.47,1.9,50.7,20.9,184.3,23.5,52.9,70.8,7.8,11.8,124.2,8.51
2023,Season B,February,Ngeruka,Maize,2.23,1.81,181.0,Hillside,Local Variety,Yes,Organic (Compost),0.0,Yes,Beans,Low,Adequate,No,Yes,5.1,Loam,7.05,2.42,77.3,23.8,190.3,23.0,83.5,73.7,7.5,10.1,117.4,16.79
2022,Season A,September,Mayange,Beans,2.42,1.99,199.0,Flat,Hybrid (MAC 44),Yes,Inorganic (NPK),1.16,No,Maize,Low,Adequate,Yes,No,10.3,Sandy Loam,6.01,2.81,61.5,11.0,183.0,23.0,66.7,63.0,7.5,11.8,97.3,12.32
2022,Season B,February,Rweru,Maize,1.4,1.2,120.0,Flat,Improved (WH507),No,None,0.0,No,Maize,Medium,Limited,Yes,No,21.0,Clay Soil,7.13,2.4,63.7,11.4,187.1,21.1,66.6,70.6,7.3,11.6,110.8,13.57
2022,Season B,May,Juru,Maize,0.77,0.65,65.0,Hillside,Improved (WH507),No,None,0.0,No,Rice,Medium,Adequate,No,No,11.4,Sandy Loam,6.88,2.78,48.6,24.5,170.5,21.4,58.2,75.9,6.7,11.2,113.2,13.1
2024,Season A,November,Ngeruka,Maize,1.95,1.56,156.0,Hillside,Local Variety,No,None,0.0,No,Beans,Low,Adequate,No,No,18.7,Loam,6.91,2.98,75.1,19.2,199.4,24.7,138.1,82.7,7.2,11.7,110.2,12.74
2021,Season A,October,Musenyi,Beans,1.15,1.11,111.0,Valley,Hybrid (MAC 44),Yes,Organic (Compost),0.0,Yes,Beans,Low,Sufficient,Yes,No,8.9,Loam,7.02,2.36,38.6,14.0,256.5,20.3,74.6,88.3,6.7,11.8,108.0,11.09
2023,Season A,November,Ngeruka,Maize,0.92,0.67,67.0,Hillside,Improved (WH507),Partial,Organic (Compost),0.29,No,Rice,Low,Adequate,Yes,Yes,19.6,Loam,7.04,2.74,75.4,21.7,202.2,23.2,68.5,81.4,6.9,8.9,119.4,18.8
2021,Season A,January,Ruhuha,Maize,0.99,0.78,78.0,Valley,Local Variety,Partial,Inorganic (NPK),0.18,No,Beans,Medium,Sufficient,No,Yes,20.1,Sandy Loam,7.06,2.8,56.1,17.9,176.0,20.8,75.1,63.2,8.1,12.3,121.0,12.14
2020,Season B,March,Kamabuye,Maize,2.58,2.04,204.0,Hillside,Local Variety,No,None,0.0,Partial,Cassava,Low,Adequate,Yes,No,14.5,Clay Soil,7.05,2.14,39.3,17.9,206.6,23.7,72.9,79.8,7.0,11.4,112.0,12.16
2020,Season A,October,Gashora,Beans,2.78,1.67,167.0,Flat,Local Variety,Partial,Inorganic (NPK),0.37,Yes,Rice,Medium,Sufficient,Yes,No,20.9,Loam,6.58,2.03,50.8,26.4,198.9,24.9,76.2,80.6,6.7,11.6,93.8,7.21
2023,Season A,November,Ntarama,Rice,0.51,0.43,43.0,Flat,Local Variety,Partial,Inorganic (NPK),0.37,No,Cassava,Medium,Adequate,Yes,No,14.7,Sandy Soil,7.15,2.85,60.4,9.7,239.7,24.5,133.9,84.3,6.8,8.9,118.0,24.17
2024,Season A,January,Juru,Rice,2.86,2.42,242.0,Valley,Local Variety,No,None,0.0,Yes,Maize,Low,Adequate,Yes,No,22.5,Sandy Loam,6.95,2.19,53.1,18.7,183.1,23.0,41.2,77.5,8.0,11.5,113.2,16.57
2022,Season B,May,Mayange,Beans,0.72,0.51,51.0,Valley,Hybrid (MAC 44),No,None,0.0,Yes,Beans,Medium,Sufficient,Yes,Yes,7.3,Sandy Loam,5.97,3.09,70.8,10.2,215.6,23.7,106.3,81.5,6.9,9.3,111.6,8.38
2022,Season A,December,Nyarugenge,Rice,2.33,1.89,189.0,Valley,Local Variety,Partial,Organic (Compost),0.39,Partial,Maize,High,Limited,Yes,No,15.5,Clay Soil,6.31,1.84,38.8,24.8,194.5,23.5,58.3,70.9,8.0,10.4,101.1,15.12
2020,Season B,May,Gashora,Rice,2.24,1.42,142.0,Flat,Improved (IR64 / NERICA),Partial,Inorganic (NPK),0.46,Yes,Beans,Low,Sufficient,Yes,Yes,17.2,Loam,6.51,1.69,50.3,26.8,193.5,21.9,89.2,79.8,7.1,10.8,102.1,35.53
2021,Season A,January,Nyamata,Beans,0.35,0.21,21.0,Flat,Improved (RWR 2245),No,None,0.0,No,Fallow,High,Sufficient,Yes,No,17.8,Clay Soil,7.21,2.9,77.7,21.1,258.1,20.9,70.7,72.7,7.7,12.2,113.5,11.37
2024,Season A,December,Juru,Maize,1.99,1.96,196.0,Hillside,Improved (WH507),Yes,Mixed (Organic + Inorganic),1.82,No,Maize,Medium,Adequate,Yes,No,8.2,Sandy Loam,6.96,2.59,45.8,25.1,177.0,21.1,90.9,68.2,8.4,12.1,115.6,20.9
2020,Season B,June,Mareba,Beans,2.39,1.62,162.0,Flat,Improved (RWR 2245),No,None,0.0,Partial,Beans,Medium,Sufficient,No,No,14.7,Sandy Loam,7.13,3.06,58.5,12.7,246.9,22.8,44.8,66.9,8.4,11.5,100.8,8.63
2022,Season A,December,Juru,Beans,1.97,1.57,157.0,Valley,Hybrid (MAC 44),Yes,Organic (Compost),0.0,No,Cassava,Low,Sufficient,Yes,No,12.6,Sandy Loam,6.83,2.26,49.0,26.6,163.2,22.8,70.0,69.6,8.1,12.7,115.7,12.66
2023,Season B,February,Juru,Rice,0.36,0.35,35.0,Flat,Improved (IR64 / NERICA),Yes,Mixed (Organic + Inorganic),0.66,Yes,Maize,Low,Limited,No,Yes,20.2,Sandy Loam,7.05,2.72,47.8,24.0,166.9,23.0,56.4,68.2,7.0,11.4,119.3,27.77
2020,Season A,December,Gashora,Maize,1.65,1.48,148.0,Hillside,Improved (WH507),No,None,0.0,No,Maize,Low,Adequate,Yes,Yes,9.1,Loam,6.44,2.48,53.2,23.2,201.2,23.0,54.2,76.5,5.8,11.1,119.8,14.77
2022,Season B,May,Kamabuye,Rice,2.34,1.8,180.0,Flat,Local Variety,Yes,Mixed (Organic + Inorganic),2.25,No,Fallow,Medium,Sufficient,No,Yes,16.7,Clay Soil,7.12,2.25,39.9,17.8,202.0,21.5,52.1,72.9,6.7,11.8,92.5,17.61
2020,Season B,March,Kamabuye,Maize,1.47,0.97,97.0,Hillside,Improved (WH507),No,None,0.0,No,Beans,Low,Sufficient,No,No,19.2,Clay Soil,7.06,2.24,38.9,17.3,204.5,23.5,127.9,75.9,7.3,10.4,105.9,18.39
2021,Season B,June,Nyamata,Maize,0.75,0.5,50.0,Flat,Local Variety,Yes,Mixed (Organic + Inorganic),1.63,No,Beans,High,Sufficient,No,No,25.0,Clay Soil,7.02,3.03,73.7,26.2,237.6,20.6,33.8,58.6,7.7,10.7,132.7,10.38
2023,Season A,September,Mayange,Beans,1.92,1.19,119.0,Valley,Improved (RWR 2245),No,None,0.0,No,Fallow,Low,Limited,No,Yes,22.3,Sandy Loam,6.11,2.87,69.1,10.7,192.4,23.2,93.4,78.5,7.9,11.4,102.3,12.24
2021,Season B,June,Gashora,Beans,1.03,0.91,91.0,Flat,Improved (RWR 2245),Yes,Mixed (Organic + Inorganic),0.77,No,Cassava,Low,Sufficient,Yes,Yes,10.4,Loam,6.51,2.01,50.3,21.6,187.9,23.8,30.8,61.3,7.8,11.7,110.2,10.39
2022,Season B,March,Juru,Beans,2.47,1.8,180.0,Hillside,Local Variety,Yes,Mixed (Organic + Inorganic),0.46,No,Fallow,Medium,Adequate,Yes,Yes,17.2,Sandy Loam,6.72,2.65,45.2,25.8,184.5,24.2,129.5,81.4,7.7,11.7,105.8,7.32
2021,Season A,November,Ngeruka,Beans,0.29,0.19,19.0,Valley,Local Variety,Partial,Organic (Compost),0.67,No,Beans,Low,Sufficient,Yes,No,6.1,Loam,6.82,2.5,75.7,18.9,197.4,21.7,140.5,73.5,7.2,10.6,103.1,7.36
2021,Season A,January,Musenyi,Maize,0.51,0.39,39.0,Flat,Improved (WH507),Partial,Inorganic (NPK),0.12,Partial,Beans,High,Adequate,No,Yes,6.9,Loam,7.21,2.62,37.4,15.7,268.2,21.4,91.3,67.4,8.0,11.4,118.9,17.63
2022,Season B,May,Ngeruka,Maize,2.37,1.61,161.0,Valley,Improved (WH507),Yes,Mixed (Organic + Inorganic),1.47,No,Maize,Low,Adequate,Yes,No,18.0,Loam,6.92,2.81,74.3,24.5,188.9,23.3,95.4,75.2,6.9,11.9,102.1,22.22
2024,Season B,June,Mwogo,Rice,2.71,1.76,176.0,Flat,Local Variety,Yes,Inorganic (NPK),1.55,No,Fallow,Medium,Sufficient,Yes,No,15.2,Sandy Soil,5.89,2.11,71.5,19.2,156.5,22.5,39.2,75.4,8.2,11.8,100.9,16.82
2022,Season A,October,Juru,Beans,1.72,1.04,104.0,Hillside,Hybrid (MAC 44),Partial,Inorganic (NPK),0.31,No,Maize,Medium,Limited,Yes,No,20.6,Sandy Loam,6.7,2.49,51.0,23.4,174.6,25.4,128.9,68.8,7.0,8.8,97.4,8.79
2023,Season A,November,Mwogo,Maize,1.61,1.46,146.0,Flat,Improved (WH507),Yes,Inorganic (NPK),1.07,No,Rice,Low,Adequate,Yes,No,21.1,Sandy Soil,6.13,1.91,63.6,23.0,161.5,23.4,80.7,78.6,6.8,8.6,109.5,24.02
2022,Season B,June,Mayange,Rice,0.42,0.4,40.0,Valley,Improved (IR64 / NERICA),Yes,Inorganic (NPK),1.59,Yes,Beans,Low,Limited,No,No,18.4,Sandy Loam,5.95,2.77,63.5,14.4,196.7,24.1,39.9,62.9,7.4,12.9,107.8,31.6
2023,Season B,April,Nyarugenge,Rice,2.68,2.41,241.0,Flat,Local Variety,Yes,Inorganic (NPK),1.2,No,Maize,High,Limited,No,No,17.2,Clay Soil,6.22,2.21,37.9,19.3,184.7,22.1,87.5,81.2,5.7,9.7,112.0,16.04
2021,Season B,April,Gashora,Beans,1.32,0.83,83.0,Flat,Hybrid (MAC 44),Partial,Inorganic (NPK),0.61,No,Maize,Low,Sufficient,No,No,7.5,Loam,6.66,2.01,47.4,21.4,198.9,24.4,119.6,78.1,7.0,9.7,101.3,9.55
2023,Season B,April,Nyamata,Maize,2.68,2.28,228.0,Hillside,Local Variety,Yes,Inorganic (NPK),1.56,No,Maize,Medium,Adequate,Yes,Yes,16.5,Clay Soil,7.07,3.24,82.2,23.8,258.6,22.2,117.8,85.0,6.3,11.8,111.4,15.59
2021,Season A,November,Ngeruka,Beans,2.27,2.01,201.0,Hillside,Hybrid (MAC 44),No,None,0.0,No,Rice,Medium,Sufficient,No,Yes,13.4,Loam,7.2,2.73,75.3,18.9,194.3,22.3,71.6,80.9,6.6,9.7,99.7,8.94
2023,Season B,May,Ntarama,Maize,1.09,0.85,85.0,Flat,Improved (WH507),Yes,Organic (Compost),0.0,No,Maize,Low,Sufficient,Yes,No,14.3,Sandy Soil,7.17,2.92,63.0,10.9,236.9,22.2,81.5,74.1,6.9,10.8,89.4,18.51
2020,Season A,November,Mwogo,Beans,2.83,2.61,261.0,Flat,Local Variety,Partial,Inorganic (NPK),0.34,No,Cassava,High,Sufficient,Yes,Yes,7.1,Sandy Soil,5.84,2.26,65.6,18.4,165.0,25.5,87.6,78.7,7.4,12.4,118.9,5.66
2023,Season B,February,Ntarama,Rice,0.63,0.58,58.0,Flat,Local Variety,Partial,Organic (Compost),0.42,No,Beans,Low,Limited,No,No,10.4,Sandy Soil,7.12,2.98,62.4,11.3,240.6,22.1,43.4,68.5,8.0,13.5,98.9,15.31
2024,Season B,June,Mareba,Rice,1.99,1.22,122.0,Flat,Hybrid (Komboka),Yes,Inorganic (NPK),1.15,Partial,Beans,Low,Limited,Yes,No,9.7,Sandy Loam,7.14,3.02,64.5,11.8,228.1,23.6,42.2,73.0,8.7,11.9,111.6,22.09
2024,Season A,November,Mayange,Beans,1.45,1.39,139.0,Flat,Improved (RWR 2245),Yes,Organic (Compost),0.0,Yes,Beans,High,Adequate,No,No,15.5,Sandy Loam,5.91,2.7,68.2,15.9,206.4,21.8,76.5,82.8,6.7,11.9,113.7,12.89
2023,Season A,December,Kamabuye,Rice,0.97,0.88,88.0,Valley,Hybrid (Komboka),Yes,Inorganic (NPK),0.73,No,Cassava,High,Adequate,No,No,10.9,Clay Soil,7.09,2.38,41.3,19.5,192.7,21.5,112.6,81.6,6.7,11.8,120.8,24.38
2020,Season A,September,Ntarama,Beans,1.49,1.08,108.0,Flat,Hybrid (MAC 44),No,None,0.0,Yes,Maize,Medium,Adequate,No,Yes,6.5,Sandy Soil,7.13,2.87,60.6,10.6,244.6,23.5,48.4,74.6,6.9,11.6,130.5,8.2
2024,Season B,March,Mareba,Maize,1.38,1.37,137.0,Flat,Improved (WH507),Yes,Mixed (Organic + Inorganic),2.33,Yes,Beans,High,Limited,Yes,No,18.2,Sandy Loam,6.99,3.24,68.0,13.5,242.3,24.2,82.1,72.9,7.0,12.3,102.8,18.2
2021,Season A,November,Juru,Beans,0.52,0.37,37.0,Valley,Improved (RWR 2245),Yes,Organic (Compost),0.0,No,Beans,Medium,Sufficient,Yes,No,9.0,Sandy Loam,6.89,2.51,47.6,26.2,182.2,23.7,121.3,71.7,6.3,11.7,93.7,12.36
2024,Season B,March,Nyamata,Maize,0.88,0.82,82.0,Hillside,Improved (WH507),Yes,Mixed (Organic + Inorganic),2.42,No,Maize,Medium,Adequate,No,No,8.3,Clay Soil,7.1,3.22,73.4,23.4,250.3,22.4,77.7,74.5,7.0,12.0,98.2,18.34
2022,Season A,October,Mwogo,Maize,2.74,2.43,243.0,Flat,Local Variety,No,None,0.0,No,Maize,Low,Limited,No,Yes,22.3,Sandy Soil,5.94,2.01,68.0,22.0,160.9,22.9,114.4,79.8,7.1,10.0,92.9,13.45
2020,Season B,June,Shyara,Maize,2.63,2.12,212.0,Valley,Improved (WH507),No,None,0.0,Yes,Beans,Low,Sufficient,Yes,No,10.0,Sandy Loam,6.09,2.39,54.8,22.2,277.3,23.1,27.7,67.7,8.3,13.0,102.9,16.35
2024,Season B,April,Ruhuha,Maize,1.52,1.29,129.0,Valley,Improved (WH507),Yes,Mixed (Organic + Inorganic),1.79,No,Maize,Medium,Adequate,No,Yes,21.6,Sandy Loam,7.01,2.59,65.0,18.3,181.5,20.8,111.5,88.3,6.9,9.2,118.0,17.15
2023,Season B,June,Shyara,Rice,1.93,1.86,186.0,Valley,Local Variety,Yes,Organic (Compost),0.0,Partial,Beans,High,Adequate,Yes,No,17.2,Sandy Loam,6.07,2.68,52.5,17.3,272.7,24.5,28.4,67.5,7.4,12.2,127.2,18.58
2020,Season A,January,Mayange,Rice,2.77,2.48,248.0,Valley,Improved (IR64 / NERICA),No,None,0.0,Partial,Beans,High,Limited,No,Yes,15.8,Sandy Loam,5.99,2.68,65.0,13.2,201.8,23.2,77.1,80.4,7.7,10.4,102.5,26.29
2023,Season A,September,Shyara,Beans,2.3,1.41,141.0,Flat,Improved (RWR 2245),Yes,Inorganic (NPK),0.7,No,Cassava,Medium,Adequate,Yes,Yes,8.4,Sandy Loam,6.03,2.3,56.8,23.5,267.4,25.7,60.7,73.8,8.1,11.9,104.2,12.63
2024,Season A,December,Mwogo,Maize,1.59,1.45,145.0,Valley,Improved (WH507),No,None,0.0,Yes,Rice,High,Adequate,Yes,No,23.0,Sandy Soil,6.05,1.74,66.7,19.9,177.8,22.5,102.0,76.6,8.7,13.4,101.7,16.6
2020,Season B,May,Mareba,Maize,1.21,1.01,101.0,Flat,Improved (WH507),No,None,0.0,Yes,Beans,Low,Adequate,Yes,Yes,15.1,Sandy Loam,7.08,3.07,62.7,13.2,239.0,24.7,78.6,72.5,7.2,10.0,91.5,18.25
2022,Season B,June,Mwogo,Rice,2.7,2.57,257.0,Valley,Improved (IR64 / NERICA),Yes,Inorganic (NPK),1.68,Yes,Maize,Medium,Limited,Yes,Yes,17.6,Sandy Soil,6.12,2.35,70.9,19.4,170.7,23.0,30.5,68.3,7.3,12.9,126.4,29.06
2022,Season B,March,Mwogo,Maize,1.18,0.89,89.0,Valley,Local Variety,Yes,Organic (Compost),0.0,No,Beans,High,Sufficient,Yes,No,15.4,Sandy Soil,5.83,2.27,65.3,21.5,155.4,24.4,64.1,68.5,6.5,11.6,95.8,12.75
2020,Season B,February,Nyarugenge,Rice,0.88,0.69,69.0,Flat,Hybrid (Komboka),No,None,0.0,No,Beans,High,Sufficient,Yes,No,21.1,Clay Soil,6.25,2.21,38.4,19.3,196.7,21.1,80.8,70.9,8.4,9.5,105.5,20.38
2020,Season A,January,Kamabuye,Maize,1.93,1.62,162.0,Flat,Improved (WH507),Yes,Organic (Compost),0.0,No,Maize,Low,Adequate,No,No,15.0,Clay Soil,7.17,2.36,37.9,17.3,204.1,22.6,67.1,63.8,7.6,10.4,93.6,19.25
2023,Season A,October,Nyamata,Maize,1.5,1.17,117.0,Flat,Improved (WH507),No,None,0.0,No,Cassava,Low,Sufficient,No,No,17.1,Clay Soil,7.05,3.11,79.4,24.0,251.6,24.4,115.7,81.2,6.7,8.7,113.3,17.54
2024,Season A,September,Gashora,Beans,1.63,1.46,146.0,Flat,Improved (RWR 2245),Partial,Organic (Compost),0.23,No,Maize,Medium,Adequate,No,No,17.2,Loam,6.39,2.09,47.3,24.4,191.7,25.5,78.8,72.2,7.3,10.9,121.9,13.84
2021,Season A,September,Ngeruka,Rice,2.42,2.36,236.0,Hillside,Improved (IR64 / NERICA),No,None,0.0,No,Cassava,High,Sufficient,Yes,No,9.5,Loam,6.95,2.51,71.3,23.0,219.2,24.0,97.9,66.8,7.4,12.2,104.2,28.96
2021,Season A,January,Ntarama,Beans,0.38,0.26,26.0,Flat,Improved (RWR 2245),No,None,0.0,Partial,Rice,Low,Sufficient,No,No,6.0,Sandy Soil,7.0,2.89,61.9,13.1,228.6,22.7,55.1,80.9,7.6,10.8,119.6,13.04
2020,Season A,January,Musenyi,Maize,0.29,0.18,18.0,Valley,Local Variety,Partial,Organic (Compost),0.38,Partial,Beans,Medium,Sufficient,No,No,16.4,Loam,7.18,2.39,40.6,13.4,250.2,19.8,71.8,72.2,7.6,12.3,98.7,13.0
2023,Season B,March,Musenyi,Maize,0.17,0.13,13.0,Valley,Improved (WH507),Yes,Mixed (Organic + Inorganic),1.22,Partial,Rice,High,Adequate,Yes,Yes,22.1,Loam,7.1,2.27,39.6,11.2,255.6,21.4,68.4,87.3,6.3,10.4,126.9,17.57
2021,Season B,March,Gashora,Rice,0.14,0.12,12.0,Valley,Hybrid (Komboka),No,None,0.0,Yes,Beans,Low,Sufficient,No,No,11.2,Loam,6.58,2.07,54.2,21.2,173.9,24.3,96.9,81.8,7.9,11.7,98.5,24.13
2022,Season B,May,Rweru,Rice,2.91,2.78,278.0,Valley,Local Variety,Yes,Mixed (Organic + Inorganic),1.07,No,Beans,Low,Adequate,No,Yes,8.1,Clay Soil,6.89,2.65,65.9,9.5,204.3,25.7,92.3,79.8,6.6,9.6,95.9,21.46
2023,Season A,January,Ntarama,Beans,1.73,1.5,150.0,Flat,Hybrid (MAC 44),Yes,Organic (Compost),0.0,Partial,Fallow,Medium,Adequate,Yes,No,19.1,Sandy Soil,7.18,2.96,57.8,6.6,245.7,22.0,83.0,77.3,7.7,9.4,123.7,10.58
2020,Season B,April,Mayange,Beans,2.45,1.53,153.0,Valley,Hybrid (MAC 44),No,None,0.0,Yes,Fallow,High,Adequate,No,No,12.9,Sandy Loam,6.07,2.76,66.7,11.9,198.6,24.7,78.8,86.4,6.6,9.7,95.7,8.63
2022,Season A,December,Mayange,Maize,0.47,0.42,42.0,Flat,Improved (WH507),No,None,0.0,Yes,Maize,High,Adequate,Yes,No,24.4,Sandy Loam,6.17,2.97,63.6,9.2,207.2,23.2,89.9,58.8,7.4,10.2,107.8,18.28
2022,Season B,February,Kamabuye,Beans,1.25,1.16,116.0,Flat,Hybrid (MAC 44),No,None,0.0,Yes,Maize,High,Adequate,Yes,No,24.7,Clay Soil,7.13,2.18,40.9,20.2,208.9,21.7,83.5,77.8,8.1,12.1,121.7,7.91
2023,Season B,April,Mwogo,Rice,0.38,0.34,34.0,Valley,Improved (IR64 / NERICA),No,None,0.0,No,Maize,Low,Sufficient,Yes,Yes,6.3,Sandy Soil,5.95,2.04,70.0,16.1,155.8,21.3,117.7,77.1,7.3,11.0,110.6,33.22
2022,Season A,January,Nyamata,Beans,2.05,1.64,164.0,Valley,Hybrid (MAC 44),Yes,Inorganic (NPK),1.31,No,Cassava,Medium,Sufficient,Yes,No,15.2,Clay Soil,7.2,3.07,74.5,19.1,242.8,21.7,41.2,63.0,8.5,8.5,107.9,9.07
2024,Season A,January,Mwogo,Rice,0.35,0.23,23.0,Valley,Improved (IR64 / NERICA),Yes,Organic (Compost),0.0,No,Fallow,Medium,Sufficient,No,No,6.2,Sandy Soil,6.14,2.04,71.6,20.8,159.5,25.4,68.6,65.0,8.0,10.7,115.5,30.93
2022,Season B,April,Nyamata,Beans,0.34,0.31,31.0,Valley,Improved (RWR 2245),Partial,Inorganic (NPK),0.13,Yes,Beans,Medium,Adequate,Yes,Yes,21.8,Clay Soil,7.02,3.12,74.8,22.8,249.3,22.3,105.8,77.9,5.6,9.2,102.1,13.6
2023,Season B,June,Mareba,Maize,1.16,0.72,72.0,Hillside,Local Variety,No,None,0.0,Partial,Beans,Medium,Sufficient,No,Yes,19.1,Sandy Loam,7.27,2.78,60.2,11.9,234.6,22.6,22.9,62.8,8.2,13.2,100.3,10.48
2020,Season A,January,Mayange,Rice,2.4,2.34,234.0,Hillside,Hybrid (Komboka),Yes,Inorganic (NPK),0.88,No,Cassava,High,Sufficient,Yes,No,22.1,Sandy Loam,6.01,2.63,66.9,14.6,220.5,21.5,40.0,73.3,6.4,11.5,116.6,19.62
2024,Season B,June,Juru,Maize,0.29,0.27,27.0,Hillside,Improved (WH507),Partial,Organic (Compost),0.62,Partial,Beans,Medium,Limited,No,No,22.6,Sandy Loam,7.07,2.28,45.9,26.9,184.7,23.6,37.2,75.5,8.0,12.4,101.6,15.85
2022,Season A,October,Musenyi,Maize,0.91,0.61,61.0,Flat,Improved (WH507),No,None,0.0,Partial,Maize,Low,Adequate,Yes,No,12.8,Loam,7.1,2.38,41.9,12.5,255.4,22.0,138.3,81.1,7.3,8.4,88.9,16.55
2024,Season A,January,Ntarama,Maize,1.53,1.23,123.0,Hillside,Local Variety,Partial,Inorganic (NPK),0.46,No,Cassava,Medium,Adequate,Yes,No,17.8,Sandy Soil,7.08,2.69,61.8,12.5,243.8,22.5,70.5,67.8,6.9,11.9,96.8,12.72
2021,Season B,March,Rweru,Rice,0.18,0.17,17.0,Valley,Improved (IR64 / NERICA),No,None,0.0,No,Maize,Medium,Sufficient,No,No,12.1,Clay Soil,7.18,2.56,68.0,13.4,193.6,24.3,84.1,79.8,6.6,10.8,127.7,28.16
2020,Season A,September,Mareba,Beans,1.83,1.65,165.0,Flat,Hybrid (MAC 44),No,None,0.0,Yes,Fallow,Low,Sufficient,No,Yes,16.9,Sandy Loam,7.15,2.86,64.3,13.6,231.5,22.8,79.3,75.8,7.7,9.7,97.6,10.72
2024,Season B,June,Shyara,Beans,2.4,2.22,222.0,Flat,Hybrid (MAC 44),Partial,Inorganic (NPK),0.47,No,Maize,Low,Sufficient,Yes,Yes,13.0,Sandy Loam,6.11,2.12,57.4,18.1,267.3,23.1,42.2,69.0,8.8,11.5,114.4,6.95
2021,Season A,December,Juru,Beans,1.89,1.18,118.0,Valley,Improved (RWR 2245),Yes,Organic (Compost),0.0,No,Beans,Low,Adequate,No,No,11.5,Sandy Loam,6.95,2.55,49.5,22.1,179.2,23.0,54.3,75.4,7.5,12.2,124.2,13.54
2022,Season A,December,Ruhuha,Beans,2.99,2.92,292.0,Hillside,Hybrid (MAC 44),No,None,0.0,Partial,Fallow,High,Adequate,Yes,Yes,10.8,Sandy Loam,6.97,2.78,63.5,16.4,191.2,23.9,117.7,73.5,7.6,10.8,125.0,8.3
2024,Season B,March,Ngeruka,Maize,0.98,0.71,71.0,Valley,Improved (WH507),No,None,0.0,No,Cassava,Low,Sufficient,Yes,No,8.8,Loam,7.15,2.75,66.4,24.0,202.0,23.9,132.4,65.8,6.7,11.4,96.7,15.04
2024,Season A,January,Ntarama,Beans,1.57,1.04,104.0,Hillside,Improved (RWR 2245),Yes,Organic (Compost),0.0,No,Beans,Medium,Sufficient,Yes,Yes,16.3,Sandy Soil,7.27,3.04,63.6,8.8,249.2,22.3,56.6,67.6,8.2,10.7,112.3,12.53
2020,Season B,February,Nyamata,Maize,1.21,1.19,119.0,Flat,Local Variety,No,None,0.0,Partial,Fallow,High,Adequate,Yes,No,10.9,Clay Soil,7.08,3.24,75.0,24.7,254.0,25.0,44.1,69.4,7.1,9.7,122.3,8.91
2021,Season B,February,Gashora,Rice,0.42,0.39,39.0,Flat,Hybrid (Komboka),Yes,Mixed (Organic + Inorganic),2.33,No,Beans,High,Sufficient,Yes,No,7.5,Loam,6.61,2.02,52.5,24.6,189.9,22.8,71.6,70.3,8.3,10.9,123.2,22.29
2023,Season B,June,Juru,Beans,1.06,0.71,71.0,Hillside,Hybrid (MAC 44),No,None,0.0,Partial,Beans,Low,Adequate,Yes,Yes,14.7,Sandy Loam,6.88,2.58,48.9,23.7,185.7,22.9,25.9,69.1,7.7,11.4,124.3,7.62
2020,Season B,June,Ntarama,Rice,2.36,2.15,215.0,Valley,Local Variety,No,None,0.0,Partial,Beans,Low,Limited,No,No,5.5,Sandy Soil,7.1,2.79,67.1,13.5,246.2,24.8,48.7,62.2,8.4,13.4,103.5,15.94
2024,Season B,May,Musenyi,Beans,1.03,0.92,92.0,Hillside,Local Variety,No,None,0.0,No,Beans,Low,Sufficient,Yes,No,22.5,Loam,7.06,2.42,41.3,10.0,251.8,20.6,79.7,79.4,7.4,11.4,90.7,6.54
2023,Season A,October,Ruhuha,Beans,2.47,1.77,177.0,Hillside,Improved (RWR 2245),Yes,Mixed (Organic + Inorganic),0.72,Yes,Beans,Low,Adequate,Yes,Yes,16.6,Sandy Loam,7.0,2.47,58.3,19.8,182.9,23.2,78.7,78.3,6.5,9.3,94.5,15.66
2024,Season B,May,Gashora,Maize,1.45,0.92,92.0,Hillside,Improved (WH507),Yes,Inorganic (NPK),1.22,Yes,Beans,Low,Sufficient,Yes,Yes,24.4,Loam,6.44,2.17,51.3,25.6,200.8,22.8,54.4,79.6,7.0,11.3,98.1,20.2
2023,Season B,May,Mwogo,Beans,2.12,1.54,154.0,Valley,Hybrid (MAC 44),Yes,Mixed (Organic + Inorganic),1.24,No,Maize,Low,Limited,Yes,Yes,17.9,Sandy Soil,5.88,1.64,66.3,23.2,159.6,23.0,94.9,76.3,7.4,10.9,88.9,9.99
2022,Season B,June,Mwogo,Maize,0.8,0.79,79.0,Valley,Local Variety,Partial,Organic (Compost),0.56,No,Maize,Medium,Adequate,No,No,16.6,Sandy Soil,5.91,2.21,65.2,20.1,154.2,21.3,31.3,71.3,7.7,11.9,132.1,8.87
2021,Season A,September,Mareba,Rice,2.38,2.32,232.0,Flat,Improved (IR64 / NERICA),Yes,Mixed (Organic + Inorganic),2.15,Yes,Beans,High,Adequate,No,Yes,11.6,Sandy Loam,7.05,2.91,64.2,11.0,227.5,22.0,89.8,74.6,7.7,11.6,128.1,36.28
2023,Season A,November,Ngeruka,Rice,1.15,0.89,89.0,Hillside,Hybrid (Komboka),Partial,Inorganic (NPK),0.67,Yes,Maize,Low,Adequate,Yes,No,7.7,Loam,7.12,2.57,75.7,20.3,205.5,22.8,141.5,77.4,6.9,10.0,104.4,29.04
2021,Season A,September,Kamabuye,Beans,0.23,0.17,17.0,Hillside,Improved (RWR 2245),No,None,0.0,No,Beans,Medium,Adequate,Yes,No,12.0,Clay Soil,6.92,2.33,41.8,21.0,196.3,23.5,49.2,72.5,6.1,11.7,121.5,11.61
2021,Season B,March,Mayange,Maize,2.14,1.85,185.0,Hillside,Improved (WH507),No,None,0.0,Yes,Beans,Low,Limited,No,No,15.2,Sandy Loam,5.93,2.9,64.6,14.3,209.2,22.9,79.8,73.7,6.8,12.2,113.3,17.22
2024,Season A,October,Rilima,Rice,2.44,1.87,187.0,Valley,Hybrid (Komboka),Yes,Inorganic (NPK),0.44,Partial,Beans,Low,Sufficient,No,Yes,20.2,Sandy Soil,5.91,1.74,37.6,15.9,203.9,22.6,78.2,78.0,6.8,9.2,86.8,27.39
2020,Season B,April,Nyamata,Maize,1.17,0.74,74.0,Flat,Local Variety,No,None,0.0,Yes,Rice,Low,Adequate,No,Yes,10.3,Clay Soil,7.18,3.2,75.0,22.5,252.4,24.1,129.6,85.1,6.7,9.2,101.3,12.43
2020,Season A,November,Juru,Maize,1.41,1.33,133.0,Valley,Hybrid (H614D),Partial,Inorganic (NPK),0.28,Partial,Beans,Medium,Sufficient,No,Yes,14.8,Sandy Loam,6.91,2.83,42.5,23.4,173.3,23.3,118.1,66.2,7.3,10.9,92.2,26.19
2022,Season A,January,Musenyi,Maize,0.91,0.63,63.0,Hillside,Improved (WH507),Partial,Inorganic (NPK),0.74,Yes,Rice,High,Sufficient,No,No,9.3,Loam,7.21,2.52,38.2,12.4,260.7,23.9,50.4,66.3,8.2,10.7,107.4,15.6
2022,Season A,September,Mwogo,Beans,1.43,1.08,108.0,Flat,Improved (RWR 2245),Partial,Organic (Compost),0.37,Partial,Maize,High,Sufficient,No,No,14.7,Sandy Soil,5.98,2.02,69.7,19.1,157.4,23.7,61.9,79.9,7.9,10.1,116.0,10.51
2021,Season A,November,Ntarama,Rice,1.49,1.24,124.0,Flat,Hybrid (Komboka),Yes,Inorganic (NPK),2.86,Yes,Maize,Medium,Sufficient,No,Yes,6.5,Sandy Soil,6.98,3.06,65.2,9.9,245.9,23.7,137.3,76.8,6.7,10.5,103.5,32.34
2020,Season B,June,Ngeruka,Maize,2.93,2.78,278.0,Flat,Improved (WH507),No,None,0.0,No,Beans,Low,Sufficient,No,No,6.4,Loam,7.13,2.6,76.5,18.1,201.6,21.2,26.3,70.9,8.4,13.6,99.6,12.89
2023,Season A,November,Gashora,Rice,1.18,0.99,99.0,Hillside,Improved (IR64 / NERICA),Yes,Inorganic (NPK),1.24,No,Fallow,Medium,Adequate,Yes,No,23.8,Loam,6.39,2.25,47.4,24.1,197.2,23.0,117.9,76.3,6.9,10.9,95.2,37.74
2022,Season B,April,Mayange,Rice,0.97,0.67,67.0,Valley,Hybrid (Komboka),Yes,Inorganic (NPK),0.44,No,Rice,Medium,Adequate,Yes,Yes,18.0,Sandy Loam,6.03,2.96,64.0,10.7,211.7,23.3,91.0,75.6,6.4,9.7,100.2,26.07
2024,Season B,February,Shyara,Maize,1.74,1.32,132.0,Hillside,Hybrid (H614D),Partial,Organic (Compost),0.47,No,Beans,Low,Sufficient,No,No,19.2,Sandy Loam,6.39,2.38,52.9,16.3,270.7,24.2,49.2,72.9,6.7,10.6,97.0,23.71
2022,Season B,March,Mayange,Beans,2.51,2.44,244.0,Hillside,Improved (RWR 2245),No,None,0.0,No,Maize,Low,Adequate,Yes,No,16.2,Sandy Loam,6.03,2.66,68.1,12.6,220.9,22.2,67.9,77.6,7.5,10.8,107.3,13.88
2021,Season B,March,Ngeruka,Beans,0.45,0.39,39.0,Flat,Local Variety,Yes,Organic (Compost),0.0,No,Cassava,Low,Adequate,No,Yes,13.6,Loam,6.93,2.67,79.4,19.7,197.4,23.3,127.4,67.1,6.9,10.7,117.2,6.81
2021,Season B,April,Rilima,Beans,0.4,0.33,33.0,Flat,Local Variety,Yes,Mixed (Organic + Inorganic),0.76,No,Maize,Low,Adequate,No,No,5.9,Sandy Soil,6.02,1.58,43.7,14.5,221.6,25.4,87.1,72.4,6.1,10.3,112.1,6.72
2020,Season B,May,Juru,Rice,0.51,0.49,49.0,Valley,Hybrid (Komboka),Yes,Inorganic (NPK),1.09,No,Beans,Low,Sufficient,Yes,Yes,15.0,Sandy Loam,7.02,2.41,49.9,26.5,168.2,23.0,72.2,81.6,7.3,9.7,99.3,20.99
2023,Season A,September,Juru,Rice,0.45,0.33,33.0,Valley,Hybrid (Komboka),Partial,Organic (Compost),0.65,No,Rice,Medium,Adequate,No,No,21.6,Sandy Loam,7.04,2.62,45.7,26.4,185.2,26.1,76.1,68.7,6.6,9.6,108.8,20.11
2024,Season A,January,Nyarugenge,Maize,2.79,1.75,175.0,Flat,Improved (WH507),Yes,Mixed (Organic + Inorganic),1.96,No,Fallow,Medium,Sufficient,Yes,No,8.1,Clay Soil,6.21,2.44,37.7,22.6,197.2,20.6,62.0,66.4,8.2,11.4,104.6,22.56
2020,Season A,January,Nyarugenge,Beans,2.99,2.84,284.0,Flat,Improved (RWR 2245),Yes,Organic (Compost),0.0,No,Beans,Low,Limited,Yes,No,25.0,Clay Soil,6.16,2.05,37.6,24.0,190.5,21.8,86.4,71.5,8.7,11.4,104.7,13.8
2022,Season B,April,Nyamata,Maize,2.9,2.59,259.0,Hillside,Hybrid (H614D),No,None,0.0,No,Fallow,Low,Adequate,No,No,22.8,Clay Soil,7.1,2.96,75.3,26.3,263.8,23.9,138.6,68.8,7.6,11.1,97.4,20.84
2023,Season A,November,Rilima,Rice,1.98,1.35,135.0,Valley,Hybrid (Komboka),Yes,Inorganic (NPK),2.18,Partial,Fallow,High,Adequate,Yes,Yes,12.0,Sandy Soil,6.01,1.75,40.7,13.4,219.0,22.8,82.9,73.0,6.8,11.6,100.1,24.57
2021,Season A,September,Rweru,Maize,0.82,0.52,52.0,Hillside,Improved (WH507),Yes,Inorganic (NPK),0.6,Yes,Beans,Medium,Limited,Yes,No,9.3,Clay Soil,6.87,2.69,65.5,10.1,176.9,26.8,67.1,75.8,6.9,13.4,122.9,18.08
2022,Season A,November,Shyara,Rice,1.91,1.58,158.0,Hillside,Local Variety,Yes,Inorganic (NPK),1.51,No,Rice,Low,Limited,Yes,No,21.7,Sandy Loam,5.93,2.4,62.1,22.7,270.6,23.6,125.2,80.0,6.9,11.9,102.9,25.37
2020,Season B,May,Ntarama,Beans,2.74,2.19,219.0,Valley,Improved (RWR 2245),Yes,Organic (Compost),0.0,Yes,Beans,High,Sufficient,Yes,Yes,21.9,Sandy Soil,6.95,3.13,58.3,10.8,240.9,24.3,107.2,90.4,7.1,11.1,100.9,12.1
2020,Season B,April,Juru,Beans,1.09,0.98,98.0,Valley,Improved (RWR 2245),Yes,Mixed (Organic + Inorganic),1.07,No,Beans,Low,Adequate,Yes,Yes,15.4,Sandy Loam,6.84,2.47,44.9,24.6,176.8,25.6,72.4,85.3,6.2,8.8,109.7,14.29
2024,Season A,October,Juru,Beans,1.34,1.28,128.0,Flat,Local Variety,Yes,Mixed (Organic + Inorganic),0.8,No,Fallow,High,Sufficient,No,No,12.7,Sandy Loam,6.91,2.54,45.4,20.4,169.7,25.9,99.2,79.7,6.7,9.1,92.7,6.34
2023,Season B,February,Mwogo,Maize,0.78,0.58,58.0,Valley,Local Variety,No,None,0.0,No,Beans,Low,Sufficient,Yes,Yes,18.7,Sandy Soil,6.0,2.25,73.0,21.9,164.6,23.8,100.3,77.3,8.0,11.4,99.0,14.52
2022,Season A,October,Mwogo,Beans,1.12,1.0,100.0,Flat,Improved (RWR 2245),No,None,0.0,Yes,Beans,Medium,Sufficient,Yes,Yes,11.3,Sandy Soil,6.19,2.05,63.2,20.7,172.7,25.2,152.0,82.9,6.6,11.8,95.7,12.01
2023,Season A,December,Ngeruka,Rice,1.59,0.97,97.0,Valley,Hybrid (Komboka),No,None,0.0,Yes,Beans,Low,Adequate,Yes,No,24.1,Loam,7.07,2.55,78.0,22.6,200.0,25.6,106.6,72.8,6.5,11.2,123.7,31.95
2020,Season A,November,Rweru,Beans,1.41,1.03,103.0,Flat,Hybrid (MAC 44),Partial,Organic (Compost),0.7,No,Maize,Medium,Limited,Yes,Yes,22.6,Clay Soil,6.95,2.81,68.4,11.2,197.8,23.6,74.7,76.1,6.6,11.8,101.5,8.75
2023,Season B,February,Rilima,Rice,1.71,1.55,155.0,Valley,Improved (IR64 / NERICA),Partial,Organic (Compost),0.32,Partial,Beans,Medium,Limited,Yes,Yes,12.6,Sandy Soil,6.23,1.72,42.5,17.2,224.5,23.6,66.8,69.6,7.7,11.3,111.5,27.39
2024,Season B,May,Mayange,Maize,1.21,1.09,109.0,Flat,Improved (WH507),Partial,Inorganic (NPK),0.15,Partial,Fallow,Low,Sufficient,No,No,9.9,Sandy Loam,6.17,2.69,62.2,11.6,206.1,24.4,86.8,76.6,6.2,9.9,100.1,20.57
2023,Season B,March,Shyara,Rice,1.69,1.47,147.0,Flat,Hybrid (Komboka),Yes,Mixed (Organic + Inorganic),0.34,No,Beans,Low,Adequate,No,No,10.3,Sandy Loam,6.19,2.45,53.2,18.9,287.2,24.1,98.4,83.6,7.4,11.4,95.4,26.15
2022,Season A,September,Mwogo,Beans,0.93,0.6,60.0,Hillside,Local Variety,Yes,Mixed (Organic + Inorganic),0.77,Yes,Maize,Medium,Adequate,No,No,22.2,Sandy Soil,5.84,1.85,67.5,23.2,178.3,24.3,79.1,76.5,6.5,11.8,125.7,8.38
2021,Season A,December,Ntarama,Beans,2.13,1.84,184.0,Flat,Improved (RWR 2245),No,None,0.0,No,Beans,Low,Adequate,Yes,No,13.5,Sandy Soil,7.18,3.1,63.0,9.1,249.1,21.2,69.1,67.3,8.1,11.7,121.4,13.67
2020,Season A,December,Musenyi,Beans,2.76,2.11,211.0,Valley,Hybrid (MAC 44),Partial,Organic (Compost),0.22,Partial,Maize,Medium,Sufficient,No,No,20.7,Loam,7.0,2.36,40.9,13.7,254.4,23.9,61.2,79.7,8.8,10.5,100.1,9.91
2020,Season B,June,Ruhuha,Beans,2.83,2.52,252.0,Hillside,Improved (RWR 2245),Partial,Inorganic (NPK),0.3,Partial,Beans,Low,Adequate,Yes,No,22.4,Sandy Loam,6.82,2.8,62.0,19.1,184.4,24.4,39.0,63.7,7.8,12.1,132.6,9.73
2023,Season A,September,Rweru,Maize,2.62,2.21,221.0,Valley,Improved (WH507),No,None,0.0,Yes,Maize,Medium,Limited,Yes,No,11.1,Clay Soil,7.06,2.85,62.5,10.0,181.7,22.8,73.6,79.4,7.8,11.6,98.7,14.07
2021,Season B,March,Rilima,Beans,0.22,0.2,20.0,Hillside,Local Variety,No,None,0.0,Yes,Beans,Medium,Limited,No,No,7.9,Sandy Soil,6.04,1.79,43.4,18.7,226.2,22.6,111.2,71.0,7.2,11.0,124.4,5.32
2021,Season A,December,Ruhuha,Beans,1.15,0.8,80.0,Hillside,Hybrid (MAC 44),Yes,Mixed (Organic + Inorganic),0.79,Yes,Cassava,Low,Adequate,Yes,No,10.8,Sandy Loam,6.99,2.43,60.0,21.3,178.1,22.7,76.3,71.8,7.8,12.2,98.7,12.76
2022,Season B,February,Kamabuye,Maize,1.88,1.46,146.0,Hillside,Local Variety,No,None,0.0,Yes,Cassava,Low,Adequate,Yes,No,7.3,Clay Soil,7.03,2.01,43.1,22.3,211.5,22.3,59.4,69.2,8.2,11.4,118.6,10.7
2024,Season B,June,Mayange,Rice,1.27,0.9,90.0,Valley,Improved (IR64 / NERICA),No,None,0.0,No,Beans,Low,Limited,No,Yes,23.2,Sandy Loam,6.06,2.5,62.4,7.2,207.1,22.8,40.6,68.8,7.2,12.8,103.9,21.77
2020,Season A,October,Juru,Beans,2.81,2.74,274.0,Flat,Hybrid (MAC 44),No,None,0.0,No,Beans,Low,Limited,Yes,Yes,16.0,Sandy Loam,6.84,2.58,47.8,23.9,168.0,24.8,82.2,76.6,6.0,11.0,102.0,7.92
2021,Season B,February,Shyara,Beans,2.41,2.16,216.0,Hillside,Hybrid (MAC 44),Yes,Organic (Compost),0.0,No,Rice,High,Adequate,Yes,Yes,22.2,Sandy Loam,6.23,2.47,53.5,19.6,250.0,20.2,44.2,71.0,7.3,11.6,106.3,6.67
2020,Season A,November,Mayange,Maize,1.99,1.59,159.0,Hillside,Hybrid (H614D),Partial,Organic (Compost),0.35,Yes,Maize,Medium,Adequate,Yes,Yes,20.9,Sandy Loam,5.93,2.89,63.5,12.1,207.2,23.8,66.3,72.9,7.7,10.3,114.8,25.66
2022,Season B,February,Gashora,Maize,2.51,2.45,245.0,Hillside,Local Variety,Yes,Organic (Compost),0.0,No,Maize,Low,Sufficient,Yes,No,18.6,Loam,6.47,1.97,54.1,28.8,193.1,20.2,57.0,68.2,7.2,10.7,125.5,11.58
2022,Season A,December,Musenyi,Beans,1.79,1.35,135.0,Flat,Improved (RWR 2245),Yes,Mixed (Organic + Inorganic),1.25,No,Beans,Medium,Adequate,No,Yes,11.6,Loam,6.93,2.33,38.3,14.1,265.0,24.0,92.6,76.6,8.1,11.4,118.0,13.98
2022,Season A,December,Nyarugenge,Maize,2.65,2.45,245.0,Hillside,Improved (WH507),Yes,Organic (Compost),0.0,No,Beans,Low,Limited,No,No,17.6,Clay Soil,6.18,2.18,42.1,22.5,202.6,22.5,67.8,72.0,7.3,11.3,98.9,20.39
2022,Season A,September,Juru,Beans,1.83,1.55,155.0,Flat,Hybrid (MAC 44),No,None,0.0,No,Beans,Low,Adequate,Yes,No,5.5,Sandy Loam,6.89,2.57,46.7,25.4,165.3,23.9,65.2,78.9,7.2,9.7,105.4,8.46
2024,Season B,May,Mwogo,Rice,2.64,2.47,247.0,Flat,Improved (IR64 / NERICA),Yes,Inorganic (NPK),1.53,Yes,Beans,Low,Adequate,No,Yes,24.7,Sandy Soil,6.01,1.81,71.6,22.2,162.3,22.0,63.9,71.4,6.6,10.3,91.3,30.6
2024,Season B,April,Kamabuye,Rice,1.31,0.88,88.0,Flat,Improved (IR64 / NERICA),Yes,Mixed (Organic + Inorganic),2.49,Partial,Rice,Medium,Adequate,Yes,No,9.3,Clay Soil,7.23,2.05,41.3,20.2,200.6,22.7,77.9,75.2,7.0,11.0,121.5,27.64
2023,Season B,June,Rilima,Maize,2.13,2.01,201.0,Flat,Local Variety,Yes,Inorganic (NPK),1.75,No,Fallow,Medium,Sufficient,Yes,No,11.4,Sandy Soil,6.09,1.8,42.6,17.9,219.9,23.5,41.8,79.7,8.5,12.5,118.5,12.09
2023,Season A,October,Mareba,Beans,0.64,0.59,59.0,Flat,Improved (RWR 2245),Yes,Organic (Compost),0.0,Partial,Rice,Medium,Adequate,Yes,No,9.6,Sandy Loam,7.08,2.92,62.2,15.4,230.6,23.2,101.4,84.3,6.4,8.9,98.3,13.98
2021,Season B,April,Mwogo,Rice,2.82,2.04,204.0,Valley,Hybrid (Komboka),Partial,Inorganic (NPK),0.39,Yes,Beans,Low,Adequate,Yes,No,15.2,Sandy Soil,6.1,2.03,70.4,21.1,158.1,22.6,65.9,84.8,6.7,10.9,106.9,24.43
2021,Season B,April,Gashora,Rice,1.91,1.37,137.0,Valley,Hybrid (Komboka),Yes,Mixed (Organic + Inorganic),2.78,No,Beans,High,Sufficient,Yes,No,23.7,Loam,6.49,2.4,52.7,21.4,186.8,23.7,131.7,94.1,6.1,10.9,121.9,26.18
2021,Season A,October,Musenyi,Maize,2.89,2.08,208.0,Valley,Improved (WH507),Partial,Inorganic (NPK),0.61,Partial,Beans,Low,Sufficient,No,No,15.5,Loam,7.11,2.48,39.8,16.6,251.8,24.0,67.6,82.4,7.7,10.8,117.1,20.08
2023,Season B,February,Mayange,Rice,1.2,0.89,89.0,Valley,Local Variety,No,None,0.0,No,Maize,Low,Adequate,No,Yes,10.5,Sandy Loam,6.1,2.65,66.5,12.2,208.3,23.9,52.5,62.6,7.6,10.8,95.2,16.2
2022,Season A,November,Kamabuye,Maize,1.99,1.98,198.0,Hillside,Improved (WH507),Yes,Mixed (Organic + Inorganic),2.12,No,Maize,Low,Adequate,Yes,No,17.8,Clay Soil,7.12,2.47,44.8,17.0,214.4,22.7,86.6,74.3,7.0,10.5,104.3,22.47
2020,Season B,March,Mareba,Beans,0.78,0.55,55.0,Hillside,Hybrid (MAC 44),No,None,0.0,No,Beans,Low,Adequate,No,Yes,11.2,Sandy Loam,7.26,3.13,55.5,13.7,233.0,23.4,61.4,91.0,7.1,10.0,99.7,7.96
2023,Season B,March,Kamabuye,Beans,0.29,0.28,28.0,Flat,Hybrid (MAC 44),No,None,0.0,Partial,Cassava,Medium,Adequate,No,Yes,23.2,Clay Soil,7.14,2.5,38.2,20.0,220.5,21.5,102.0,78.4,8.0,9.7,100.3,8.93
2023,Season B,June,Ntarama,Beans,0.57,0.49,49.0,Hillside,Hybrid (MAC 44),Partial,Inorganic (NPK),0.4,No,Maize,Low,Adequate,No,No,9.7,Sandy Soil,7.15,2.99,57.9,10.5,243.6,23.2,40.0,63.2,8.2,13.8,119.4,6.67
2023,Season B,February,Ngeruka,Rice,0.59,0.42,42.0,Hillside,Improved (IR64 / NERICA),Yes,Mixed (Organic + Inorganic),0.38,No,Rice,Low,Adequate,Yes,Yes,8.1,Loam,7.0,2.78,75.7,22.5,206.2,23.2,53.1,67.4,7.6,10.7,124.4,25.34
2024,Season B,May,Mwogo,Rice,2.55,1.65,165.0,Hillside,Hybrid (Komboka),No,None,0.0,Partial,Maize,Low,Sufficient,Yes,No,16.1,Sandy Soil,5.97,2.14,71.5,18.4,164.1,23.6,93.3,82.6,6.6,11.4,106.4,26.2
2021,Season B,March,Musenyi,Maize,2.09,1.43,143.0,Hillside,Local Variety,Partial,Organic (Compost),0.15,No,Beans,Medium,Limited,Yes,No,13.9,Loam,7.14,2.11,40.0,10.0,248.0,22.5,61.6,75.6,7.2,13.3,110.6,12.08
2020,Season B,April,Shyara,Maize,2.62,2.43,243.0,Flat,Local Variety,No,None,0.0,No,Cassava,Medium,Sufficient,Yes,No,7.0,Sandy Loam,6.16,2.42,51.0,23.7,256.2,23.4,115.6,78.0,6.9,10.6,98.9,14.31
2023,Season A,January,Mareba,Rice,1.86,1.75,175.0,Flat,Local Variety,No,None,0.0,No,Beans,Low,Adequate,No,Yes,11.5,Sandy Loam,7.16,2.98,60.4,13.5,238.2,21.9,60.7,71.6,8.1,11.2,112.7,17.63
2023,Season B,April,Rilima,Beans,0.63,0.39,39.0,Flat,Hybrid (MAC 44),Yes,Organic (Compost),0.0,Partial,Beans,High,Sufficient,No,Yes,9.0,Sandy Soil,6.0,1.69,36.7,11.9,204.1,21.7,90.5,77.1,7.0,11.2,113.6,9.32
2020,Season A,January,Ruhuha,Rice,1.89,1.56,156.0,Hillside,Local Variety,No,None,0.0,No,Rice,High,Adequate,No,Yes,13.6,Sandy Loam,7.06,2.55,62.8,17.2,184.0,22.2,47.7,74.2,7.6,10.1,99.1,13.35
2024,Season A,January,Nyamata,Maize,0.28,0.24,24.0,Valley,Improved (WH507),Yes,Inorganic (NPK),0.33,No,Maize,Low,Adequate,Yes,No,11.4,Clay Soil,7.24,3.46,79.9,23.0,254.4,22.0,57.2,74.2,8.3,12.1,122.5,14.63
2024,Season B,March,Gashora,Rice,0.95,0.83,83.0,Hillside,Improved (IR64 / NERICA),Partial,Organic (Compost),0.15,No,Beans,Low,Sufficient,Yes,Yes,14.6,Loam,6.44,1.73,51.2,24.7,194.8,22.0,61.8,71.1,7.0,10.2,107.7,27.25
2021,Season B,February,Mareba,Maize,1.78,1.08,108.0,Flat,Improved (WH507),Yes,Organic (Compost),0.0,Partial,Beans,Low,Adequate,Yes,No,18.3,Sandy Loam,7.07,2.73,58.8,16.0,237.1,21.8,89.7,73.3,7.6,10.6,114.6,20.9
2021,Season A,October,Ruhuha,Beans,2.08,1.43,143.0,Flat,Local Variety,No,None,0.0,Yes,Beans,High,Adequate,Yes,Yes,5.3,Sandy Loam,6.96,2.4,56.5,21.2,187.7,23.5,143.0,79.2,7.4,10.6,97.7,5.7
2022,Season A,December,Nyamata,Beans,2.96,2.4,240.0,Flat,Improved (RWR 2245),Partial,Organic (Compost),0.27,Yes,Cassava,Low,Sufficient,Yes,No,20.8,Clay Soil,7.17,3.21,80.3,19.4,255.3,21.8,113.5,83.7,7.1,10.8,122.6,14.49
2021,Season A,September,Ntarama,Beans,1.62,1.34,134.0,Flat,Improved (RWR 2245),Yes,Organic (Compost),0.0,Yes,Beans,Medium,Adequate,Yes,Yes,15.1,Sandy Soil,7.12,3.04,60.2,14.2,253.3,25.2,102.2,66.7,7.9,13.6,116.4,13.57
2021,Season A,September,Juru,Beans,1.56,1.02,102.0,Flat,Improved (RWR 2245),Yes,Organic (Compost),0.0,No,Beans,Medium,Adequate,No,Yes,22.2,Sandy Loam,6.86,2.6,53.8,24.5,174.5,23.8,68.5,76.2,7.7,11.2,123.6,13.05
2022,Season B,May,Musenyi,Rice,2.44,2.14,214.0,Valley,Local Variety,No,None,0.0,Partial,Rice,Low,Limited,No,Yes,7.1,Loam,6.93,2.41,39.4,14.5,270.1,24.4,98.0,69.9,6.4,10.1,116.5,14.99
2021,Season A,January,Rilima,Maize,0.69,0.68,68.0,Hillside,Improved (WH507),No,None,0.0,No,Rice,Medium,Adequate,Yes,No,11.4,Sandy Soil,6.3,2.16,41.2,15.6,214.3,24.5,71.0,68.3,6.7,13.2,98.3,17.83
2021,Season B,May,Kamabuye,Maize,2.44,1.78,178.0,Flat,Improved (WH507),No,None,0.0,No,Maize,High,Adequate,Yes,No,11.5,Clay Soil,7.13,2.55,39.6,20.9,216.0,21.6,73.5,77.8,6.6,8.6,118.9,13.12
2023,Season B,March,Ntarama,Maize,1.59,1.38,138.0,Flat,Improved (WH507),Yes,Inorganic (NPK),1.93,No,Rice,Low,Sufficient,Yes,No,16.0,Sandy Soil,7.05,2.89,59.9,10.9,234.1,22.0,94.4,84.5,7.5,11.1,99.8,19.43
2022,Season A,September,Mwogo,Beans,2.51,2.02,202.0,Valley,Hybrid (MAC 44),No,None,0.0,No,Maize,Medium,Limited,No,No,9.9,Sandy Soil,6.14,2.02,64.6,18.6,166.3,26.5,86.2,68.3,6.8,12.3,102.3,8.11
2020,Season A,December,Musenyi,Rice,0.68,0.54,54.0,Valley,Improved (IR64 / NERICA),Yes,Inorganic (NPK),2.09,No,Beans,Medium,Adequate,No,No,9.1,Loam,7.27,2.67,43.5,14.8,249.6,22.9,78.8,75.5,7.0,10.4,103.8,37.62
2020,Season A,November,Nyamata,Rice,1.13,0.71,71.0,Valley,Hybrid (Komboka),No,None,0.0,No,Beans,Medium,Adequate,No,Yes,6.8,Clay Soil,7.07,3.11,78.5,27.0,246.2,24.1,126.5,77.6,7.0,11.5,120.1,26.42
2024,Season A,January,Juru,Rice,2.02,1.27,127.0,Flat,Improved (IR64 / NERICA),Yes,Mixed (Organic + Inorganic),2.47,No,Beans,Medium,Sufficient,Yes,No,10.3,Sandy Loam,6.81,2.53,49.9,21.5,182.4,25.6,56.0,66.0,7.8,9.8,99.5,35.16
2024,Season B,April,Nyamata,Rice,2.59,2.13,213.0,Valley,Improved (IR64 / NERICA),Partial,Organic (Compost),0.65,No,Beans,Low,Limited,Yes,No,13.3,Clay Soil,7.02,3.14,81.6,21.8,245.1,25.0,137.3,82.1,6.7,8.9,93.3,36.91
2020,Season B,May,Shyara,Maize,1.98,1.51,151.0,Flat,Improved (WH507),No,None,0.0,Yes,Maize,Medium,Adequate,No,No,22.3,Sandy Loam,6.14,2.23,57.1,22.0,263.9,22.3,47.9,74.3,7.0,11.2,104.9,13.3
2020,Season B,March,Nyarugenge,Beans,0.29,0.25,25.0,Flat,Improved (RWR 2245),Yes,Organic (Compost),0.0,No,Maize,Low,Limited,Yes,No,23.9,Clay Soil,6.27,2.26,43.1,23.3,190.1,24.2,127.6,73.5,6.5,12.5,102.3,12.93
2020,Season A,November,Ruhuha,Maize,0.5,0.37,37.0,Hillside,Improved (WH507),Partial,Organic (Compost),0.34,No,Fallow,Medium,Adequate,Yes,No,22.6,Sandy Loam,7.03,2.52,67.6,15.5,188.7,24.2,87.7,70.4,6.2,9.1,115.1,19.05
2021,Season B,April,Musenyi,Maize,0.66,0.46,46.0,Flat,Improved (WH507),No,None,0.0,No,Beans,Low,Adequate,No,Yes,18.6,Loam,7.07,2.66,44.5,13.2,255.0,23.4,106.0,76.6,6.3,10.8,105.4,18.08
2020,Season A,October,Rweru,Maize,1.94,1.46,146.0,Flat,Local Variety,Yes,Mixed (Organic + Inorganic),1.97,No,Rice,Medium,Limited,Yes,No,6.8,Clay Soil,7.08,2.72,67.8,12.0,188.4,23.4,79.7,74.6,7.2,8.8,103.0,15.03
2020,Season A,October,Rilima,Beans,2.65,1.67,167.0,Flat,Improved (RWR 2245),No,None,0.0,No,Rice,Medium,Limited,Yes,Yes,16.2,Sandy Soil,6.14,1.95,39.3,17.5,213.7,22.6,97.6,78.6,6.3,11.0,89.6,11.87
2023,Season B,March,Rweru,Beans,0.53,0.49,49.0,Hillside,Hybrid (MAC 44),No,None,0.0,No,Beans,Medium,Limited,Yes,No,5.6,Clay Soil,6.87,2.43,64.1,18.3,185.9,23.7,112.3,76.0,7.5,12.0,126.0,6.98
2022,Season B,June,Kamabuye,Maize,1.35,1.03,103.0,Valley,Improved (WH507),No,None,0.0,No,Rice,Low,Limited,No,No,5.3,Clay Soil,7.1,2.18,44.1,20.3,213.7,23.8,47.5,77.1,9.3,10.9,115.2,11.28
2022,Season A,October,Mareba,Maize,2.52,2.32,232.0,Flat,Improved (WH507),Partial,Inorganic (NPK),0.27,No,Maize,High,Limited,Yes,No,15.1,Sandy Loam,6.88,3.07,61.4,8.6,248.9,25.2,144.1,73.5,5.8,11.5,103.6,13.66
2020,Season B,February,Mareba,Maize,2.41,2.05,205.0,Flat,Local Variety,No,None,0.0,No,Beans,Low,Limited,Yes,No,15.1,Sandy Loam,6.99,3.12,61.2,13.1,229.6,22.5,84.4,75.8,8.8,10.7,110.1,13.48
2021,Season A,December,Mayange,Rice,0.65,0.48,48.0,Valley,Improved (IR64 / NERICA),Yes,Inorganic (NPK),1.04,Yes,Rice,Low,Adequate,No,Yes,23.0,Sandy Loam,6.05,2.61,64.6,12.9,198.2,23.8,97.7,71.6,7.0,11.5,112.6,39.52
2022,Season B,May,Mwogo,Maize,1.86,1.85,185.0,Hillside,Local Variety,No,None,0.0,Yes,Rice,Low,Sufficient,No,Yes,16.3,Sandy Soil,6.02,2.32,70.6,18.5,174.3,22.1,60.8,81.3,7.0,12.8,89.3,14.61
2023,Season A,October,Mareba,Rice,0.49,0.48,48.0,Valley,Improved (IR64 / NERICA),Yes,Inorganic (NPK),2.06,No,Rice,Low,Adequate,Yes,No,7.0,Sandy Loam,7.26,3.06,64.3,10.3,238.9,25.0,113.5,75.6,6.5,10.7,86.8,36.53
2024,Season B,March,Ruhuha,Rice,1.78,1.54,154.0,Flat,Local Variety,No,None,0.0,No,Rice,Low,Adequate,Yes,Yes,8.8,Sandy Loam,7.0,2.66,60.0,17.2,183.1,23.9,86.3,71.9,7.0,10.7,113.3,17.75
2023,Season B,April,Ruhuha,Beans,0.69,0.53,53.0,Hillside,Improved (RWR 2245),No,None,0.0,Yes,Beans,Low,Adequate,Yes,No,18.8,Sandy Loam,7.1,2.39,59.7,16.2,184.1,22.8,76.5,83.1,6.8,10.2,114.2,12.8
2021,Season A,September,Ruhuha,Beans,1.43,0.94,94.0,Flat,Improved (RWR 2245),Yes,Inorganic (NPK),1.24,No,Rice,High,Limited,No,No,19.9,Sandy Loam,7.08,2.32,61.4,16.9,195.2,23.7,88.1,77.1,7.5,12.7,104.3,12.69
2024,Season A,January,Mareba,Maize,2.8,2.19,219.0,Flat,Local Variety,Partial,Inorganic (NPK),0.35,No,Rice,Low,Adequate,No,Yes,9.0,Sandy Loam,7.0,2.96,66.5,12.5,244.8,21.9,76.4,70.1,8.1,11.8,111.9,13.27
2024,Season A,November,Kamabuye,Rice,1.27,1.16,116.0,Flat,Local Variety,Yes,Organic (Compost),0.0,No,Beans,Medium,Limited,Yes,No,17.3,Clay Soil,7.05,2.43,46.7,20.1,204.2,21.1,62.1,77.5,7.7,12.5,105.5,16.59
2024,Season A,December,Juru,Maize,1.0,0.62,62.0,Flat,Improved (WH507),No,None,0.0,Yes,Beans,Medium,Limited,Yes,No,11.8,Sandy Loam,6.79,2.51,41.8,27.7,180.6,23.7,64.4,79.1,6.7,12.8,100.4,17.3
2024,Season B,May,Shyara,Beans,2.11,1.43,143.0,Flat,Hybrid (MAC 44),No,None,0.0,No,Fallow,Medium,Adequate,No,Yes,15.4,Sandy Loam,6.1,2.43,51.9,20.1,270.9,22.5,107.9,79.2,7.3,10.4,109.1,8.78
2024,Season B,February,Kamabuye,Beans,0.36,0.31,31.0,Hillside,Improved (RWR 2245),Yes,Inorganic (NPK),0.62,No,Beans,Medium,Adequate,Yes,No,7.8,Clay Soil,7.2,2.34,42.2,18.8,207.1,23.2,100.5,71.0,8.2,12.1,115.0,13.49
2021,Season A,November,Rweru,Rice,2.44,2.01,201.0,Flat,Improved (IR64 / NERICA),Partial,Organic (Compost),0.71,No,Beans,Medium,Adequate,Yes,No,11.9,Clay Soil,6.88,2.89,64.4,8.0,205.9,22.5,84.9,70.7,7.7,11.7,113.8,32.96
2022,Season A,December,Kamabuye,Rice,0.54,0.52,52.0,Flat,Improved (IR64 / NERICA),Partial,Organic (Compost),0.16,Yes,Beans,Medium,Adequate,Yes,Yes,20.5,Clay Soil,7.13,2.3,40.3,17.1,201.5,22.2,51.0,76.0,7.8,13.1,104.6,29.53
2023,Season A,January,Ruhuha,Maize,0.92,0.62,62.0,Hillside,Local Variety,No,None,0.0,No,Maize,Medium,Adequate,No,No,13.6,Sandy Loam,7.09,2.46,64.6,17.5,181.1,22.2,79.2,70.0,7.9,11.2,118.6,11.14
2021,Season B,April,Juru,Rice,2.36,2.07,207.0,Flat,Improved (IR64 / NERICA),No,None,0.0,No,Rice,Medium,Sufficient,Yes,Yes,13.3,Sandy Loam,6.79,2.3,49.1,25.3,162.5,22.9,79.8,72.1,7.2,8.6,118.3,27.31
2024,Season A,November,Rweru,Beans,0.6,0.54,54.0,Hillside,Local Variety,No,None,0.0,No,Rice,High,Limited,No,No,7.2,Clay Soil,6.89,2.62,69.7,14.2,170.6,24.0,129.0,80.1,6.2,8.9,99.0,5.19
2020,Season A,September,Shyara,Maize,2.2,1.73,173.0,Valley,Hybrid (H614D),Yes,Mixed (Organic + Inorganic),1.64,Yes,Cassava,Low,Limited,Yes,Yes,21.0,Sandy Loam,6.15,2.26,58.8,18.4,286.9,23.9,78.9,83.2,7.5,10.9,128.1,27.28
2020,Season B,March,Musenyi,Maize,2.87,2.12,212.0,Valley,Improved (WH507),Partial,Organic (Compost),0.21,No,Beans,Low,Sufficient,Yes,No,8.1,Loam,6.98,2.49,43.0,13.8,245.7,23.3,117.0,80.6,7.4,10.0,113.2,18.66
2023,Season A,November,Nyamata,Beans,1.3,0.82,82.0,Hillside,Hybrid (MAC 44),Yes,Organic (Compost),0.0,No,Rice,Low,Adequate,No,No,22.0,Clay Soil,7.08,3.33,76.9,24.2,254.7,23.8,139.8,72.4,7.6,10.1,102.7,10.9
2024,Season A,September,Nyarugenge,Maize,1.94,1.39,139.0,Hillside,Improved (WH507),Yes,Mixed (Organic + Inorganic),1.17,Yes,Fallow,Low,Adequate,Yes,Yes,10.9,Clay Soil,6.21,2.24,42.3,21.0,198.2,23.4,50.2,70.1,7.5,11.4,98.9,21.29
2021,Season A,December,Mayange,Rice,0.16,0.1,10.0,Valley,Hybrid (Komboka),No,None,0.0,Yes,Rice,High,Sufficient,Yes,No,13.4,Sandy Loam,5.95,3.03,60.5,12.8,214.6,22.9,90.3,70.6,7.9,11.3,125.0,23.49
2024,Season B,May,Nyamata,Beans,1.07,0.93,93.0,Flat,Improved (RWR 2245),No,None,0.0,Yes,Rice,Low,Sufficient,No,No,19.5,Clay Soil,7.05,3.16,74.7,24.0,250.4,22.9,90.8,78.2,7.1,11.4,94.2,12.51
2020,Season B,April,Gashora,Beans,1.26,0.84,84.0,Flat,Hybrid (MAC 44),Partial,Organic (Compost),0.77,No,Beans,Low,Sufficient,Yes,No,24.5,Loam,6.34,1.81,51.7,26.9,208.5,22.6,135.6,86.0,7.1,11.1,99.1,9.2
2023,Season A,September,Ruhuha,Rice,1.38,0.84,84.0,Flat,Improved (IR64 / NERICA),No,None,0.0,No,Cassava,Low,Adequate,No,No,22.0,Sandy Loam,6.98,2.49,60.9,17.1,177.2,22.8,71.2,68.7,7.8,11.3,114.4,28.31
2021,Season A,September,Rilima,Rice,0.61,0.53,53.0,Hillside,Improved (IR64 / NERICA),No,None,0.0,Yes,Maize,Medium,Adequate,Yes,No,17.2,Sandy Soil,6.06,1.64,45.3,14.4,209.7,23.9,95.6,77.7,8.1,11.7,108.7,35.44
2021,Season B,February,Nyamata,Maize,1.08,0.79,79.0,Valley,Improved (WH507),No,None,0.0,Partial,Rice,Medium,Adequate,Yes,No,22.1,Clay Soil,7.07,3.06,84.7,24.3,259.7,24.6,49.6,75.1,7.7,12.2,116.3,13.85
2020,Season A,January,Mareba,Beans,1.89,1.43,143.0,Hillside,Improved (RWR 2245),Partial,Inorganic (NPK),0.6,Yes,Beans,High,Adequate,Yes,No,11.8,Sandy Loam,7.19,3.01,58.9,14.6,238.5,23.2,57.0,67.5,8.0,10.5,100.7,10.52
2024,Season A,September,Juru,Rice,1.49,1.08,108.0,Valley,Local Variety,Yes,Organic (Compost),0.0,No,Rice,Low,Adequate,No,No,24.3,Sandy Loam,6.9,2.54,43.4,25.9,185.3,25.0,66.7,75.3,6.5,11.1,98.2,17.42
2021,Season A,September,Nyarugenge,Rice,1.24,0.78,78.0,Valley,Local Variety,No,None,0.0,Yes,Beans,Low,Adequate,Yes,No,11.2,Clay Soil,6.1,2.11,42.1,20.7,199.9,23.3,71.3,82.4,7.4,10.9,107.6,19.85
2022,Season A,September,Nyamata,Beans,1.75,1.31,131.0,Valley,Local Variety,Yes,Mixed (Organic + Inorganic),0.87,No,Beans,High,Limited,Yes,Yes,22.5,Clay Soil,7.1,3.01,78.2,21.6,244.3,22.2,56.6,70.3,7.0,10.9,130.0,6.17
2023,Season A,September,Rilima,Beans,0.72,0.72,72.0,Flat,Improved (RWR 2245),Yes,Mixed (Organic + Inorganic),1.07,No,Beans,High,Adequate,Yes,Yes,15.4,Sandy Soil,6.08,1.68,45.2,15.5,206.4,21.9,105.3,76.6,8.2,11.4,114.1,12.69
2023,Season A,September,Musenyi,Beans,0.2,0.16,16.0,Hillside,Hybrid (MAC 44),Partial,Inorganic (NPK),0.24,No,Cassava,Low,Sufficient,Yes,No,22.3,Loam,7.18,2.21,40.8,14.3,255.2,22.2,79.9,81.9,7.2,11.8,106.9,10.94
2023,Season A,November,Gashora,Maize,0.86,0.81,81.0,Hillside,Local Variety,Yes,Organic (Compost),0.0,No,Maize,Low,Adequate,Yes,No,16.7,Loam,6.53,2.15,46.0,24.5,193.1,24.1,90.5,66.9,6.8,11.4,94.4,15.65
2020,Season B,May,Musenyi,Beans,1.25,1.06,106.0,Hillside,Improved (RWR 2245),Partial,Inorganic (NPK),0.74,No,Maize,Medium,Adequate,Yes,No,16.2,Loam,7.12,2.49,38.9,15.2,273.4,22.8,66.4,82.7,6.7,9.0,97.7,13.31
2021,Season A,December,Shyara,Rice,2.83,1.72,172.0,Valley,Hybrid (Komboka),Yes,Mixed (Organic + Inorganic),1.0,Partial,Beans,Low,Adequate,No,Yes,24.8,Sandy Loam,6.12,2.16,54.8,17.3,269.2,22.1,70.1,70.0,7.1,11.9,123.7,27.57
2023,Season A,October,Kamabuye,Beans,2.16,1.81,181.0,Flat,Local Variety,No,None,0.0,No,Beans,Low,Adequate,No,No,9.3,Clay Soil,7.21,2.43,38.3,18.9,194.4,24.0,85.2,81.8,6.2,9.9,105.0,5.93
2020,Season B,June,Shyara,Maize,1.45,1.39,139.0,Flat,Local Variety,No,None,0.0,No,Beans,Low,Adequate,No,Yes,16.3,Sandy Loam,6.11,2.46,60.7,18.1,275.2,24.0,32.3,61.8,8.0,13.3,100.3,10.56
2020,Season A,September,Nyamata,Rice,2.9,2.6,260.0,Flat,Improved (IR64 / NERICA),Yes,Organic (Compost),0.0,No,Cassava,Low,Sufficient,Yes,No,12.0,Clay Soil,7.11,3.46,78.5,25.6,248.8,24.9,106.5,79.6,7.0,14.0,100.9,40.92
2024,Season A,December,Kamabuye,Maize,0.72,0.43,43.0,Flat,Local Variety,No,None,0.0,Yes,Cassava,Medium,Limited,No,No,6.7,Clay Soil,7.0,2.04,44.7,17.6,204.8,21.5,104.5,80.4,8.0,10.9,96.9,11.37
2022,Season B,March,Gashora,Beans,2.8,2.15,215.0,Flat,Hybrid (MAC 44),No,None,0.0,Yes,Beans,High,Adequate,Yes,No,21.4,Loam,6.6,2.22,49.3,26.9,191.4,24.7,61.9,76.7,7.0,12.6,112.2,7.55
2024,Season A,November,Nyarugenge,Maize,2.4,1.92,192.0,Flat,Improved (WH507),Yes,Organic (Compost),0.0,Partial,Beans,Medium,Adequate,No,No,23.3,Clay Soil,6.22,2.01,40.5,22.8,187.9,23.3,140.1,81.7,6.6,9.1,116.1,21.47
2023,Season A,November,Ntarama,Beans,1.77,1.66,166.0,Valley,Improved (RWR 2245),Yes,Mixed (Organic + Inorganic),0.9,Yes,Rice,Low,Adequate,Yes,No,11.4,Sandy Soil,7.08,2.84,59.2,11.9,243.6,25.0,82.2,73.1,6.8,11.4,96.3,16.75
2024,Season B,April,Musenyi,Maize,1.91,1.15,115.0,Valley,Hybrid (H614D),Yes,Mixed (Organic + Inorganic),0.4,Partial,Beans,Medium,Adequate,Yes,No,24.1,Loam,7.12,2.28,38.6,13.0,269.0,23.6,128.4,71.5,7.2,10.5,102.1,27.33
2020,Season B,June,Nyarugenge,Maize,1.31,1.1,110.0,Hillside,Local Variety,Yes,Organic (Compost),0.0,No,Beans,Medium,Sufficient,No,Yes,14.6,Clay Soil,6.09,1.94,43.3,17.5,193.4,21.2,26.6,76.5,8.2,12.7,124.1,10.92
2022,Season B,April,Gashora,Maize,0.73,0.54,54.0,Hillside,Improved (WH507),Partial,Inorganic (NPK),0.65,Partial,Beans,Medium,Sufficient,No,No,12.4,Loam,6.61,2.21,50.9,22.7,215.3,24.8,71.3,78.6,7.1,11.9,107.5,17.44
2024,Season A,December,Rilima,Maize,0.41,0.37,37.0,Flat,Improved (WH507),Yes,Inorganic (NPK),0.65,Yes,Beans,Medium,Limited,No,No,7.2,Sandy Soil,6.22,1.87,44.6,17.1,211.0,20.3,70.7,68.6,7.1,14.3,104.3,18.41
2024,Season A,September,Ntarama,Beans,0.68,0.62,62.0,Flat,Local Variety,Yes,Inorganic (NPK),1.13,No,Maize,High,Adequate,Yes,No,15.8,Sandy Soil,7.15,2.73,64.8,12.8,252.4,25.2,85.5,69.6,6.8,10.5,110.4,6.21
2020,Season B,February,Ruhuha,Maize,0.55,0.44,44.0,Flat,Improved (WH507),No,None,0.0,No,Maize,High,Adequate,Yes,Yes,11.8,Sandy Loam,7.39,2.19,67.2,17.4,188.3,23.9,72.6,76.8,7.7,11.5,95.2,11.9
2021,Season A,November,Ntarama,Maize,1.92,1.5,150.0,Hillside,Improved (WH507),No,None,0.0,Yes,Beans,Low,Adequate,Yes,Yes,21.7,Sandy Soil,7.21,2.9,68.4,13.0,241.0,25.5,66.4,78.5,6.6,6.7,107.3,17.7
2023,Season A,September,Ngeruka,Beans,0.68,0.44,44.0,Flat,Hybrid (MAC 44),No,None,0.0,No,Beans,Medium,Adequate,Yes,No,8.1,Loam,7.0,2.95,74.2,18.5,195.8,23.3,75.6,77.2,7.5,10.9,107.5,8.95
2022,Season A,December,Nyamata,Beans,1.7,1.53,153.0,Hillside,Hybrid (MAC 44),Yes,Inorganic (NPK),0.36,No,Beans,Low,Sufficient,No,No,5.3,Clay Soil,7.04,3.31,76.5,28.3,248.2,20.5,118.4,75.0,7.4,10.2,124.4,9.58
2021,Season A,January,Musenyi,Rice,1.96,1.87,187.0,Flat,Local Variety,Yes,Organic (Compost),0.0,No,Maize,High,Adequate,No,No,6.3,Loam,7.28,2.5,41.8,11.3,246.5,22.7,67.1,68.6,7.8,8.6,122.3,15.36
2024,Season B,February,Gashora,Rice,0.89,0.82,82.0,Flat,Hybrid (Komboka),Partial,Inorganic (NPK),0.23,No,Cassava,Medium,Limited,No,No,14.6,Loam,6.79,1.94,43.6,22.8,194.2,25.4,56.8,72.4,7.2,11.4,116.5,19.1
2022,Season B,March,Nyarugenge,Rice,2.94,1.9,190.0,Flat,Improved (IR64 / NERICA),Partial,Inorganic (NPK),0.13,No,Beans,Low,Sufficient,Yes,No,6.7,Clay Soil,6.28,2.29,38.2,20.9,189.6,23.8,132.4,73.0,7.0,11.9,96.1,37.7
2024,Season B,June,Mwogo,Maize,2.1,1.85,185.0,Flat,Improved (WH507),Yes,Mixed (Organic + Inorganic),1.62,Yes,Rice,Medium,Sufficient,No,Yes,5.4,Sandy Soil,6.05,1.62,67.1,21.5,153.8,22.7,42.8,75.8,8.6,12.5,132.0,19.67
2021,Season A,December,Mareba,Beans,0.84,0.77,77.0,Valley,Improved (RWR 2245),No,None,0.0,No,Cassava,High,Sufficient,No,No,22.3,Sandy Loam,7.05,2.68,60.0,13.5,228.5,21.9,115.7,63.4,6.8,13.4,118.0,11.66
2022,Season B,March,Nyamata,Maize,0.16,0.11,11.0,Valley,Local Variety,No,None,0.0,No,Beans,High,Sufficient,Yes,Yes,19.8,Clay Soil,7.14,3.28,72.2,25.3,254.4,22.9,70.3,77.6,6.8,11.8,109.3,10.3
2020,Season A,January,Mwogo,Beans,0.38,0.35,35.0,Valley,Local Variety,Yes,Organic (Compost),0.0,Partial,Maize,High,Adequate,Yes,No,12.8,Sandy Soil,6.04,1.84,64.6,17.9,154.6,21.5,75.4,74.1,7.9,10.8,102.3,7.05
2023,Season B,April,Ruhuha,Rice,1.63,1.52,152.0,Flat,Improved (IR64 / NERICA),No,None,0.0,No,Beans,Medium,Limited,Yes,Yes,13.6,Sandy Loam,6.89,2.56,66.5,17.1,194.6,26.0,73.5,80.7,5.9,11.1,101.2,22.56
2020,Season A,December,Ntarama,Rice,1.19,1.14,114.0,Flat,Hybrid (Komboka),No,None,0.0,Yes,Fallow,High,Sufficient,No,Yes,13.5,Sandy Soil,6.92,2.83,65.4,9.6,240.6,22.1,79.9,74.9,7.4,7.9,114.5,19.86
2024,Season B,February,Rweru,Rice,0.34,0.22,22.0,Valley,Hybrid (Komboka),No,None,0.0,No,Maize,Low,Adequate,Yes,Yes,15.6,Clay Soil,6.88,2.7,65.2,9.1,181.8,24.1,46.0,73.7,7.7,10.9,105.2,21.05
2023,Season A,November,Ngeruka,Maize,1.16,0.8,80.0,Hillside,Local Variety,Partial,Inorganic (NPK),0.29,Yes,Maize,High,Limited,No,No,14.6,Loam,6.96,2.56,74.9,20.9,189.4,23.4,136.0,79.2,6.6,11.8,105.1,11.28
2021,Season B,June,Gashora,Rice,0.71,0.57,57.0,Valley,Local Variety,Yes,Inorganic (NPK),2.39,No,Cassava,High,Limited,Yes,Yes,13.6,Loam,6.51,2.13,47.9,20.7,195.5,23.4,28.1,67.9,9.1,10.2,112.2,12.31
2020,Season A,January,Shyara,Beans,1.09,1.05,105.0,Flat,Improved (RWR 2245),No,None,0.0,Yes,Rice,Low,Adequate,Yes,No,16.6,Sandy Loam,6.22,2.18,53.8,19.3,263.4,21.8,73.9,68.3,8.2,10.9,97.5,14.12
2024,Season B,June,Ruhuha,Beans,0.97,0.88,88.0,Flat,Local Variety,No,None,0.0,Partial,Beans,High,Limited,No,Yes,15.2,Sandy Loam,7.0,2.34,62.2,14.3,176.2,22.6,36.6,69.3,8.0,13.7,107.7,3.93
2021,Season B,March,Nyamata,Maize,2.06,1.86,186.0,Flat,Hybrid (H614D),No,None,0.0,No,Maize,Low,Limited,No,No,21.5,Clay Soil,7.04,3.57,73.7,27.9,247.9,23.2,119.0,82.1,8.0,13.0,121.9,21.61
2021,Season B,March,Ruhuha,Maize,0.36,0.36,36.0,Flat,Local Variety,Partial,Inorganic (NPK),0.76,Yes,Beans,Low,Sufficient,Yes,Yes,11.0,Sandy Loam,6.91,2.49,56.8,14.7,180.8,23.8,96.1,73.4,7.1,11.8,114.6,15.1
2021,Season A,September,Ruhuha,Maize,1.99,1.79,179.0,Valley,Local Variety,Yes,Inorganic (NPK),2.17,No,Beans,Low,Sufficient,Yes,No,19.8,Sandy Loam,6.85,2.46,66.0,20.2,183.7,22.2,78.4,66.9,8.0,11.0,130.2,15.48
2024,Season B,March,Rweru,Beans,0.28,0.21,21.0,Flat,Improved (RWR 2245),Yes,Inorganic (NPK),0.66,No,Beans,Low,Limited,Yes,No,16.0,Clay Soil,7.05,2.67,69.4,13.5,197.9,24.7,102.3,73.7,7.2,10.3,105.0,12.03
2020,Season B,May,Mayange,Rice,1.48,1.2,120.0,Valley,Hybrid (Komboka),No,None,0.0,No,Maize,Low,Sufficient,Yes,No,7.5,Sandy Loam,6.04,3.12,60.9,12.0,197.4,24.7,50.4,73.3,8.1,9.9,99.7,21.71
2024,Season B,May,Mayange,Beans,1.58,1.34,134.0,Valley,Hybrid (MAC 44),Yes,Mixed (Organic + Inorganic),1.37,No,Rice,Low,Adequate,Yes,Yes,16.0,Sandy Loam,5.95,2.96,71.8,12.5,199.3,23.8,101.8,80.4,5.7,10.8,103.6,10.71
2021,Season A,September,Nyarugenge,Rice,0.54,0.4,40.0,Hillside,Improved (IR64 / NERICA),No,None,0.0,No,Rice,Medium,Adequate,Yes,No,21.1,Clay Soil,6.39,1.9,41.8,19.5,203.7,22.4,69.6,72.9,8.2,11.2,97.6,25.98
2023,Season A,September,Mareba,Maize,0.17,0.15,15.0,Valley,Local Variety,No,None,0.0,Yes,Beans,Medium,Limited,No,Yes,16.7,Sandy Loam,7.12,3.09,59.3,10.4,241.2,24.4,73.2,81.0,6.6,12.8,97.9,11.23
2020,Season A,October,Rilima,Maize,1.76,1.69,169.0,Hillside,Improved (WH507),Yes,Organic (Compost),0.0,No,Beans,Low,Sufficient,No,No,18.5,Sandy Soil,6.02,2.14,41.8,11.1,212.8,24.0,78.2,82.8,6.4,9.6,90.7,22.77
2021,Season B,June,Nyarugenge,Maize,1.81,1.81,181.0,Hillside,Improved (WH507),No,None,0.0,No,Beans,Low,Adequate,Yes,No,16.7,Clay Soil,6.23,1.84,43.1,21.8,186.0,22.2,35.9,71.1,7.8,11.3,119.9,13.03
2022,Season A,December,Nyamata,Rice,2.75,2.13,213.0,Valley,Improved (IR64 / NERICA),Yes,Inorganic (NPK),1.01,No,Maize,High,Sufficient,Yes,Yes,16.3,Clay Soil,7.26,2.94,79.2,22.9,263.1,23.5,114.6,76.4,7.8,11.6,98.2,32.44
2024,Season B,June,Ntarama,Beans,1.46,1.41,141.0,Flat,Hybrid (MAC 44),Partial,Organic (Compost),0.73,Partial,Rice,Medium,Adequate,Yes,No,20.8,Sandy Soil,7.11,2.94,66.7,14.5,256.0,23.6,36.5,70.3,8.8,11.9,101.7,8.27
2024,Season A,January,Rweru,Rice,0.96,0.69,69.0,Flat,Local Variety,Partial,Inorganic (NPK),0.53,No,Maize,Low,Sufficient,Yes,No,22.3,Clay Soil,6.86,2.62,67.4,12.0,198.8,22.0,69.3,67.6,8.0,11.6,105.5,18.1
2022,Season A,December,Nyarugenge,Beans,1.47,0.98,98.0,Valley,Hybrid (MAC 44),Partial,Organic (Compost),0.4,No,Maize,Medium,Adequate,Yes,Yes,15.7,Clay Soil,6.36,2.04,43.7,25.3,196.2,23.2,66.1,81.5,6.6,9.5,100.4,11.25
2022,Season B,May,Juru,Beans,0.99,0.8,80.0,Flat,Local Variety,Partial,Inorganic (NPK),0.69,No,Maize,Low,Adequate,Yes,Yes,23.3,Sandy Loam,6.93,2.47,44.8,23.5,176.4,23.5,52.8,86.6,6.9,10.3,102.1,6.51
2024,Season A,November,Ntarama,Rice,1.65,1.27,127.0,Flat,Local Variety,Partial,Inorganic (NPK),0.39,Yes,Beans,High,Sufficient,No,No,15.9,Sandy Soil,7.03,2.94,60.8,9.3,237.2,23.7,69.5,80.9,7.9,9.7,111.5,19.14
2021,Season A,November,Ruhuha,Rice,1.43,1.35,135.0,Valley,Local Variety,Yes,Organic (Compost),0.0,No,Rice,Low,Adequate,No,Yes,19.3,Sandy Loam,7.08,2.45,57.5,16.7,179.3,22.0,73.8,76.5,6.4,11.1,104.5,18.12
2022,Season A,October,Gashora,Beans,0.54,0.53,53.0,Flat,Local Variety,Yes,Inorganic (NPK),1.09,Yes,Beans,Medium,Adequate,No,No,22.5,Loam,6.49,2.05,46.5,25.3,196.5,24.9,93.9,67.6,6.0,11.3,93.5,7.34
2023,Season B,May,Rweru,Maize,2.92,1.81,181.0,Hillside,Improved (WH507),No,None,0.0,No,Maize,High,Limited,Yes,Yes,14.9,Clay Soil,7.07,2.61,66.2,10.3,198.2,23.1,103.0,82.7,6.3,11.6,106.0,13.4
2022,Season B,March,Musenyi,Rice,0.72,0.71,71.0,Flat,Hybrid (Komboka),Yes,Inorganic (NPK),0.95,Yes,Beans,Medium,Limited,Yes,Yes,23.4,Loam,7.17,2.38,38.7,12.0,257.4,22.7,112.2,74.9,8.0,10.8,112.8,24.62
2021,Season A,September,Ruhuha,Rice,2.24,1.45,145.0,Flat,Local Variety,Yes,Inorganic (NPK),2.08,No,Beans,Low,Sufficient,Yes,No,8.2,Sandy Loam,6.92,2.52,61.9,17.1,181.6,25.6,75.5,70.0,7.4,11.3,106.8,20.28
2020,Season A,September,Mareba,Maize,2.23,1.8,180.0,Hillside,Local Variety,No,None,0.0,No,Maize,Low,Limited,Yes,Yes,13.7,Sandy Loam,7.06,3.16,61.7,15.2,233.5,23.6,81.8,68.6,7.1,11.4,129.2,12.85
2020,Season A,November,Shyara,Maize,1.6,1.53,153.0,Flat,Local Variety,Partial,Inorganic (NPK),0.26,No,Beans,High,Sufficient,No,Yes,9.8,Sandy Loam,6.21,2.32,54.8,21.4,264.8,24.0,132.8,74.2,5.8,10.7,95.3,14.1
2021,Season B,June,Musenyi,Rice,0.91,0.82,82.0,Flat,Hybrid (Komboka),No,None,0.0,Yes,Maize,Medium,Sufficient,Yes,Yes,18.1,Loam,7.16,2.37,39.1,12.9,260.2,23.5,26.6,65.7,7.5,12.4,109.9,19.54
2022,Season B,March,Shyara,Beans,2.34,2.23,223.0,Valley,Improved (RWR 2245),Yes,Inorganic (NPK),0.8,No,Cassava,Medium,Limited,Yes,Yes,24.4,Sandy Loam,6.02,2.14,58.9,19.6,273.1,22.8,104.2,78.1,6.9,8.6,124.1,14.1
2021,Season A,October,Ruhuha,Maize,0.66,0.42,42.0,Hillside,Improved (WH507),Partial,Inorganic (NPK),0.19,No,Maize,Low,Adequate,No,No,6.9,Sandy Loam,7.04,2.49,60.9,20.5,176.3,22.6,114.2,84.8,6.9,9.2,108.4,20.2
2020,Season B,June,Shyara,Maize,1.28,1.23,123.0,Flat,Improved (WH507),No,None,0.0,No,Rice,High,Sufficient,Yes,No,15.2,Sandy Loam,6.11,2.41,54.9,21.8,268.1,21.8,27.3,62.6,8.0,11.8,100.8,11.71
2024,Season B,May,Rilima,Maize,2.66,2.05,205.0,Valley,Hybrid (H614D),Partial,Inorganic (NPK),0.6,No,Beans,Medium,Adequate,No,No,15.8,Sandy Soil,6.23,1.73,46.0,17.1,206.3,23.2,91.1,75.5,6.0,10.4,99.6,26.09
2023,Season A,January,Nyarugenge,Beans,0.63,0.52,52.0,Flat,Local Variety,No,None,0.0,Partial,Beans,High,Sufficient,Yes,Yes,5.1,Clay Soil,6.14,1.77,40.7,22.9,198.3,24.4,80.1,77.0,7.8,13.4,120.2,5.56
2021,Season B,March,Ruhuha,Rice,0.5,0.34,34.0,Hillside,Local Variety,Yes,Organic (Compost),0.0,No,Maize,Low,Limited,Yes,No,10.9,Sandy Loam,7.05,2.74,62.3,14.6,167.8,23.2,105.7,77.3,6.2,10.3,117.5,21.48
2021,Season B,February,Rilima,Maize,2.21,2.2,220.0,Valley,Improved (WH507),No,None,0.0,Yes,Maize,Medium,Sufficient,Yes,No,20.7,Sandy Soil,6.02,1.68,36.7,17.2,215.7,23.4,75.1,65.8,7.0,10.5,122.4,17.33
2023,Season A,December,Nyarugenge,Maize,2.43,1.87,187.0,Flat,Local Variety,Partial,Inorganic (NPK),0.22,Yes,Rice,Low,Adequate,Yes,No,13.0,Clay Soil,6.23,2.3,45.1,20.6,201.2,22.1,59.4,74.8,6.4,11.4,102.3,12.51
2022,Season B,March,Mwogo,Beans,0.48,0.36,36.0,Hillside,Local Variety,Yes,Mixed (Organic + Inorganic),0.41,Yes,Maize,Medium,Adequate,Yes,No,24.3,Sandy Soil,6.07,2.36,64.9,19.2,176.5,24.5,76.6,70.4,7.3,11.3,122.2,6.87
2024,Season A,September,Musenyi,Maize,0.68,0.47,47.0,Flat,Improved (WH507),Partial,Organic (Compost),0.6,No,Beans,Medium,Adequate,No,Yes,13.3,Loam,7.13,2.41,43.4,19.4,251.6,24.3,68.7,68.5,7.5,12.2,111.8,17.81
2024,Season B,May,Musenyi,Beans,2.25,2.17,217.0,Flat,Improved (RWR 2245),No,None,0.0,No,Beans,Medium,Sufficient,Yes,No,14.3,Loam,7.22,2.35,40.4,12.6,264.9,23.8,61.3,79.8,7.4,9.7,111.5,9.75
2022,Season B,June,Nyamata,Beans,1.94,1.83,183.0,Valley,Hybrid (MAC 44),Yes,Mixed (Organic + Inorganic),0.92,No,Beans,Medium,Adequate,Yes,No,23.2,Clay Soil,7.14,2.92,75.9,23.3,253.6,21.7,38.3,63.4,8.4,12.4,107.3,7.96
2021,Season B,April,Musenyi,Maize,1.43,1.09,109.0,Flat,Improved (WH507),Yes,Mixed (Organic + Inorganic),1.77,Yes,Maize,Low,Adequate,Yes,No,22.7,Loam,7.15,2.55,45.2,17.9,255.1,23.3,115.2,75.4,7.0,9.8,113.8,24.13
2021,Season A,September,Juru,Rice,0.51,0.33,33.0,Flat,Improved (IR64 / NERICA),No,None,0.0,No,Beans,Low,Sufficient,Yes,No,11.9,Sandy Loam,6.75,2.87,47.6,19.8,182.2,21.8,60.3,73.4,7.0,11.1,121.3,26.81
2021,Season A,October,Mareba,Maize,0.72,0.51,51.0,Flat,Local Variety,No,None,0.0,Yes,Fallow,Low,Adequate,No,No,20.6,Sandy Loam,7.2,3.04,64.1,15.2,243.1,22.8,106.3,83.7,6.4,8.9,100.9,15.25
2020,Season A,December,Ntarama,Rice,2.35,1.78,178.0,Flat,Hybrid (Komboka),No,None,0.0,No,Maize,High,Adequate,No,No,22.1,Sandy Soil,7.15,2.87,60.8,9.6,236.6,23.7,58.3,74.8,7.7,11.4,125.1,18.62
2024,Season B,February,Ruhuha,Rice,2.91,2.72,272.0,Flat,Improved (IR64 / NERICA),Yes,Organic (Compost),0.0,Partial,Maize,Low,Adequate,Yes,No,11.9,Sandy Loam,6.98,2.57,64.5,15.8,198.3,24.8,69.7,72.0,8.6,11.1,121.3,29.94
2020,Season A,December,Nyarugenge,Rice,1.08,1.02,102.0,Valley,Improved (IR64 / NERICA),No,None,0.0,Yes,Maize,Medium,Limited,Yes,Yes,14.5,Clay Soil,6.18,2.21,38.2,18.4,210.4,20.4,97.7,68.5,7.6,10.9,116.8,31.01
2023,Season B,February,Juru,Maize,1.07,0.73,73.0,Flat,Improved (WH507),No,None,0.0,Partial,Maize,Low,Adequate,Yes,No,12.5,Sandy Loam,6.69,2.75,56.6,24.6,166.9,21.4,50.5,77.0,7.5,10.7,98.7,12.58
2023,Season A,September,Ngeruka,Rice,2.43,1.99,199.0,Valley,Local Variety,No,None,0.0,Partial,Beans,Medium,Adequate,Yes,No,25.0,Loam,6.98,2.91,68.7,20.4,189.7,25.1,50.9,70.1,7.0,11.3,98.8,18.92
2024,Season A,December,Rweru,Maize,0.16,0.15,15.0,Hillside,Improved (WH507),Yes,Inorganic (NPK),1.83,No,Rice,High,Sufficient,Yes,Yes,21.8,Clay Soil,6.98,2.45,59.9,12.0,182.7,23.5,65.2,75.0,7.3,12.1,113.9,16.96
2021,Season A,October,Gashora,Maize,1.54,1.01,101.0,Hillside,Improved (WH507),No,None,0.0,No,Beans,Low,Sufficient,Yes,Yes,13.7,Loam,6.4,2.24,52.0,22.0,190.2,23.5,104.9,76.7,6.4,8.9,113.2,20.44
2023,Season A,January,Mwogo,Maize,1.22,0.91,91.0,Hillside,Improved (WH507),Yes,Inorganic (NPK),0.42,Yes,Cassava,Low,Sufficient,No,No,7.9,Sandy Soil,5.94,2.16,66.3,21.8,172.9,21.6,73.2,66.9,8.2,11.2,118.1,22.99
2022,Season B,April,Ruhuha,Rice,0.97,0.71,71.0,Valley,Local Variety,No,None,0.0,No,Maize,High,Limited,No,No,13.4,Sandy Loam,7.03,2.52,62.6,21.3,195.9,21.9,118.2,80.5,7.5,10.5,118.8,13.68
2020,Season B,May,Kamabuye,Maize,2.47,1.69,169.0,Flat,Improved (WH507),Yes,Mixed (Organic + Inorganic),0.47,No,Beans,Low,Sufficient,Yes,Yes,16.5,Clay Soil,7.19,2.38,43.2,21.9,215.6,23.2,99.1,73.7,7.2,12.3,89.6,23.62
2023,Season A,November,Shyara,Maize,2.91,2.12,212.0,Valley,Improved (WH507),Yes,Inorganic (NPK),1.96,No,Beans,Medium,Adequate,Yes,Yes,16.6,Sandy Loam,6.04,2.25,58.9,19.1,255.8,23.9,66.5,72.6,6.9,9.8,117.1,21.98
2020,Season B,May,Mareba,Maize,1.05,0.7,70.0,Valley,Local Variety,No,None,0.0,Yes,Maize,High,Sufficient,Yes,Yes,9.4,Sandy Loam,7.04,3.05,62.7,9.8,243.2,22.8,98.2,85.3,7.3,9.9,102.8,10.06
2021,Season A,September,Ngeruka,Beans,2.46,1.71,171.0,Flat,Hybrid (MAC 44),Yes,Organic (Compost),0.0,Partial,Maize,Low,Sufficient,No,No,20.7,Loam,6.96,2.56,68.7,21.5,201.4,25.0,61.8,79.5,7.9,11.4,101.1,9.19
2020,Season B,June,Gashora,Beans,2.32,2.26,226.0,Valley,Hybrid (MAC 44),No,None,0.0,No,Rice,Medium,Limited,Yes,Yes,17.3,Loam,6.44,2.19,48.3,24.6,198.7,23.3,48.0,74.2,8.5,13.1,100.7,6.67
2020,Season A,October,Gashora,Rice,0.11,0.1,10.0,Flat,Local Variety,No,None,0.0,Partial,Cassava,Low,Limited,Yes,Yes,19.7,Loam,6.47,2.12,45.8,27.0,182.6,23.8,96.8,86.3,6.1,9.5,99.1,20.4
2021,Season A,December,Mareba,Maize,0.33,0.29,29.0,Hillside,Improved (WH507),Yes,Organic (Compost),0.0,Yes,Maize,High,Adequate,No,Yes,16.3,Sandy Loam,7.19,2.84,57.0,14.1,242.8,23.1,69.6,73.5,7.6,11.4,110.2,17.47
2023,Season B,March,Mwogo,Maize,1.49,1.01,101.0,Valley,Local Variety,No,None,0.0,Yes,Beans,High,Adequate,No,No,24.6,Sandy Soil,6.06,2.08,70.8,17.8,164.6,24.4,92.8,73.9,7.0,12.2,120.1,12.52
2024,Season A,September,Ngeruka,Maize,1.26,1.0,100.0,Flat,Improved (WH507),Partial,Inorganic (NPK),0.32,No,Maize,Low,Limited,No,No,18.8,Loam,7.01,2.82,73.4,19.4,208.0,21.8,70.4,78.6,6.8,11.6,127.1,15.37
2020,Season B,May,Gashora,Rice,1.08,0.76,76.0,Valley,Improved (IR64 / NERICA),No,None,0.0,No,Fallow,High,Adequate,No,No,24.3,Loam,6.41,2.18,51.4,27.7,183.2,22.7,98.0,84.7,6.3,10.0,94.7,25.7
2020,Season B,February,Gashora,Maize,1.59,1.38,138.0,Flat,Improved (WH507),No,None,0.0,Yes,Cassava,High,Adequate,Yes,No,14.1,Loam,6.51,2.02,51.7,24.6,181.7,21.2,75.2,71.4,7.3,10.4,111.5,14.19
2024,Season A,January,Gashora,Maize,0.42,0.33,33.0,Flat,Improved (WH507),No,None,0.0,No,Beans,Medium,Adequate,No,No,9.0,Loam,6.56,2.21,51.0,24.6,190.4,22.3,82.9,75.7,7.0,10.9,118.4,17.28
2023,Season B,March,Ruhuha,Maize,2.54,2.05,205.0,Valley,Improved (WH507),Partial,Inorganic (NPK),0.29,No,Fallow,Low,Sufficient,No,Yes,21.1,Sandy Loam,6.9,2.42,64.2,19.4,190.4,22.3,132.2,82.4,6.8,9.9,121.1,17.15
2021,Season B,February,Nyarugenge,Maize,0.99,0.76,76.0,Flat,Hybrid (H614D),No,None,0.0,No,Rice,Medium,Sufficient,Yes,No,8.1,Clay Soil,6.19,2.07,40.5,24.3,193.7,25.0,88.3,67.0,8.2,12.2,98.4,21.91
2020,Season A,December,Ruhuha,Rice,2.17,2.02,202.0,Flat,Improved (IR64 / NERICA),Yes,Mixed (Organic + Inorganic),0.76,Yes,Rice,Medium,Limited,No,No,25.0,Sandy Loam,7.06,2.41,61.4,19.1,189.6,23.8,58.7,73.8,7.6,10.3,96.7,26.64
2022,Season B,April,Rweru,Rice,1.82,1.71,171.0,Flat,Hybrid (Komboka),Yes,Mixed (Organic + Inorganic),0.58,Yes,Beans,Low,Adequate,Yes,Yes,12.0,Clay Soil,7.21,2.59,67.4,11.2,193.2,21.2,92.4,72.0,6.6,11.7,110.6,27.84
2024,Season B,May,Juru,Maize,1.04,0.93,93.0,Flat,Improved (WH507),Yes,Mixed (Organic + Inorganic),2.03,No,Cassava,Medium,Adequate,No,No,10.1,Sandy Loam,6.93,2.6,45.7,24.9,170.6,23.2,99.3,87.8,6.7,11.3,108.3,21.88
2024,Season B,March,Nyamata,Maize,0.81,0.73,73.0,Flat,Local Variety,Partial,Organic (Compost),0.36,No,Maize,Low,Sufficient,No,Yes,9.4,Clay Soil,7.02,3.13,82.3,23.7,242.9,22.1,103.3,73.2,7.6,10.2,118.7,14.17
2024,Season A,October,Kamabuye,Beans,1.05,0.99,99.0,Flat,Hybrid (MAC 44),Partial,Inorganic (NPK),0.1,Partial,Maize,Medium,Limited,No,No,19.8,Clay Soil,6.97,2.12,40.1,19.3,202.4,23.4,72.6,72.8,6.5,11.1,97.7,9.44
2022,Season B,February,Kamabuye,Maize,1.86,1.24,124.0,Hillside,Local Variety,Yes,Mixed (Organic + Inorganic),0.68,Partial,Beans,Low,Sufficient,No,No,21.7,Clay Soil,6.96,2.31,38.8,22.5,215.3,22.0,55.6,73.0,8.2,12.0,105.1,14.41
2024,Season B,May,Mareba,Rice,1.81,1.76,176.0,Valley,Local Variety,No,None,0.0,No,Beans,High,Sufficient,Yes,No,18.3,Sandy Loam,7.07,3.04,64.8,12.2,236.8,22.4,64.8,72.7,6.5,12.2,117.2,13.15
2024,Season A,December,Ntarama,Rice,0.65,0.39,39.0,Valley,Improved (IR64 / NERICA),Partial,Inorganic (NPK),0.56,No,Rice,Medium,Adequate,Yes,Yes,12.2,Sandy Soil,6.88,2.85,59.6,15.2,253.7,22.6,106.5,72.5,8.0,11.9,107.4,32.3
2024,Season A,November,Gashora,Maize,1.39,1.38,138.0,Hillside,Local Variety,Yes,Mixed (Organic + Inorganic),0.93,No,Beans,Medium,Sufficient,Yes,No,9.6,Loam,6.49,2.25,50.0,20.9,192.8,23.0,92.0,78.7,7.7,10.2,113.0,20.12
2021,Season B,February,Mareba,Beans,1.88,1.57,157.0,Hillside,Improved (RWR 2245),No,None,0.0,No,Beans,Low,Adequate,Yes,No,23.9,Sandy Loam,7.06,3.04,61.2,13.1,246.8,22.7,73.3,69.4,8.0,11.4,101.7,12.91
2020,Season B,April,Nyarugenge,Rice,0.54,0.51,51.0,Valley,Hybrid (Komboka),Yes,Organic (Compost),0.0,Partial,Beans,High,Adequate,No,Yes,19.5,Clay Soil,6.28,2.01,37.1,21.4,207.1,23.9,84.9,74.7,7.8,11.0,119.8,23.62
2022,Season B,May,Shyara,Maize,0.57,0.36,36.0,Valley,Local Variety,Yes,Mixed (Organic + Inorganic),1.6,Partial,Beans,Low,Adequate,Yes,No,18.5,Sandy Loam,6.24,2.35,56.4,19.8,264.7,23.4,62.2,73.2,7.5,11.2,113.6,16.93
2021,Season B,May,Ruhuha,Maize,2.01,1.56,156.0,Flat,Improved (WH507),Partial,Organic (Compost),0.17,Partial,Maize,Medium,Sufficient,No,No,16.1,Sandy Loam,7.24,2.25,58.9,19.1,203.4,23.3,60.2,86.3,6.8,11.2,89.0,15.14
2023,Season B,March,Gashora,Maize,2.58,2.3,230.0,Flat,Hybrid (H614D),Yes,Mixed (Organic + Inorganic),0.76,No,Beans,High,Adequate,Yes,No,11.9,Loam,6.41,2.26,45.1,24.9,192.0,23.3,101.2,71.2,6.7,11.6,110.1,25.77
2020,Season A,January,Juru,Beans,2.09,2.06,206.0,Flat,Hybrid (MAC 44),Partial,Organic (Compost),0.47,Partial,Maize,High,Sufficient,No,Yes,16.2,Sandy Loam,6.82,2.72,51.8,21.9,185.1,22.2,58.4,74.0,7.7,9.7,122.0,8.27
2021,Season B,May,Nyamata,Maize,1.12,0.95,95.0,Hillside,Local Variety,Yes,Inorganic (NPK),0.93,Partial,Maize,Low,Adequate,Yes,Yes,16.2,Clay Soil,7.0,3.15,76.9,24.2,251.5,22.7,92.9,89.8,6.8,12.2,92.3,15.57
2024,Season A,October,Rweru,Beans,1.88,1.61,161.0,Hillside,Improved (RWR 2245),Yes,Mixed (Organic + Inorganic),1.09,Yes,Maize,Medium,Adequate,No,No,24.7,Clay Soil,7.15,2.39,67.1,13.5,196.6,23.2,103.8,78.6,5.6,10.8,94.1,16.12
2024,Season A,November,Musenyi,Maize,2.77,2.13,213.0,Hillside,Improved (WH507),No,None,0.0,Yes,Rice,High,Adequate,Yes,No,23.7,Loam,7.04,2.43,37.6,14.7,247.8,25.4,72.7,90.7,7.1,9.9,118.1,14.05
2020,Season B,February,Rilima,Maize,0.55,0.41,41.0,Valley,Improved (WH507),No,None,0.0,Partial,Maize,Medium,Adequate,No,No,14.6,Sandy Soil,6.06,1.83,42.7,16.6,208.9,22.8,80.5,73.4,8.0,10.8,121.4,15.88
2020,Season A,December,Mayange,Rice,0.69,0.66,66.0,Hillside,Hybrid (Komboka),No,None,0.0,Partial,Rice,Medium,Adequate,No,No,9.7,Sandy Loam,6.21,2.8,58.8,9.2,209.5,23.2,84.7,70.5,7.7,10.9,122.2,23.13
2022,Season A,October,Musenyi,Rice,0.41,0.39,39.0,Flat,Improved (IR64 / NERICA),Partial,Inorganic (NPK),0.47,No,Maize,Medium,Adequate,No,No,20.0,Loam,7.18,2.16,41.8,13.7,250.8,24.6,134.5,73.1,7.3,10.5,112.8,35.2
2021,Season A,January,Mayange,Rice,2.39,2.05,205.0,Flat,Hybrid (Komboka),No,None,0.0,Partial,Rice,Medium,Sufficient,Yes,No,9.9,Sandy Loam,6.21,2.77,64.0,13.9,213.7,21.4,45.5,71.1,7.8,9.8,111.0,21.02
2021,Season B,March,Gashora,Rice,1.34,0.86,86.0,Valley,Improved (IR64 / NERICA),Yes,Inorganic (NPK),1.87,Yes,Rice,Low,Limited,No,No,13.8,Loam,6.45,1.9,55.4,21.3,201.9,23.2,74.3,77.6,6.2,10.6,111.7,28.73
2022,Season A,September,Ntarama,Rice,2.06,1.58,158.0,Valley,Local Variety,Partial,Organic (Compost),0.24,Yes,Cassava,Medium,Adequate,Yes,Yes,23.3,Sandy Soil,7.23,2.68,63.8,11.6,249.6,25.5,60.2,77.1,7.2,11.0,105.6,20.84
2023,Season A,November,Nyamata,Rice,0.74,0.59,59.0,Flat,Improved (IR64 / NERICA),No,None,0.0,No,Maize,High,Adequate,Yes,No,9.3,Clay Soil,7.07,3.31,82.1,20.7,257.3,21.1,80.2,75.4,7.2,9.5,91.0,26.42
2023,Season B,May,Ngeruka,Maize,1.29,1.23,123.0,Flat,Local Variety,No,None,0.0,Yes,Fallow,Low,Adequate,Yes,No,15.7,Loam,7.01,3.0,72.9,17.9,197.5,24.1,54.8,75.6,6.4,9.4,91.3,10.81
2023,Season B,April,Rweru,Beans,0.43,0.37,37.0,Flat,Hybrid (MAC 44),Yes,Mixed (Organic + Inorganic),0.45,No,Beans,Low,Adequate,Yes,No,10.8,Clay Soil,6.91,2.52,62.0,13.9,176.0,22.5,130.5,70.8,6.5,10.8,104.8,9.98
2021,Season B,February,Gashora,Maize,2.11,2.09,209.0,Hillside,Improved (WH507),Yes,Inorganic (NPK),1.84,No,Rice,Low,Adequate,Yes,No,19.6,Loam,6.42,1.98,52.5,26.4,199.6,23.6,68.6,66.7,7.1,10.3,96.6,20.31
2023,Season B,April,Nyarugenge,Rice,2.16,1.88,188.0,Valley,Local Variety,No,None,0.0,No,Beans,High,Adequate,Yes,Yes,8.6,Clay Soil,6.2,2.27,43.1,20.5,193.7,23.0,124.3,75.2,6.9,10.7,115.3,18.8
2023,Season B,June,Gashora,Maize,2.21,1.6,160.0,Hillside,Improved (WH507),Yes,Mixed (Organic + Inorganic),1.57,Yes,Maize,Low,Adequate,No,No,23.8,Loam,6.7,2.2,48.0,21.7,202.2,22.2,29.2,74.9,8.0,14.1,100.5,18.68
2021,Season A,December,Rilima,Rice,2.29,2.22,222.0,Hillside,Improved (IR64 / NERICA),No,None,0.0,Yes,Rice,Low,Adequate,No,No,13.0,Sandy Soil,6.18,1.76,42.9,19.8,223.1,22.5,69.4,67.3,7.1,10.2,115.7,28.26
2020,Season B,June,Shyara,Rice,2.8,2.52,252.0,Flat,Hybrid (Komboka),Yes,Inorganic (NPK),1.5,No,Rice,Low,Adequate,Yes,No,11.0,Sandy Loam,6.08,2.51,59.3,21.0,284.2,25.2,37.8,54.1,8.5,12.0,110.4,22.23
2020,Season A,January,Ruhuha,Maize,0.23,0.17,17.0,Flat,Hybrid (H614D),Yes,Inorganic (NPK),2.49,No,Beans,Low,Sufficient,Yes,No,23.5,Sandy Loam,7.14,2.39,62.6,19.3,181.6,20.9,80.9,74.0,7.8,11.7,113.9,28.32
2021,Season B,February,Mwogo,Beans,2.65,1.95,195.0,Valley,Hybrid (MAC 44),Yes,Mixed (Organic + Inorganic),1.09,Partial,Rice,High,Sufficient,Yes,No,15.8,Sandy Soil,6.25,1.85,68.5,23.2,152.8,20.4,93.4,68.2,6.7,11.6,117.2,8.92
2023,Season A,January,Gashora,Beans,1.2,1.05,105.0,Valley,Improved (RWR 2245),No,None,0.0,Yes,Maize,Low,Adequate,No,No,20.9,Loam,6.64,2.03,52.7,25.2,192.7,22.3,40.3,68.6,8.1,10.5,95.2,11.25
2022,Season A,November,Nyarugenge,Maize,2.76,2.06,206.0,Hillside,Local Variety,Partial,Inorganic (NPK),0.52,No,Fallow,Medium,Limited,Yes,Yes,17.8,Clay Soil,6.28,2.21,43.2,24.9,205.5,24.9,85.6,74.1,6.5,11.5,118.5,12.9
2023,Season A,January,Rweru,Beans,1.78,1.11,111.0,Hillside,Hybrid (MAC 44),Partial,Inorganic (NPK),0.74,No,Fallow,Low,Adequate,No,Yes,16.6,Clay Soil,6.94,2.6,70.7,15.1,193.0,22.5,60.1,69.7,8.0,13.0,105.0,9.26
2020,Season B,June,Gashora,Rice,2.76,1.79,179.0,Flat,Local Variety,Partial,Organic (Compost),0.49,No,Rice,Medium,Adequate,No,Yes,10.8,Loam,6.38,2.07,47.7,23.5,198.0,23.0,29.1,66.2,7.5,11.2,123.5,13.6
2024,Season A,January,Musenyi,Rice,1.1,0.74,74.0,Flat,Improved (IR64 / NERICA),Yes,Inorganic (NPK),0.75,Partial,Beans,High,Adequate,No,No,15.0,Loam,7.07,2.25,39.5,13.2,246.3,24.2,81.2,73.0,7.6,10.4,110.4,31.65
2022,Season A,December,Rilima,Beans,1.03,0.93,93.0,Hillside,Hybrid (MAC 44),Yes,Organic (Compost),0.0,Yes,Rice,Medium,Adequate,No,No,10.5,Sandy Soil,6.02,1.72,43.0,14.9,216.1,23.8,90.0,76.4,7.1,11.9,102.0,10.95
2023,Season B,February,Ruhuha,Beans,1.44,0.95,95.0,Valley,Improved (RWR 2245),Yes,Inorganic (NPK),0.68,No,Beans,Medium,Sufficient,Yes,Yes,6.0,Sandy Loam,7.1,2.63,60.6,17.2,188.2,24.1,49.1,71.5,7.5,12.7,123.2,12.52
2024,Season B,February,Nyamata,Rice,2.54,1.94,194.0,Flat,Improved (IR64 / NERICA),Yes,Mixed (Organic + Inorganic),1.95,No,Maize,High,Sufficient,No,No,5.0,Clay Soil,6.96,3.69,76.5,26.5,256.7,22.8,75.0,67.0,6.9,12.0,96.7,24.92
2020,Season B,February,Shyara,Maize,0.1,0.07,7.0,Hillside,Local Variety,Yes,Organic (Compost),0.0,No,Cassava,Low,Sufficient,Yes,No,24.3,Sandy Loam,6.08,2.38,56.7,17.7,272.6,20.6,50.1,74.7,8.1,12.4,105.8,13.58
2023,Season A,September,Mareba,Beans,1.87,1.21,121.0,Flat,Local Variety,Yes,Inorganic (NPK),1.37,No,Beans,Low,Sufficient,Yes,No,16.3,Sandy Loam,7.18,2.62,60.7,9.7,239.9,25.8,96.6,79.9,6.9,10.9,106.5,7.87
2024,Season A,September,Nyarugenge,Rice,0.56,0.52,52.0,Flat,Improved (IR64 / NERICA),Yes,Mixed (Organic + Inorganic),1.76,Yes,Cassava,High,Adequate,Yes,Yes,24.6,Clay Soil,6.23,2.35,42.5,23.3,199.3,25.6,72.2,77.6,7.8,10.8,130.5,32.37
2023,Season B,February,Rilima,Rice,1.65,1.62,162.0,Flat,Local Variety,Yes,Mixed (Organic + Inorganic),1.18,Yes,Cassava,Low,Adequate,No,No,12.2,Sandy Soil,6.0,1.91,45.9,14.0,215.9,22.9,82.9,73.7,7.3,10.7,97.0,23.86
2021,Season A,September,Nyamata,Rice,0.94,0.57,57.0,Flat,Improved (IR64 / NERICA),No,None,0.0,No,Maize,Low,Adequate,Yes,No,6.2,Clay Soil,7.18,3.15,78.2,21.4,270.0,22.2,108.5,74.8,7.6,11.7,110.7,33.55
2024,Season B,February,Nyamata,Beans,1.93,1.4,140.0,Valley,Hybrid (MAC 44),No,None,0.0,No,Maize,Medium,Sufficient,Yes,Yes,15.5,Clay Soil,6.94,3.18,78.0,23.3,260.8,21.6,83.5,79.7,7.4,11.1,93.5,9.56
2022,Season A,September,Rweru,Beans,1.71,1.45,145.0,Valley,Hybrid (MAC 44),Partial,Inorganic (NPK),0.66,No,Fallow,High,Adequate,Yes,No,11.1,Clay Soil,7.02,2.12,67.4,14.2,187.7,24.6,108.0,71.0,7.5,13.1,112.0,8.56
2023,Season A,September,Ruhuha,Beans,0.33,0.3,30.0,Flat,Local Variety,Partial,Inorganic (NPK),0.77,No,Cassava,Low,Sufficient,No,No,5.8,Sandy Loam,6.94,2.54,64.7,18.6,190.5,24.2,73.2,72.7,7.1,13.0,127.9,7.36
2024,Season A,January,Musenyi,Maize,2.16,2.09,209.0,Flat,Improved (WH507),Partial,Inorganic (NPK),0.19,Partial,Maize,High,Sufficient,Yes,Yes,10.7,Loam,7.11,2.24,42.9,15.3,268.9,22.6,59.0,68.9,7.9,12.1,114.7,13.97
2020,Season A,October,Musenyi,Beans,1.51,1.36,136.0,Hillside,Local Variety,No,None,0.0,Yes,Maize,Medium,Adequate,Yes,No,8.2,Loam,6.98,2.4,43.5,13.1,260.3,24.6,66.8,83.0,6.8,8.5,91.7,6.83
2023,Season A,September,Mareba,Rice,2.41,2.24,224.0,Valley,Local Variety,Partial,Inorganic (NPK),0.38,Partial,Maize,Medium,Sufficient,Yes,Yes,16.9,Sandy Loam,7.21,2.81,62.6,11.6,246.2,22.8,52.0,69.3,7.7,11.3,104.5,18.79
2024,Season A,September,Mareba,Rice,2.29,1.87,187.0,Flat,Hybrid (Komboka),Partial,Inorganic (NPK),0.66,Yes,Beans,Medium,Limited,Yes,No,9.1,Sandy Loam,7.2,2.89,62.8,10.1,236.3,23.3,83.2,69.7,7.6,12.7,113.7,25.68
2022,Season B,April,Musenyi,Maize,2.69,1.62,162.0,Hillside,Improved (WH507),Partial,Organic (Compost),0.4,Yes,Beans,Medium,Adequate,Yes,No,24.6,Loam,7.06,2.2,37.6,14.7,249.5,23.2,127.6,78.6,6.9,10.2,119.4,22.16
2020,Season A,December,Juru,Maize,0.37,0.31,31.0,Flat,Local Variety,Partial,Inorganic (NPK),0.62,No,Maize,Medium,Limited,Yes,No,7.8,Sandy Loam,6.93,2.89,45.5,23.8,182.4,23.1,101.4,68.6,8.1,11.5,125.1,13.58
2023,Season A,November,Mwogo,Rice,2.46,1.97,197.0,Hillside,Improved (IR64 / NERICA),Partial,Inorganic (NPK),0.17,Partial,Maize,Medium,Limited,Yes,Yes,22.5,Sandy Soil,5.96,2.04,68.8,20.6,153.6,23.6,121.1,73.6,6.7,9.9,117.7,38.55
2021,Season B,February,Rweru,Rice,0.77,0.56,56.0,Flat,Improved (IR64 / NERICA),Yes,Mixed (Organic + Inorganic),2.58,Yes,Cassava,Low,Adequate,Yes,Yes,16.3,Clay Soil,6.87,2.55,62.0,11.4,183.1,23.0,61.4,76.1,8.0,13.5,113.6,30.44
2021,Season B,June,Ntarama,Maize,1.53,1.27,127.0,Hillside,Improved (WH507),No,None,0.0,No,Maize,High,Adequate,Yes,No,6.4,Sandy Soil,6.92,2.88,58.3,11.3,246.9,22.6,46.6,74.0,8.6,13.6,131.6,10.12
2023,Season A,January,Shyara,Rice,0.81,0.54,54.0,Valley,Hybrid (Komboka),No,None,0.0,No,Maize,Low,Sufficient,Yes,Yes,17.1,Sandy Loam,6.1,2.17,54.9,22.8,263.9,21.8,51.8,65.4,7.7,11.8,106.3,20.34
2020,Season A,November,Kamabuye,Beans,1.42,1.09,109.0,Valley,Improved (RWR 2245),Partial,Inorganic (NPK),0.46,No,Cassava,Medium,Sufficient,Yes,No,10.5,Clay Soil,7.19,2.21,43.0,19.5,208.9,23.3,89.7,78.0,7.1,10.4,106.9,14.32
2022,Season B,February,Musenyi,Rice,0.23,0.17,17.0,Flat,Improved (IR64 / NERICA),Yes,Inorganic (NPK),0.36,No,Beans,Medium,Adequate,Yes,No,17.4,Loam,6.99,2.38,38.6,11.9,264.1,22.9,80.4,79.6,7.3,10.7,95.1,29.49
2022,Season B,April,Mayange,Maize,0.75,0.58,58.0,Flat,Local Variety,No,None,0.0,No,Beans,High,Adequate,No,Yes,13.0,Sandy Loam,6.13,2.62,61.9,13.3,219.0,21.4,143.0,75.5,6.6,10.9,92.7,11.62
2021,Season A,September,Mareba,Maize,1.65,1.61,161.0,Flat,Local Variety,No,None,0.0,No,Rice,Medium,Adequate,Yes,No,7.5,Sandy Loam,6.98,3.15,67.2,15.2,243.7,23.2,67.0,79.2,7.3,12.2,110.2,11.41
2021,Season A,September,Ruhuha,Rice,2.45,2.21,221.0,Valley,Improved (IR64 / NERICA),Partial,Inorganic (NPK),0.78,Yes,Fallow,Low,Sufficient,Yes,No,21.4,Sandy Loam,6.99,2.57,61.3,19.4,196.0,24.3,74.6,70.5,7.4,12.3,98.3,34.78
2021,Season A,September,Rweru,Beans,0.77,0.54,54.0,Hillside,Local Variety,Yes,Inorganic (NPK),1.12,Partial,Maize,Medium,Sufficient,No,Yes,15.8,Clay Soil,7.1,2.83,64.1,13.8,186.3,23.0,56.8,78.1,7.5,10.9,100.0,7.76
2021,Season B,May,Nyarugenge,Maize,0.15,0.13,13.0,Flat,Improved (WH507),Yes,Mixed (Organic + Inorganic),0.42,No,Maize,Medium,Limited,No,No,24.5,Clay Soil,6.2,2.28,40.7,20.7,203.2,23.8,95.0,75.3,7.1,12.0,98.2,18.09
2022,Season A,November,Ngeruka,Beans,1.93,1.89,189.0,Valley,Improved (RWR 2245),Yes,Inorganic (NPK),0.33,No,Maize,Low,Adequate,Yes,No,17.6,Loam,6.98,2.59,74.8,16.1,193.7,22.3,125.2,88.8,7.4,10.2,112.5,15.73
2022,Season B,February,Kamabuye,Maize,1.7,1.19,119.0,Flat,Improved (WH507),Yes,Organic (Compost),0.0,Yes,Maize,High,Adequate,No,Yes,24.2,Clay Soil,6.84,2.09,42.3,14.9,202.8,23.2,56.6,75.7,7.6,11.4,124.9,13.73
2022,Season A,December,Nyamata,Rice,2.92,2.55,255.0,Valley,Improved (IR64 / NERICA),No,None,0.0,Yes,Rice,Low,Adequate,No,No,12.6,Clay Soil,7.12,3.39,77.6,25.1,249.2,25.1,108.4,79.3,6.8,11.2,94.2,37.12
2024,Season B,April,Rweru,Beans,0.62,0.43,43.0,Valley,Local Variety,Yes,Organic (Compost),0.0,Partial,Beans,Low,Limited,Yes,Yes,5.2,Clay Soil,7.05,2.57,59.4,9.6,178.1,23.7,96.5,74.9,7.3,9.9,105.8,6.37
2021,Season B,February,Mareba,Maize,0.59,0.38,38.0,Hillside,Improved (WH507),No,None,0.0,No,Cassava,Medium,Sufficient,Yes,No,21.4,Sandy Loam,7.01,2.97,60.9,10.8,230.4,26.5,92.4,70.3,7.2,10.0,121.7,14.55
2020,Season B,June,Nyarugenge,Maize,0.14,0.1,10.0,Flat,Local Variety,No,None,0.0,No,Rice,Low,Adequate,Yes,No,11.3,Clay Soil,6.18,2.02,43.4,23.6,198.1,19.5,23.4,73.7,8.7,11.5,113.4,8.74
2024,Season A,September,Ngeruka,Rice,0.46,0.35,35.0,Flat,Improved (IR64 / NERICA),No,None,0.0,No,Maize,High,Adequate,No,No,10.7,Loam,7.05,2.74,73.4,17.8,189.6,21.3,59.1,66.5,7.4,11.2,107.6,23.3
2024,Season B,June,Musenyi,Rice,1.76,1.67,167.0,Flat,Hybrid (Komboka),Yes,Organic (Compost),0.0,No,Beans,Medium,Limited,Yes,Yes,23.2,Loam,7.01,2.6,39.9,14.4,257.3,20.3,23.7,67.7,9.0,11.9,123.6,16.27
2021,Season B,May,Gashora,Rice,2.71,2.67,267.0,Hillside,Local Variety,Yes,Organic (Compost),0.0,No,Beans,Medium,Sufficient,No,No,20.0,Loam,6.39,1.98,46.0,23.1,193.8,24.1,56.9,75.8,6.2,12.2,92.7,18.35
2020,Season A,December,Musenyi,Beans,0.43,0.31,31.0,Valley,Hybrid (MAC 44),No,None,0.0,Yes,Beans,High,Sufficient,Yes,Yes,17.2,Loam,7.07,2.25,39.4,13.8,251.0,21.7,66.3,74.3,7.6,12.1,107.0,8.34
2022,Season B,March,Nyamata,Rice,1.41,1.28,128.0,Valley,Improved (IR64 / NERICA),Partial,Organic (Compost),0.34,No,Beans,Medium,Adequate,No,Yes,10.3,Clay Soil,7.19,3.43,77.6,23.7,261.8,23.9,63.8,72.6,7.2,9.1,98.2,25.93
2022,Season A,October,Nyarugenge,Beans,1.1,0.92,92.0,Hillside,Hybrid (MAC 44),No,None,0.0,Partial,Maize,Medium,Sufficient,Yes,No,20.2,Clay Soil,6.23,2.13,35.7,24.5,184.7,25.1,107.5,78.6,6.4,10.9,99.6,8.74
2022,Season B,April,Rweru,Beans,1.44,1.28,128.0,Flat,Hybrid (MAC 44),Yes,Inorganic (NPK),0.33,Yes,Beans,Medium,Adequate,Yes,Yes,15.2,Clay Soil,6.92,2.38,65.8,8.8,195.3,22.5,94.9,83.5,7.0,12.1,93.1,11.2
2024,Season B,February,Ruhuha,Rice,0.5,0.34,34.0,Flat,Hybrid (Komboka),Partial,Inorganic (NPK),0.74,Partial,Fallow,Medium,Adequate,Yes,Yes,22.8,Sandy Loam,6.77,2.47,54.9,15.8,185.0,22.3,79.6,80.3,7.4,10.0,107.4,25.34
2022,Season B,February,Nyamata,Beans,0.16,0.1,10.0,Hillside,Hybrid (MAC 44),Yes,Mixed (Organic + Inorganic),1.19,No,Rice,High,Limited,Yes,No,10.9,Clay Soil,7.26,3.17,78.3,26.0,250.5,23.8,79.1,74.8,7.6,11.4,126.3,8.17
2022,Season B,March,Kamabuye,Maize,0.75,0.71,71.0,Hillside,Improved (WH507),Partial,Inorganic (NPK),0.15,No,Beans,Low,Limited,No,Yes,17.5,Clay Soil,6.99,2.24,35.5,18.7,208.5,22.7,93.0,74.1,7.5,9.5,121.8,19.28
2022,Season B,February,Nyarugenge,Rice,1.74,1.15,115.0,Valley,Improved (IR64 / NERICA),No,None,0.0,No,Maize,Low,Adequate,Yes,No,5.1,Clay Soil,6.0,2.13,42.1,19.2,185.1,25.1,61.0,73.4,6.7,12.1,103.3,27.31
2020,Season B,May,Nyarugenge,Beans,1.0,0.64,64.0,Hillside,Improved (RWR 2245),Yes,Mixed (Organic + Inorganic),0.33,No,Maize,Medium,Sufficient,No,No,17.6,Clay Soil,6.14,2.58,39.9,21.7,189.3,21.0,54.3,70.2,7.4,11.4,96.1,13.35
2024,Season B,April,Ngeruka,Rice,0.23,0.22,22.0,Flat,Improved (IR64 / NERICA),Partial,Inorganic (NPK),0.17,No,Maize,Medium,Adequate,No,Yes,14.7,Loam,6.85,2.54,75.3,19.6,189.5,21.9,116.4,75.7,6.6,13.6,108.9,29.88
2023,Season B,February,Ruhuha,Maize,0.48,0.32,32.0,Flat,Hybrid (H614D),No,None,0.0,No,Fallow,Low,Adequate,No,Yes,22.0,Sandy Loam,6.97,2.45,60.1,16.8,172.4,23.6,77.3,78.7,8.2,10.7,107.2,19.76
2024,Season B,February,Nyamata,Rice,2.43,1.84,184.0,Valley,Improved (IR64 / NERICA),Yes,Organic (Compost),0.0,No,Maize,Low,Adequate,No,Yes,5.2,Clay Soil,7.03,3.33,73.2,23.9,263.5,21.6,47.0,68.3,8.3,10.3,109.8,27.42
2021,Season A,December,Juru,Beans,1.95,1.67,167.0,Flat,Hybrid (MAC 44),Yes,Inorganic (NPK),0.49,No,Fallow,Low,Adequate,No,Yes,15.7,Sandy Loam,7.0,2.63,40.8,24.9,194.2,22.0,52.5,77.2,7.6,11.4,113.9,11.06
2022,Season B,April,Rweru,Beans,2.97,2.29,229.0,Flat,Improved (RWR 2245),Yes,Inorganic (NPK),0.53,Partial,Beans,High,Sufficient,No,No,19.1,Clay Soil,6.94,2.57,67.1,13.0,180.7,24.2,80.9,72.1,7.0,9.5,110.0,10.97
2023,Season B,April,Gashora,Maize,1.44,1.32,132.0,Hillside,Improved (WH507),Yes,Mixed (Organic + Inorganic),2.43,No,Fallow,Low,Adequate,No,No,6.0,Loam,6.4,2.16,47.8,23.3,188.0,23.1,138.5,72.1,6.9,9.2,107.0,20.74
2023,Season A,January,Musenyi,Beans,2.4,2.36,236.0,Hillside,Local Variety,No,None,0.0,No,Beans,Medium,Adequate,Yes,No,24.0,Loam,6.97,2.54,40.1,12.2,255.2,21.9,63.0,71.9,7.2,9.6,112.1,5.68
2020,Season B,February,Ngeruka,Maize,2.44,1.7,170.0,Valley,Hybrid (H614D),No,None,0.0,No,Beans,Medium,Sufficient,No,Yes,22.3,Loam,7.01,2.85,75.8,23.2,199.3,23.6,61.0,65.6,7.0,10.2,119.6,19.42
2021,Season A,January,Ntarama,Beans,0.71,0.63,63.0,Flat,Local Variety,Yes,Inorganic (NPK),0.95,No,Beans,High,Adequate,Yes,Yes,5.0,Sandy Soil,7.14,2.72,56.7,10.3,232.0,23.6,91.8,77.8,7.8,11.6,106.7,7.13
2024,Season A,September,Shyara,Maize,0.37,0.22,22.0,Valley,Hybrid (H614D),No,None,0.0,No,Maize,Low,Adequate,Yes,No,19.8,Sandy Loam,6.14,2.31,49.7,19.4,273.1,24.6,62.7,73.6,8.4,11.3,112.3,20.09
2020,Season A,January,Rilima,Maize,1.84,1.22,122.0,Flat,Improved (WH507),No,None,0.0,No,Maize,Low,Limited,Yes,Yes,9.3,Sandy Soil,6.14,1.63,42.4,19.9,210.0,21.7,90.9,70.7,8.0,12.6,103.7,18.06
2022,Season B,April,Nyarugenge,Beans,2.15,2.0,200.0,Hillside,Improved (RWR 2245),Yes,Organic (Compost),0.0,No,Beans,High,Adequate,Yes,No,21.7,Clay Soil,6.23,2.09,39.8,21.4,184.1,23.0,143.7,79.5,7.1,9.8,105.6,11.75
2021,Season A,October,Ngeruka,Rice,0.76,0.63,63.0,Valley,Improved (IR64 / NERICA),No,None,0.0,Partial,Maize,Low,Adequate,No,No,18.3,Loam,6.99,2.58,79.2,20.3,196.8,24.7,150.8,80.7,7.0,10.1,97.9,34.12
2022,Season A,September,Mareba,Beans,0.39,0.33,33.0,Hillside,Hybrid (MAC 44),Yes,Organic (Compost),0.0,No,Maize,Low,Adequate,Yes,Yes,14.9,Sandy Loam,7.14,2.77,62.1,11.2,251.1,23.7,83.2,80.8,8.2,11.4,105.1,11.0
2022,Season A,September,Mareba,Maize,2.07,1.69,169.0,Hillside,Improved (WH507),No,None,0.0,Partial,Maize,High,Adequate,Yes,No,14.5,Sandy Loam,7.29,3.03,62.7,12.3,239.1,23.7,62.6,78.1,7.2,11.7,103.1,13.52
2022,Season B,February,Mwogo,Rice,2.49,2.06,206.0,Flat,Hybrid (Komboka),Yes,Mixed (Organic + Inorganic),2.08,No,Fallow,Low,Sufficient,Yes,No,13.5,Sandy Soil,6.09,2.15,70.1,21.9,166.5,21.5,93.2,78.1,6.6,10.8,118.6,26.9
2020,Season B,February,Ntarama,Beans,2.74,2.06,206.0,Flat,Improved (RWR 2245),No,None,0.0,No,Beans,Low,Limited,No,Yes,21.4,Sandy Soil,7.02,2.77,61.8,8.5,257.8,23.4,43.9,85.7,7.3,11.6,117.5,7.92
2021,Season A,September,Rweru,Rice,2.08,2.05,205.0,Valley,Improved (IR64 / NERICA),Yes,Mixed (Organic + Inorganic),2.56,No,Beans,Low,Adequate,Yes,Yes,18.8,Clay Soil,7.0,2.98,63.9,12.2,191.4,23.9,86.9,70.4,6.7,11.0,102.2,40.98
2022,Season A,October,Mareba,Beans,1.63,1.13,113.0,Flat,Local Variety,Yes,Inorganic (NPK),0.95,Partial,Fallow,Medium,Adequate,Yes,No,7.9,Sandy Loam,7.04,2.86,60.1,9.6,235.4,22.5,132.4,76.3,6.4,9.9,103.5,8.63
2021,Season A,January,Mwogo,Maize,2.5,1.92,192.0,Flat,Local Variety,Yes,Inorganic (NPK),2.48,Yes,Rice,High,Sufficient,Yes,No,7.2,Sandy Soil,6.09,1.92,62.7,22.2,155.5,24.0,62.8,70.0,8.6,9.2,110.6,15.16
2024,Season B,March,Mayange,Rice,0.21,0.17,17.0,Valley,Hybrid (Komboka),Yes,Inorganic (NPK),2.73,No,Maize,Low,Sufficient,No,Yes,24.7,Sandy Loam,6.03,3.11,66.6,12.8,211.3,24.4,82.0,73.6,7.2,10.7,98.7,29.1
2023,Season B,February,Rilima,Beans,0.75,0.46,46.0,Valley,Hybrid (MAC 44),Yes,Organic (Compost),0.0,Yes,Maize,High,Limited,Yes,Yes,16.9,Sandy Soil,6.21,2.06,44.6,17.1,218.4,22.2,96.1,71.6,8.2,12.0,100.3,9.14
2022,Season B,April,Gashora,Maize,2.98,2.42,242.0,Hillside,Improved (WH507),Partial,Organic (Compost),0.22,Partial,Maize,Medium,Adequate,No,Yes,12.4,Loam,6.52,2.2,49.0,25.7,199.3,24.4,126.1,82.4,6.2,11.8,100.7,18.5
2020,Season B,February,Nyamata,Rice,1.88,1.36,136.0,Flat,Hybrid (Komboka),No,None,0.0,Yes,Maize,Medium,Limited,No,No,22.7,Clay Soil,7.2,3.42,77.4,22.7,259.9,22.4,72.3,82.0,7.7,11.3,124.7,16.75
2022,Season A,September,Nyamata,Beans,1.67,1.55,155.0,Flat,Improved (RWR 2245),Yes,Mixed (Organic + Inorganic),0.63,Yes,Beans,High,Adequate,No,No,23.9,Clay Soil,7.13,3.35,72.2,28.0,257.8,22.7,86.7,71.7,6.9,11.6,120.1,13.27
2022,Season A,January,Nyamata,Maize,1.21,0.87,87.0,Valley,Hybrid (H614D),Yes,Mixed (Organic + Inorganic),2.17,No,Beans,Low,Adequate,Yes,No,13.8,Clay Soil,7.19,3.23,77.9,25.0,253.6,21.9,40.3,70.4,8.0,10.4,99.7,24.91
2024,Season A,October,Mareba,Rice,2.14,1.74,174.0,Hillside,Local Variety,No,None,0.0,No,Maize,Low,Sufficient,Yes,Yes,14.8,Sandy Loam,7.04,3.22,59.7,13.0,228.0,22.6,101.4,74.4,6.2,9.7,110.1,19.11
2021,Season A,September,Ntarama,Rice,1.53,1.46,146.0,Flat,Improved (IR64 / NERICA),No,None,0.0,No,Maize,Medium,Limited,No,No,11.1,Sandy Soil,7.01,3.34,61.5,9.1,237.4,22.7,79.1,75.8,7.0,14.0,125.8,26.52
2024,Season B,April,Musenyi,Rice,1.61,1.14,114.0,Valley,Hybrid (Komboka),No,None,0.0,No,Beans,Low,Adequate,Yes,Yes,23.3,Loam,7.02,2.52,45.1,12.8,245.6,22.8,116.4,80.1,7.0,11.3,105.0,26.08
2022,Season B,June,Ruhuha,Beans,2.02,1.62,162.0,Valley,Improved (RWR 2245),No,None,0.0,Partial,Cassava,High,Sufficient,No,No,13.1,Sandy Loam,7.0,2.7,58.5,18.5,183.8,22.7,23.7,70.2,8.4,11.3,111.9,8.45
2021,Season B,May,Mwogo,Beans,2.83,1.8,180.0,Flat,Hybrid (MAC 44),No,None,0.0,Yes,Maize,Low,Adequate,Yes,No,13.4,Sandy Soil,6.07,1.95,73.5,20.5,154.0,24.4,67.4,76.8,6.5,11.1,110.9,9.26
2021,Season A,November,Ntarama,Maize,1.37,1.22,122.0,Flat,Local Variety,No,None,0.0,No,Beans,Medium,Limited,Yes,No,17.6,Sandy Soil,7.07,2.88,65.2,6.5,246.9,25.3,121.0,80.0,6.7,10.9,104.8,11.47
2024,Season B,March,Ngeruka,Rice,2.15,1.75,175.0,Valley,Improved (IR64 / NERICA),No,None,0.0,No,Beans,Medium,Sufficient,No,No,7.9,Loam,6.88,2.72,74.1,20.5,203.1,23.2,81.2,80.3,7.6,10.2,95.7,27.91
2024,Season A,September,Ntarama,Rice,1.77,1.77,177.0,Valley,Hybrid (Komboka),No,None,0.0,No,Fallow,High,Adequate,No,Yes,23.7,Sandy Soil,7.09,3.14,61.9,11.7,252.0,22.1,92.7,75.0,6.9,10.9,102.8,18.1
2024,Season A,September,Mayange,Maize,1.09,0.83,83.0,Hillside,Improved (WH507),No,None,0.0,Yes,Maize,Medium,Limited,Yes,No,22.1,Sandy Loam,5.95,2.8,64.4,15.9,202.7,24.2,48.0,72.3,7.5,11.7,119.4,14.34
2020,Season B,April,Mareba,Beans,2.94,1.78,178.0,Flat,Hybrid (MAC 44),No,None,0.0,Yes,Fallow,Medium,Adequate,Yes,No,12.3,Sandy Loam,7.08,3.34,56.8,10.2,225.8,23.6,86.0,81.6,6.4,10.2,108.5,9.02
2020,Season A,December,Juru,Maize,2.25,2.1,210.0,Hillside,Improved (WH507),No,None,0.0,No,Cassava,Low,Limited,Yes,Yes,13.8,Sandy Loam,7.1,2.65,51.8,24.5,181.7,21.0,88.8,76.9,7.2,12.2,111.6,16.49
2023,Season B,March,Musenyi,Rice,0.74,0.54,54.0,Flat,Improved (IR64 / NERICA),Yes,Organic (Compost),0.0,No,Maize,Low,Limited,Yes,No,23.5,Loam,7.01,2.53,43.6,13.0,242.5,23.1,130.8,80.5,7.5,10.0,114.3,33.98
2021,Season A,October,Ntarama,Maize,0.23,0.14,14.0,Hillside,Hybrid (H614D),Partial,Organic (Compost),0.72,No,Maize,Medium,Limited,No,No,5.3,Sandy Soil,7.11,2.84,55.8,10.1,251.2,25.1,73.1,83.4,6.7,11.7,112.4,20.37
2021,Season A,January,Mareba,Rice,1.26,0.89,89.0,Valley,Hybrid (Komboka),No,None,0.0,Yes,Beans,Medium,Sufficient,No,No,9.5,Sandy Loam,7.14,2.86,65.5,12.4,227.0,20.8,53.0,72.0,8.3,9.1,96.6,21.67
2024,Season A,November,Nyarugenge,Beans,1.89,1.45,145.0,Flat,Hybrid (MAC 44),Yes,Mixed (Organic + Inorganic),0.91,Partial,Maize,Low,Limited,Yes,Yes,8.4,Clay Soil,6.29,2.34,38.0,21.3,192.1,24.3,69.0,76.4,6.4,9.7,103.0,11.46
2021,Season A,January,Nyarugenge,Beans,0.93,0.59,59.0,Flat,Improved (RWR 2245),No,None,0.0,Yes,Beans,Low,Adequate,Yes,Yes,17.7,Clay Soil,6.23,2.2,38.5,24.5,210.2,22.3,79.0,77.1,7.6,10.8,95.2,13.37
2024,Season B,June,Rilima,Rice,2.2,1.42,142.0,Flat,Hybrid (Komboka),Partial,Inorganic (NPK),0.64,Yes,Fallow,Medium,Adequate,Yes,Yes,20.3,Sandy Soil,6.06,2.03,36.3,18.4,215.6,23.1,34.9,62.5,8.0,12.9,115.1,23.21
2021,Season B,April,Musenyi,Beans,1.2,0.73,73.0,Hillside,Hybrid (MAC 44),Partial,Inorganic (NPK),0.32,Partial,Beans,Low,Adequate,No,No,7.2,Loam,7.11,2.53,41.3,15.8,251.9,21.8,91.6,81.4,6.9,10.6,112.4,10.7
2021,Season A,September,Ngeruka,Maize,0.86,0.53,53.0,Valley,Improved (WH507),Yes,Inorganic (NPK),0.69,Yes,Cassava,Low,Sufficient,Yes,No,7.0,Loam,6.8,2.52,72.7,21.1,203.1,23.2,71.5,73.3,7.5,10.3,120.6,20.74
2022,Season A,October,Musenyi,Beans,2.46,1.78,178.0,Flat,Hybrid (MAC 44),No,None,0.0,No,Beans,Medium,Adequate,Yes,No,14.0,Loam,7.1,2.42,43.0,13.4,246.0,23.7,135.5,80.4,6.5,10.0,102.5,8.21
2023,Season B,May,Rweru,Rice,2.62,1.66,166.0,Valley,Hybrid (Komboka),No,None,0.0,No,Cassava,Low,Sufficient,Yes,Yes,5.8,Clay Soil,7.02,2.29,64.6,14.0,174.6,21.9,68.5,76.5,6.5,12.4,115.8,16.94
2020,Season B,March,Gashora,Maize,2.67,2.32,232.0,Hillside,Hybrid (H614D),No,None,0.0,No,Beans,High,Adequate,No,No,20.2,Loam,6.44,2.11,48.5,20.7,184.0,23.3,99.8,76.4,6.7,12.0,120.7,23.16
2022,Season A,December,Kamabuye,Maize,0.81,0.63,63.0,Flat,Local Variety,No,None,0.0,Yes,Maize,High,Adequate,Yes,No,17.2,Clay Soil,7.11,2.11,42.5,20.5,203.4,23.7,57.8,74.9,6.2,11.4,99.2,9.08
2023,Season A,September,Ruhuha,Maize,0.7,0.46,46.0,Hillside,Improved (WH507),No,None,0.0,No,Beans,Medium,Adequate,Yes,No,24.3,Sandy Loam,6.92,2.57,60.2,17.7,197.6,21.5,74.5,68.9,7.5,10.4,129.9,16.16
2021,Season A,November,Mareba,Maize,2.84,1.86,186.0,Flat,Improved (WH507),Yes,Mixed (Organic + Inorganic),1.92,No,Beans,High,Sufficient,No,No,17.5,Sandy Loam,7.06,3.04,62.9,12.1,225.3,24.6,90.8,75.5,7.6,9.9,100.7,21.3
2024,Season A,October,Rilima,Beans,1.15,0.97,97.0,Hillside,Hybrid (MAC 44),No,None,0.0,Yes,Maize,High,Limited,Yes,Yes,23.8,Sandy Soil,5.95,1.92,47.9,15.7,222.7,24.1,68.9,84.3,6.3,10.7,115.6,7.67
2022,Season A,November,Juru,Rice,2.24,2.03,203.0,Flat,Improved (IR64 / NERICA),No,None,0.0,No,Maize,Low,Adequate,Yes,No,23.5,Sandy Loam,6.86,2.71,48.4,23.6,193.3,24.7,82.1,76.7,8.0,10.3,117.4,30.76
2022,Season A,October,Ruhuha,Beans,0.44,0.41,41.0,Valley,Improved (RWR 2245),No,None,0.0,No,Beans,Medium,Sufficient,No,No,18.8,Sandy Loam,7.04,2.86,67.4,14.0,186.0,23.9,90.2,81.9,6.1,9.6,92.0,10.96
2020,Season B,May,Rilima,Maize,2.17,1.99,199.0,Hillside,Improved (WH507),Yes,Organic (Compost),0.0,No,Maize,Medium,Limited,No,No,11.5,Sandy Soil,6.04,1.88,41.5,12.3,212.4,22.1,62.2,76.1,6.8,11.5,107.8,17.2
2023,Season A,November,Mwogo,Rice,0.84,0.69,69.0,Flat,Hybrid (Komboka),Yes,Mixed (Organic + Inorganic),1.79,No,Maize,High,Adequate,Yes,Yes,19.1,Sandy Soil,5.89,2.29,63.7,22.1,170.8,24.9,73.1,81.8,6.8,10.7,105.2,23.37
2022,Season A,October,Nyarugenge,Beans,0.74,0.56,56.0,Hillside,Hybrid (MAC 44),Yes,Inorganic (NPK),0.32,Partial,Beans,Low,Adequate,Yes,No,20.9,Clay Soil,6.09,2.06,39.8,26.1,202.8,26.1,102.2,76.1,6.9,11.0,109.6,9.82
2020,Season A,January,Ntarama,Rice,0.66,0.51,51.0,Flat,Hybrid (Komboka),Yes,Mixed (Organic + Inorganic),1.22,No,Cassava,Low,Adequate,Yes,No,14.4,Sandy Soil,7.01,3.0,57.8,12.2,245.5,21.1,41.5,73.6,8.0,10.3,92.6,22.81
2020,Season B,May,Ntarama,Beans,2.25,1.48,148.0,Hillside,Improved (RWR 2245),Yes,Mixed (Organic + Inorganic),0.48,No,Beans,Medium,Adequate,No,No,8.0,Sandy Soil,7.08,2.94,63.0,11.6,241.5,23.3,88.5,67.9,6.8,10.4,105.7,13.52
2021,Season B,March,Rweru,Rice,0.12,0.11,11.0,Flat,Improved (IR64 / NERICA),No,None,0.0,No,Beans,High,Limited,No,Yes,24.1,Clay Soil,7.01,2.86,67.0,14.9,191.7,25.5,73.1,78.5,6.5,10.4,97.9,23.03
2024,Season A,December,Nyamata,Rice,1.56,1.23,123.0,Flat,Local Variety,Yes,Mixed (Organic + Inorganic),2.04,No,Fallow,Low,Limited,No,Yes,16.5,Clay Soil,7.17,3.03,75.8,25.7,237.2,20.2,98.9,67.4,7.6,11.2,93.5,20.36
2022,Season B,April,Mayange,Beans,1.69,1.43,143.0,Valley,Local Variety,No,None,0.0,No,Maize,Medium,Adequate,Yes,Yes,23.3,Sandy Loam,5.93,3.08,60.9,14.0,188.3,22.7,105.0,77.8,8.0,7.4,108.5,6.58
2022,Season A,September,Nyarugenge,Beans,1.36,1.05,105.0,Valley,Local Variety,No,None,0.0,Yes,Fallow,Low,Limited,Yes,No,6.6,Clay Soil,6.29,2.53,35.3,21.1,199.6,23.8,68.3,73.5,8.1,11.8,128.7,7.5
2023,Season A,September,Mayange,Beans,1.56,1.28,128.0,Flat,Hybrid (MAC 44),Yes,Inorganic (NPK),1.16,Partial,Maize,High,Sufficient,Yes,No,10.1,Sandy Loam,6.01,2.97,62.2,12.9,205.7,24.3,61.7,88.7,7.3,11.3,100.2,8.77
2023,Season A,September,Rilima,Maize,1.02,0.87,87.0,Hillside,Local Variety,Yes,Organic (Compost),0.0,No,Beans,Medium,Adequate,Yes,No,11.9,Sandy Soil,6.28,1.98,44.2,17.8,197.6,24.9,54.6,71.2,7.4,12.1,103.2,12.72
2024,Season A,November,Gashora,Maize,2.87,2.39,239.0,Valley,Local Variety,No,None,0.0,Partial,Beans,Low,Adequate,Yes,No,15.8,Loam,6.62,2.27,48.3,25.5,190.4,24.5,125.8,80.7,7.3,10.5,112.0,13.28
2020,Season A,December,Musenyi,Beans,2.7,2.62,262.0,Valley,Improved (RWR 2245),Partial,Organic (Compost),0.78,No,Maize,Low,Adequate,Yes,No,24.2,Loam,7.18,2.39,40.2,11.8,261.3,22.6,68.8,64.9,7.7,11.0,101.7,14.94
2023,Season B,May,Rweru,Rice,1.08,0.87,87.0,Valley,Improved (IR64 / NERICA),Yes,Organic (Compost),0.0,No,Cassava,High,Adequate,Yes,Yes,8.3,Clay Soil,7.08,2.48,64.6,13.0,181.8,21.1,49.9,79.5,8.1,10.5,108.4,22.05
2020,Season B,May,Juru,Maize,0.47,0.34,34.0,Flat,Local Variety,Yes,Inorganic (NPK),1.15,No,Maize,Medium,Limited,Yes,No,12.3,Sandy Loam,6.8,2.54,43.1,25.5,175.0,22.2,88.1,85.4,6.6,10.0,111.0,12.72
2021,Season B,April,Ntarama,Rice,2.21,2.05,205.0,Valley,Improved (IR64 / NERICA),Yes,Organic (Compost),0.0,No,Rice,Medium,Adequate,No,No,19.0,Sandy Soil,7.13,2.9,57.4,12.4,243.0,25.0,138.4,80.3,6.8,10.1,102.9,31.3
2022,Season B,March,Ngeruka,Rice,2.51,1.88,188.0,Flat,Hybrid (Komboka),Yes,Mixed (Organic + Inorganic),1.88,No,Beans,Medium,Adequate,Yes,No,24.8,Loam,7.08,2.62,74.6,21.1,196.0,19.7,120.4,75.6,8.0,10.6,128.6,29.01
2021,Season B,June,Rilima,Maize,0.57,0.47,47.0,Flat,Local Variety,Yes,Mixed (Organic + Inorganic),2.23,No,Beans,Low,Adequate,Yes,No,9.8,Sandy Soil,6.02,1.82,43.4,17.1,211.3,21.0,28.4,66.3,7.8,11.5,127.9,11.74
2023,Season B,May,Mareba,Maize,0.36,0.28,28.0,Valley,Improved (WH507),No,None,0.0,No,Maize,Low,Sufficient,No,No,22.4,Sandy Loam,7.05,2.84,64.5,9.0,243.9,25.2,55.5,78.2,6.4,9.0,104.4,12.84
2022,Season B,May,Mwogo,Maize,0.51,0.43,43.0,Hillside,Improved (WH507),Yes,Organic (Compost),0.0,No,Maize,Medium,Adequate,Yes,No,10.8,Sandy Soil,5.98,2.0,63.1,19.9,164.8,22.4,76.1,78.7,7.3,9.5,118.3,19.07
2023,Season A,January,Mayange,Beans,2.68,2.33,233.0,Valley,Hybrid (MAC 44),No,None,0.0,No,Rice,Low,Adequate,Yes,Yes,20.6,Sandy Loam,5.98,2.94,66.2,13.0,201.1,21.8,72.4,73.3,8.0,11.9,108.4,10.15
2020,Season B,February,Ngeruka,Rice,0.92,0.81,81.0,Valley,Improved (IR64 / NERICA),No,None,0.0,No,Beans,High,Limited,No,No,17.4,Loam,7.09,2.96,75.4,20.6,195.1,22.4,88.2,69.3,8.5,10.1,97.9,23.69
2021,Season B,April,Ngeruka,Rice,1.08,0.68,68.0,Flat,Improved (IR64 / NERICA),No,None,0.0,Partial,Beans,Medium,Adequate,Yes,No,22.7,Loam,6.98,2.76,78.3,21.7,204.1,23.3,82.6,76.5,7.4,11.4,109.8,31.75
2020,Season A,September,Shyara,Rice,2.03,1.82,182.0,Valley,Improved (IR64 / NERICA),Yes,Mixed (Organic + Inorganic),1.62,No,Cassava,Medium,Limited,Yes,No,17.6,Sandy Loam,6.03,1.91,57.1,20.7,273.7,24.2,49.2,69.9,7.6,14.0,113.4,31.9
2021,Season A,October,Ruhuha,Maize,1.77,1.35,135.0,Flat,Improved (WH507),Partial,Organic (Compost),0.31,No,Rice,Medium,Adequate,No,No,5.3,Sandy Loam,6.95,2.46,70.6,16.5,197.6,23.4,104.3,77.3,5.9,11.7,89.6,19.23
2024,Season A,September,Mwogo,Beans,2.75,1.84,184.0,Flat,Hybrid (MAC 44),Yes,Mixed (Organic + Inorganic),1.29,No,Cassava,Low,Adequate,Yes,Yes,10.3,Sandy Soil,5.96,2.19,71.0,22.6,166.3,23.0,55.5,66.5,7.8,11.6,122.5,11.2
2020,Season A,September,Ruhuha,Maize,2.69,2.63,263.0,Flat,Improved (WH507),Yes,Mixed (Organic + Inorganic),1.25,No,Maize,High,Sufficient,Yes,No,13.7,Sandy Loam,6.99,2.38,68.1,19.1,178.5,25.2,81.0,73.1,7.6,12.2,115.8,18.88
2022,Season A,November,Kamabuye,Beans,0.23,0.16,16.0,Flat,Local Variety,No,None,0.0,Partial,Rice,High,Sufficient,Yes,No,11.2,Clay Soil,7.11,2.42,38.4,19.9,217.4,23.9,135.2,81.2,7.5,11.0,98.6,5.3
2024,Season A,September,Ruhuha,Rice,2.82,2.76,276.0,Valley,Hybrid (Komboka),Yes,Mixed (Organic + Inorganic),0.55,Partial,Beans,Low,Limited,Yes,Yes,17.9,Sandy Loam,7.0,2.58,62.1,20.0,177.5,23.5,85.8,77.0,7.3,12.4,119.6,26.91
2023,Season A,December,Juru,Beans,2.0,1.55,155.0,Valley,Hybrid (MAC 44),Yes,Inorganic (NPK),1.35,No,Beans,Low,Adequate,No,No,24.6,Sandy Loam,6.99,2.48,44.8,23.9,185.7,22.5,74.6,71.5,7.8,9.8,107.2,12.31
2021,Season A,November,Ntarama,Rice,2.78,1.78,178.0,Flat,Local Variety,Partial,Inorganic (NPK),0.52,Yes,Beans,Medium,Adequate,No,No,21.6,Sandy Soil,7.12,2.71,63.7,10.7,265.5,23.2,66.0,79.9,6.2,10.8,110.7,20.22
2024,Season A,October,Juru,Beans,1.19,1.01,101.0,Valley,Local Variety,Partial,Inorganic (NPK),0.45,No,Beans,Low,Adequate,No,Yes,23.6,Sandy Loam,6.92,2.6,52.8,24.5,176.0,24.8,95.0,81.6,6.4,11.3,94.4,7.56
2023,Season B,April,Ngeruka,Maize,1.34,1.29,129.0,Hillside,Improved (WH507),Yes,Inorganic (NPK),1.5,Partial,Beans,Medium,Adequate,No,No,16.5,Loam,7.07,2.71,75.8,21.9,201.0,24.1,77.5,74.6,5.9,11.0,97.2,20.54
2024,Season A,January,Nyarugenge,Maize,0.56,0.43,43.0,Flat,Local Variety,Yes,Mixed (Organic + Inorganic),1.02,No,Beans,Low,Limited,Yes,No,10.7,Clay Soil,6.35,1.88,42.3,20.3,206.0,21.4,83.7,64.4,7.8,11.7,104.5,18.11
2021,Season A,September,Nyamata,Rice,0.3,0.19,19.0,Valley,Hybrid (Komboka),No,None,0.0,No,Rice,High,Adequate,Yes,Yes,22.6,Clay Soil,7.02,3.08,75.0,21.8,252.4,22.2,88.3,80.5,7.3,10.8,116.3,20.03
2022,Season A,November,Ngeruka,Rice,0.48,0.43,43.0,Valley,Improved (IR64 / NERICA),No,None,0.0,No,Cassava,Medium,Adequate,No,Yes,24.4,Loam,7.12,2.87,73.2,20.5,194.0,24.1,76.2,77.8,7.1,10.1,97.6,27.26
2021,Season B,March,Rweru,Maize,2.57,2.37,237.0,Valley,Local Variety,Partial,Inorganic (NPK),0.14,No,Maize,Low,Sufficient,No,Yes,6.0,Clay Soil,7.25,2.72,62.4,14.3,185.5,23.3,81.5,78.9,6.9,10.4,115.8,12.31
2021,Season B,April,Juru,Beans,0.36,0.24,24.0,Flat,Hybrid (MAC 44),Yes,Organic (Compost),0.0,No,Beans,Low,Sufficient,Yes,Yes,19.4,Sandy Loam,6.95,2.66,42.2,23.1,180.5,22.5,106.4,77.0,6.9,10.7,117.1,9.79
2020,Season B,March,Mayange,Rice,2.04,1.66,166.0,Valley,Improved (IR64 / NERICA),No,None,0.0,No,Beans,Low,Adequate,Yes,No,10.5,Sandy Loam,5.77,2.98,65.5,12.2,219.4,23.9,59.0,81.3,7.3,9.7,116.0,30.26
2020,Season B,February,Ntarama,Maize,2.01,1.94,194.0,Valley,Local Variety,No,None,0.0,No,Beans,Medium,Sufficient,Yes,No,7.0,Sandy Soil,7.14,2.67,62.1,10.2,255.7,22.8,89.7,78.4,7.1,10.7,94.9,12.29
2021,Season B,April,Ntarama,Beans,0.46,0.28,28.0,Flat,Hybrid (MAC 44),Partial,Inorganic (NPK),0.32,Yes,Cassava,Medium,Sufficient,No,No,17.2,Sandy Soil,7.12,2.82,62.7,11.1,251.2,23.5,130.7,68.5,6.4,10.6,94.5,9.76
2022,Season A,September,Mayange,Beans,0.83,0.65,65.0,Flat,Improved (RWR 2245),No,None,0.0,No,Fallow,Medium,Adequate,No,No,15.3,Sandy Loam,6.11,2.9,59.8,11.9,197.5,23.9,68.5,79.4,7.4,11.6,126.1,12.53
2022,Season A,September,Ngeruka,Beans,1.78,1.59,159.0,Flat,Improved (RWR 2245),No,None,0.0,No,Fallow,Low,Adequate,Yes,No,7.6,Loam,7.16,2.81,76.7,19.8,200.1,23.5,64.8,73.9,7.4,11.0,100.4,14.09
2022,Season A,January,Mayange,Beans,0.44,0.44,44.0,Flat,Improved (RWR 2245),No,None,0.0,No,Maize,Low,Adequate,No,No,11.2,Sandy Loam,5.88,2.98,61.3,13.4,195.6,23.4,51.6,75.9,7.1,11.9,117.4,11.23
2023,Season B,May,Nyamata,Beans,2.46,1.84,184.0,Flat,Improved (RWR 2245),No,None,0.0,No,Maize,High,Adequate,Yes,No,5.2,Clay Soil,7.0,3.08,81.9,23.3,270.0,22.5,100.3,77.7,7.5,8.7,96.8,10.32
2021,Season A,October,Ntarama,Rice,1.88,1.79,179.0,Valley,Hybrid (Komboka),Yes,Mixed (Organic + Inorganic),2.05,No,Beans,Low,Adequate,Yes,No,6.7,Sandy Soil,7.01,3.14,61.7,4.9,248.4,23.4,132.2,72.6,7.1,11.9,92.4,35.3
2022,Season B,April,Nyarugenge,Rice,1.93,1.44,144.0,Valley,Improved (IR64 / NERICA),Yes,Organic (Compost),0.0,No,Beans,Medium,Limited,No,No,11.2,Clay Soil,6.17,2.54,42.1,18.2,197.7,25.5,65.8,72.6,7.0,10.3,118.0,28.47
2020,Season B,April,Ntarama,Beans,0.58,0.39,39.0,Flat,Improved (RWR 2245),No,None,0.0,Yes,Cassava,High,Limited,Yes,No,8.4,Sandy Soil,7.18,2.88,62.7,13.0,237.4,23.0,93.0,80.9,8.1,10.2,107.9,9.73
2023,Season B,April,Ngeruka,Maize,2.59,1.82,182.0,Flat,Local Variety,No,None,0.0,Partial,Rice,Low,Sufficient,Yes,No,24.1,Loam,6.78,2.65,75.9,21.7,183.9,22.1,144.8,79.1,7.2,9.9,112.0,13.23
2020,Season B,June,Shyara,Rice,0.19,0.12,12.0,Valley,Hybrid (Komboka),Yes,Mixed (Organic + Inorganic),1.07,No,Fallow,High,Adequate,No,No,7.9,Sandy Loam,6.17,2.32,55.5,23.1,270.6,23.9,38.8,65.7,8.7,12.9,121.0,19.56
2023,Season B,March,Nyamata,Maize,1.9,1.18,118.0,Hillside,Improved (WH507),No,None,0.0,Yes,Maize,Low,Adequate,Yes,Yes,14.3,Clay Soil,7.36,3.03,72.2,23.8,253.5,22.5,94.0,75.2,7.8,9.8,111.9,19.19
2023,Season A,October,Juru,Beans,2.79,2.76,276.0,Valley,Local Variety,Yes,Inorganic (NPK),0.77,No,Beans,Medium,Limited,Yes,No,11.8,Sandy Loam,6.87,2.74,47.3,25.2,166.5,26.2,147.2,79.6,6.3,10.7,89.6,6.37
2021,Season A,January,Ruhuha,Beans,2.93,2.88,288.0,Flat,Hybrid (MAC 44),No,None,0.0,Partial,Cassava,Medium,Sufficient,Yes,No,10.8,Sandy Loam,6.8,2.45,62.5,21.4,187.9,22.4,65.4,69.2,8.1,11.6,103.3,9.75
2020,Season A,November,Mareba,Maize,2.99,2.0,200.0,Flat,Local Variety,No,None,0.0,Yes,Fallow,Low,Adequate,Yes,No,16.6,Sandy Loam,7.21,2.74,58.2,13.8,228.4,24.8,68.7,76.2,7.3,11.1,106.6,11.99
2022,Season A,October,Shyara,Beans,1.34,0.92,92.0,Flat,Improved (RWR 2245),Yes,Mixed (Organic + Inorganic),0.76,No,Cassava,High,Limited,Yes,No,13.1,Sandy Loam,6.31,2.3,57.6,18.9,273.5,22.9,137.5,83.2,6.5,9.8,111.9,12.18
2023,Season B,May,Shyara,Rice,0.19,0.16,16.0,Flat,Improved (IR64 / NERICA),Yes,Organic (Compost),0.0,No,Maize,Medium,Sufficient,Yes,Yes,13.7,Sandy Loam,6.18,2.32,49.9,21.8,269.1,24.6,89.2,87.9,6.6,10.3,114.2,32.38
2024,Season B,June,Nyarugenge,Beans,1.76,1.34,134.0,Valley,Hybrid (MAC 44),Partial,Organic (Compost),0.78,Partial,Beans,Medium,Adequate,Yes,No,5.7,Clay Soil,6.37,2.22,36.1,26.6,199.2,22.1,29.9,65.4,8.3,11.3,116.7,8.25
2021,Season B,March,Rweru,Maize,2.29,1.61,161.0,Valley,Hybrid (H614D),Yes,Mixed (Organic + Inorganic),0.55,Partial,Beans,High,Adequate,Yes,Yes,13.6,Clay Soil,7.07,2.71,67.9,10.6,187.7,22.9,120.8,70.1,7.0,11.6,101.0,26.45
2023,Season A,October,Mayange,Beans,2.74,2.15,215.0,Flat,Hybrid (MAC 44),Yes,Mixed (Organic + Inorganic),0.44,Partial,Beans,Low,Sufficient,Yes,No,10.0,Sandy Loam,6.12,2.61,63.0,14.5,204.7,22.7,79.4,73.6,6.2,10.1,99.8,10.87
2022,Season A,December,Gashora,Rice,1.94,1.35,135.0,Flat,Improved (IR64 / NERICA),No,None,0.0,No,Beans,Medium,Sufficient,No,No,9.9,Loam,6.55,2.04,52.7,25.5,191.4,21.6,59.1,74.8,8.2,10.5,92.9,28.93
2024,Season B,May,Ntarama,Rice,2.43,2.37,237.0,Flat,Improved (IR64 / NERICA),No,None,0.0,No,Maize,Medium,Limited,Yes,Yes,17.6,Sandy Soil,7.07,2.84,58.7,12.8,243.6,21.6,64.3,70.7,6.3,10.4,90.5,22.15
2024,Season B,April,Ntarama,Rice,1.98,1.33,133.0,Valley,Improved (IR64 / NERICA),No,None,0.0,No,Fallow,High,Limited,Yes,Yes,6.1,Sandy Soil,6.87,2.91,58.7,9.7,244.0,24.2,115.1,79.0,7.4,10.6,119.6,26.31
2024,Season B,March,Kamabuye,Rice,0.81,0.63,63.0,Valley,Improved (IR64 / NERICA),Yes,Organic (Compost),0.0,No,Maize,Low,Adequate,Yes,Yes,22.0,Clay Soil,6.95,2.33,43.5,19.9,202.2,21.9,81.5,90.2,7.7,10.8,124.0,30.45
2021,Season B,February,Musenyi,Maize,1.83,1.26,126.0,Flat,Hybrid (H614D),Yes,Organic (Compost),0.0,No,Cassava,Low,Sufficient,No,Yes,19.6,Loam,6.96,2.15,45.3,15.2,251.0,22.4,82.9,81.9,6.6,10.3,108.9,27.83
2021,Season A,November,Musenyi,Beans,0.88,0.79,79.0,Hillside,Local Variety,Yes,Inorganic (NPK),1.11,No,Beans,High,Sufficient,No,No,21.1,Loam,7.13,2.21,43.1,13.6,235.9,24.5,140.4,76.0,6.4,10.4,102.3,5.66
2024,Season A,September,Kamabuye,Maize,0.16,0.12,12.0,Hillside,Improved (WH507),Yes,Mixed (Organic + Inorganic),2.26,No,Beans,High,Adequate,Yes,No,22.0,Clay Soil,7.05,2.18,38.2,22.2,214.6,21.2,104.9,74.6,6.5,14.0,113.3,21.98
2023,Season B,June,Juru,Beans,2.02,1.96,196.0,Flat,Hybrid (MAC 44),Yes,Mixed (Organic + Inorganic),1.47,No,Beans,High,Adequate,Yes,Yes,20.7,Sandy Loam,7.04,2.56,49.3,20.7,164.1,22.6,34.9,70.4,7.4,13.9,100.9,5.93
2020,Season A,October,Nyamata,Beans,2.19,2.03,203.0,Flat,Improved (RWR 2245),Yes,Inorganic (NPK),0.89,No,Maize,Medium,Adequate,Yes,No,9.4,Clay Soil,6.82,3.34,74.9,22.0,250.9,25.3,78.2,82.3,7.4,11.1,109.5,13.71
2023,Season A,January,Mareba,Maize,0.33,0.28,28.0,Valley,Improved (WH507),Yes,Organic (Compost),0.0,Partial,Fallow,Low,Sufficient,Yes,No,21.2,Sandy Loam,7.07,3.11,62.5,12.5,222.6,23.3,62.4,75.9,7.8,13.0,94.0,21.08
2022,Season B,April,Ntarama,Maize,0.3,0.29,29.0,Valley,Local Variety,Partial,Inorganic (NPK),0.77,Yes,Fallow,Low,Limited,Yes,No,20.4,Sandy Soil,7.0,2.72,62.5,9.2,249.1,22.1,145.6,78.2,6.9,9.4,102.1,12.45
2022,Season B,February,Kamabuye,Rice,2.23,1.91,191.0,Valley,Local Variety,No,None,0.0,Partial,Beans,Medium,Limited,Yes,No,8.9,Clay Soil,7.06,2.41,40.1,21.8,201.4,20.8,66.8,78.7,6.6,11.6,113.6,13.06
2022,Season B,February,Kamabuye,Beans,2.7,2.15,215.0,Flat,Local Variety,No,None,0.0,No,Beans,Low,Sufficient,No,Yes,5.3,Clay Soil,6.99,2.33,40.8,20.6,203.4,21.1,90.6,65.6,7.2,10.5,125.6,6.67
2021,Season B,June,Mareba,Maize,0.95,0.94,94.0,Flat,Improved (WH507),No,None,0.0,No,Rice,Low,Adequate,No,Yes,12.4,Sandy Loam,7.07,3.13,60.3,11.7,238.3,22.9,33.1,78.3,7.6,11.9,129.5,12.54
2024,Season A,November,Musenyi,Beans,2.56,2.43,243.0,Flat,Improved (RWR 2245),No,None,0.0,No,Maize,Low,Limited,Yes,Yes,24.7,Loam,7.09,2.18,42.0,13.9,253.7,22.7,127.6,78.7,7.3,10.9,99.0,12.06
2023,Season B,April,Kamabuye,Beans,2.34,2.19,219.0,Valley,Hybrid (MAC 44),Yes,Organic (Compost),0.0,No,Cassava,High,Limited,Yes,No,24.9,Clay Soil,7.13,2.6,37.2,18.9,200.2,23.8,94.5,73.4,7.2,10.1,108.8,8.56
2024,Season A,September,Gashora,Rice,1.57,1.12,112.0,Valley,Improved (IR64 / NERICA),Yes,Organic (Compost),0.0,No,Rice,Low,Sufficient,Yes,No,12.9,Loam,6.62,1.9,45.6,24.8,199.0,23.0,61.9,81.9,8.0,12.1,115.0,30.6
2020,Season B,February,Juru,Beans,1.85,1.63,163.0,Hillside,Improved (RWR 2245),Yes,Mixed (Organic + Inorganic),1.45,No,Fallow,Low,Adequate,Yes,No,14.9,Sandy Loam,7.02,2.53,49.8,20.8,165.2,22.7,43.9,73.0,7.9,11.2,96.9,12.43
2022,Season B,February,Ntarama,Beans,1.78,1.5,150.0,Flat,Hybrid (MAC 44),No,None,0.0,No,Maize,Low,Adequate,Yes,Yes,10.0,Sandy Soil,7.16,2.98,67.8,11.0,249.1,21.0,53.9,71.4,7.8,11.3,95.7,8.27
2024,Season A,December,Gashora,Beans,1.64,1.2,120.0,Hillside,Hybrid (MAC 44),No,None,0.0,No,Maize,Medium,Sufficient,No,Yes,18.9,Loam,6.45,1.98,53.6,18.6,181.8,20.6,105.7,75.9,7.3,8.9,93.6,8.85
2022,Season B,June,Mwogo,Maize,2.2,1.33,133.0,Flat,Local Variety,No,None,0.0,Partial,Cassava,Medium,Adequate,No,No,13.0,Sandy Soil,5.98,1.8,70.5,24.4,170.0,22.0,31.3,73.8,7.4,13.3,121.9,9.8
2020,Season B,May,Ntarama,Beans,2.15,1.83,183.0,Valley,Hybrid (MAC 44),Yes,Organic (Compost),0.0,Partial,Beans,Low,Limited,No,No,23.9,Sandy Soil,7.08,2.8,60.9,11.5,250.9,24.4,65.8,71.0,7.4,10.1,113.0,8.93
2020,Season B,February,Nyarugenge,Maize,0.89,0.55,55.0,Flat,Improved (WH507),No,None,0.0,No,Cassava,Medium,Adequate,No,No,18.4,Clay Soil,6.29,2.18,39.8,24.6,189.3,22.7,91.1,67.4,8.8,9.6,99.5,17.91
2022,Season A,November,Nyarugenge,Maize,2.91,2.65,265.0,Flat,Improved (WH507),Partial,Inorganic (NPK),0.35,Partial,Rice,Medium,Limited,Yes,No,10.1,Clay Soil,6.24,2.28,39.5,23.4,202.9,24.5,98.3,77.2,6.8,10.2,104.1,19.68
2022,Season A,October,Shyara,Beans,1.7,1.31,131.0,Valley,Local Variety,Yes,Organic (Compost),0.0,Yes,Beans,Low,Sufficient,Yes,No,12.2,Sandy Loam,6.04,2.26,56.0,20.5,255.5,24.5,69.4,86.0,6.8,9.8,96.7,8.52
2024,Season B,April,Ngeruka,Beans,0.85,0.81,81.0,Flat,Improved (RWR 2245),Partial,Inorganic (NPK),0.43,Partial,Maize,Low,Adequate,Yes,Yes,10.0,Loam,6.83,3.08,76.8,22.9,199.7,23.0,141.7,81.3,6.9,9.4,113.0,13.78
2022,Season B,April,Rweru,Rice,1.26,1.03,103.0,Valley,Improved (IR64 / NERICA),Yes,Organic (Compost),0.0,No,Maize,Low,Adequate,Yes,No,21.4,Clay Soil,7.03,2.64,63.7,11.4,181.9,23.3,66.4,77.9,6.6,11.0,114.0,27.78
2022,Season A,January,Mareba,Beans,2.72,2.06,206.0,Hillside,Improved (RWR 2245),Partial,Organic (Compost),0.17,Partial,Fallow,Medium,Limited,Yes,Yes,12.1,Sandy Loam,7.24,3.09,61.0,14.1,243.3,22.7,56.0,71.8,9.2,12.7,116.8,12.28
2023,Season B,February,Rilima,Rice,2.52,1.67,167.0,Flat,Improved (IR64 / NERICA),Yes,Organic (Compost),0.0,No,Maize,High,Adequate,Yes,No,15.2,Sandy Soil,6.1,1.83,39.1,14.2,218.1,23.9,75.4,69.8,6.8,9.3,101.4,26.72
2023,Season B,March,Ntarama,Maize,2.86,1.74,174.0,Flat,Local Variety,Yes,Inorganic (NPK),2.45,No,Cassava,Low,Adequate,No,No,11.0,Sandy Soil,7.08,2.52,56.7,10.3,250.3,25.1,124.2,74.5,7.5,10.6,111.5,13.57
2020,Season A,December,Ruhuha,Rice,1.13,1.05,105.0,Flat,Improved (IR64 / NERICA),Partial,Inorganic (NPK),0.58,No,Fallow,Medium,Limited,No,No,5.8,Sandy Loam,6.94,2.46,61.1,18.3,169.2,21.1,110.4,79.5,7.7,11.2,112.8,31.59
2021,Season B,May,Kamabuye,Rice,0.17,0.1,10.0,Valley,Hybrid (Komboka),Yes,Organic (Compost),0.0,Partial,Maize,High,Sufficient,Yes,No,11.6,Clay Soil,6.98,2.43,40.6,20.8,220.9,24.0,50.5,73.1,6.2,10.0,118.7,18.59
2022,Season B,March,Rilima,Beans,1.31,1.26,126.0,Flat,Improved (RWR 2245),Yes,Organic (Compost),0.0,No,Maize,Low,Limited,Yes,Yes,24.7,Sandy Soil,6.15,1.9,42.0,16.1,208.4,24.0,113.7,79.4,7.1,9.8,126.0,12.81
2024,Season A,December,Ngeruka,Beans,1.51,1.29,129.0,Hillside,Improved (RWR 2245),Partial,Organic (Compost),0.73,No,Maize,Low,Adequate,Yes,No,9.7,Loam,7.03,3.01,72.2,22.5,191.1,22.8,92.3,74.7,8.1,11.8,107.1,14.44
2022,Season B,June,Mwogo,Beans,0.65,0.6,60.0,Valley,Improved (RWR 2245),Yes,Mixed (Organic + Inorganic),1.32,No,Cassava,High,Sufficient,Yes,Yes,17.2,Sandy Soil,6.12,2.07,70.0,19.8,172.9,23.8,26.9,68.8,8.8,13.0,110.7,9.21
2020,Season B,June,Nyamata,Beans,0.22,0.22,22.0,Valley,Hybrid (MAC 44),Yes,Organic (Compost),0.0,Partial,Maize,Low,Adequate,No,Yes,18.9,Clay Soil,7.18,3.2,80.6,23.6,245.2,23.5,24.7,70.0,8.5,12.0,125.5,8.21
2021,Season B,March,Mwogo,Beans,0.67,0.64,64.0,Flat,Improved (RWR 2245),No,None,0.0,Partial,Beans,High,Sufficient,Yes,No,12.7,Sandy Soil,6.0,1.9,66.3,20.3,173.6,23.1,121.9,74.1,7.5,13.2,121.3,10.37
2022,Season B,March,Ntarama,Beans,2.9,2.46,246.0,Hillside,Hybrid (MAC 44),Yes,Inorganic (NPK),0.66,Yes,Fallow,Low,Limited,Yes,Yes,15.9,Sandy Soil,6.93,2.91,56.2,11.4,244.6,23.1,57.1,76.7,7.3,12.8,106.1,9.81
2022,Season A,December,Kamabuye,Beans,0.25,0.25,25.0,Valley,Improved (RWR 2245),No,None,0.0,Yes,Beans,Medium,Sufficient,No,No,12.3,Clay Soil,7.03,2.55,40.0,20.0,207.8,22.5,106.9,73.4,7.1,11.4,103.4,12.14
2023,Season A,September,Musenyi,Rice,1.91,1.84,184.0,Valley,Improved (IR64 / NERICA),Partial,Inorganic (NPK),0.22,Partial,Rice,Low,Adequate,No,No,7.1,Loam,7.15,2.36,40.9,12.6,249.7,23.4,48.5,72.2,7.4,11.2,127.4,27.7
2023,Season A,November,Mayange,Maize,2.19,1.39,139.0,Valley,Hybrid (H614D),No,None,0.0,No,Rice,Low,Limited,No,Yes,22.5,Sandy Loam,6.01,2.52,69.5,10.1,212.6,22.4,82.8,74.7,7.6,9.6,110.5,24.41
2024,Season B,February,Mayange,Maize,1.58,1.03,103.0,Flat,Hybrid (H614D),Yes,Organic (Compost),0.0,Yes,Maize,Low,Adequate,Yes,Yes,5.9,Sandy Loam,5.95,2.78,65.8,11.5,213.3,24.0,51.6,68.2,7.8,9.5,126.1,21.88
2022,Season B,June,Rilima,Beans,0.28,0.23,23.0,Flat,Hybrid (MAC 44),No,None,0.0,No,Cassava,Low,Adequate,No,Yes,14.3,Sandy Soil,6.15,1.73,48.4,13.7,218.5,22.3,29.7,71.0,7.4,11.7,114.7,6.09
2020,Season A,November,Gashora,Maize,2.79,2.04,204.0,Flat,Improved (WH507),Yes,Organic (Compost),0.0,Partial,Maize,Medium,Sufficient,Yes,No,8.5,Loam,6.38,2.1,50.5,27.0,194.9,24.3,73.0,81.3,7.0,11.4,109.1,19.09
2022,Season B,February,Shyara,Maize,2.73,2.67,267.0,Valley,Improved (WH507),Yes,Organic (Compost),0.0,No,Beans,Low,Adequate,No,No,22.4,Sandy Loam,6.18,2.45,57.2,16.3,276.7,21.2,64.3,74.3,7.0,12.3,99.5,20.84
2020,Season A,January,Mayange,Maize,1.26,0.84,84.0,Flat,Improved (WH507),Partial,Inorganic (NPK),0.76,Yes,Cassava,Low,Sufficient,Yes,Yes,22.2,Sandy Loam,6.07,2.85,63.5,15.4,196.7,23.7,69.5,65.6,7.6,7.9,115.5,20.19
2023,Season B,June,Ntarama,Rice,2.17,1.61,161.0,Hillside,Local Variety,Yes,Inorganic (NPK),2.55,No,Fallow,Low,Sufficient,Yes,Yes,24.8,Sandy Soil,7.15,2.85,61.0,12.8,249.9,20.9,39.6,61.7,8.7,13.1,126.9,15.84
2024,Season B,May,Ruhuha,Beans,1.31,1.22,122.0,Valley,Improved (RWR 2245),No,None,0.0,No,Beans,Medium,Adequate,No,No,5.0,Sandy Loam,6.97,2.31,68.5,21.0,191.2,22.7,107.1,79.7,6.3,11.5,91.6,11.89
2020,Season A,December,Ruhuha,Beans,0.28,0.26,26.0,Valley,Improved (RWR 2245),Yes,Mixed (Organic + Inorganic),1.26,No,Beans,Medium,Adequate,No,No,12.9,Sandy Loam,7.13,2.38,63.0,18.3,197.1,20.6,102.4,73.3,8.4,12.1,107.2,14.56
2023,Season A,January,Ruhuha,Maize,0.89,0.83,83.0,Flat,Improved (WH507),Partial,Inorganic (NPK),0.66,Yes,Cassava,Medium,Adequate,Yes,No,19.1,Sandy Loam,6.95,2.47,58.7,15.6,192.5,23.5,43.5,75.8,7.4,10.9,119.8,16.88
2021,Season B,June,Gashora,Maize,0.73,0.67,67.0,Valley,Local Variety,Yes,Mixed (Organic + Inorganic),0.39,No,Beans,Medium,Adequate,Yes,Yes,9.4,Loam,6.67,1.89,42.1,25.1,200.3,23.3,33.6,68.3,8.4,14.0,115.9,10.44
2022,Season B,June,Ntarama,Rice,0.13,0.1,10.0,Flat,Improved (IR64 / NERICA),Partial,Organic (Compost),0.57,No,Beans,Low,Limited,No,No,22.2,Sandy Soil,7.0,2.89,64.4,10.1,239.7,22.4,45.8,64.8,9.4,11.3,129.4,22.0
2021,Season A,November,Kamabuye,Maize,0.71,0.67,67.0,Flat,Local Variety,No,None,0.0,No,Rice,Medium,Sufficient,No,No,22.9,Clay Soil,7.2,2.23,47.7,21.0,219.9,24.3,133.9,71.6,7.0,9.6,98.2,11.26
2020,Season B,March,Mwogo,Beans,1.67,1.16,116.0,Valley,Local Variety,Yes,Organic (Compost),0.0,Yes,Rice,Low,Limited,Yes,Yes,10.4,Sandy Soil,5.92,2.0,65.9,18.2,168.1,24.0,115.3,74.3,7.0,11.1,118.0,7.27
2020,Season A,November,Mwogo,Beans,1.51,1.15,115.0,Hillside,Hybrid (MAC 44),Yes,Organic (Compost),0.0,No,Cassava,Medium,Adequate,No,Yes,8.1,Sandy Soil,5.9,2.02,68.9,24.1,158.4,24.2,77.0,74.2,7.2,10.4,101.2,10.83
2023,Season B,March,Ruhuha,Maize,2.37,1.85,185.0,Hillside,Local Variety,No,None,0.0,Yes,Beans,Low,Adequate,Yes,Yes,14.1,Sandy Loam,7.03,2.7,59.9,19.7,177.4,23.9,126.0,77.5,6.9,10.2,126.2,14.86
2024,Season A,September,Juru,Maize,1.01,0.78,78.0,Valley,Local Variety,Yes,Organic (Compost),0.0,Yes,Fallow,Medium,Adequate,Yes,Yes,8.6,Sandy Loam,6.87,2.55,47.1,26.0,186.3,23.3,71.7,79.3,7.2,10.5,126.7,14.42
2023,Season B,April,Rweru,Maize,2.37,2.33,233.0,Valley,Improved (WH507),Partial,Inorganic (NPK),0.35,Yes,Rice,Low,Adequate,No,No,14.7,Clay Soil,6.91,2.49,63.6,7.5,190.7,22.5,90.6,72.1,7.3,11.2,91.4,18.23
2024,Season A,January,Mayange,Maize,2.73,1.92,192.0,Hillside,Local Variety,Yes,Mixed (Organic + Inorganic),1.36,Partial,Rice,High,Sufficient,No,Yes,5.7,Sandy Loam,6.06,2.9,68.8,9.5,222.9,22.1,83.7,68.0,7.6,10.6,113.9,17.99
2022,Season B,June,Ruhuha,Rice,0.4,0.26,26.0,Flat,Hybrid (Komboka),Yes,Inorganic (NPK),1.82,No,Maize,Low,Limited,Yes,Yes,5.7,Sandy Loam,6.94,2.5,61.1,19.1,197.5,21.1,25.3,72.6,7.5,10.7,115.7,18.07
2023,Season A,December,Mareba,Maize,1.23,0.83,83.0,Hillside,Improved (WH507),No,None,0.0,No,Beans,Medium,Sufficient,Yes,No,11.0,Sandy Loam,7.16,3.07,67.6,14.5,240.5,21.7,75.7,71.5,7.9,10.3,115.0,17.23
2021,Season B,April,Ntarama,Beans,1.24,1.19,119.0,Flat,Hybrid (MAC 44),No,None,0.0,Yes,Maize,Medium,Sufficient,No,Yes,11.7,Sandy Soil,7.05,3.11,66.3,11.0,248.3,24.7,145.3,72.7,7.2,11.6,106.0,8.93
2024,Season B,April,Ngeruka,Maize,0.6,0.56,56.0,Flat,Hybrid (H614D),No,None,0.0,No,Maize,Low,Sufficient,Yes,Yes,11.8,Loam,6.98,2.7,72.8,20.5,198.0,24.4,144.3,79.8,7.3,9.5,114.8,21.39
2023,Season B,May,Rilima,Beans,2.78,2.66,266.0,Flat,Improved (RWR 2245),Partial,Organic (Compost),0.69,Partial,Beans,Low,Adequate,No,Yes,8.6,Sandy Soil,6.21,1.76,38.8,11.8,205.2,22.7,83.9,68.9,7.0,8.5,94.6,13.5
2021,Season A,November,Mareba,Beans,0.45,0.32,32.0,Flat,Local Variety,Partial,Inorganic (NPK),0.13,No,Maize,High,Sufficient,No,Yes,20.6,Sandy Loam,7.11,2.95,60.0,11.9,235.4,23.8,97.7,71.5,6.5,10.8,103.6,5.76
2024,Season A,October,Rweru,Rice,1.68,1.55,155.0,Valley,Hybrid (Komboka),No,None,0.0,Partial,Maize,Low,Adequate,Yes,No,11.0,Clay Soil,7.09,2.61,68.9,12.2,192.7,23.3,135.8,86.0,6.9,10.4,111.5,28.22
2022,Season A,November,Ngeruka,Beans,0.94,0.82,82.0,Valley,Improved (RWR 2245),Partial,Inorganic (NPK),0.56,Yes,Beans,Low,Sufficient,Yes,Yes,8.6,Loam,7.18,2.82,74.1,19.5,187.0,23.9,110.8,77.9,7.5,10.3,99.0,13.32
2022,Season A,January,Shyara,Beans,1.86,1.65,165.0,Valley,Improved (RWR 2245),Yes,Mixed (Organic + Inorganic),1.34,No,Rice,Low,Sufficient,No,No,13.3,Sandy Loam,6.21,2.04,55.3,18.5,253.4,23.0,88.2,70.9,8.2,11.4,93.0,16.26
2022,Season A,January,Mwogo,Maize,0.67,0.62,62.0,Hillside,Improved (WH507),No,None,0.0,No,Maize,Medium,Limited,Yes,Yes,23.8,Sandy Soil,6.05,2.29,69.2,18.0,151.4,21.4,69.8,73.1,8.4,11.2,109.0,14.67
2021,Season B,April,Ruhuha,Maize,0.6,0.54,54.0,Hillside,Local Variety,Yes,Inorganic (NPK),0.78,Yes,Maize,Medium,Sufficient,No,Yes,11.6,Sandy Loam,6.92,2.44,63.5,18.2,184.8,22.9,123.7,73.2,6.5,9.0,92.9,15.77
2023,Season A,December,Ntarama,Rice,2.6,2.43,243.0,Valley,Improved (IR64 / NERICA),No,None,0.0,No,Beans,Medium,Sufficient,Yes,No,17.1,Sandy Soil,7.14,3.01,59.8,11.7,244.5,23.6,63.0,69.8,7.9,11.7,93.0,30.13
2024,Season A,September,Mwogo,Beans,2.52,1.77,177.0,Hillside,Hybrid (MAC 44),Yes,Inorganic (NPK),1.19,Yes,Beans,Medium,Adequate,No,Yes,7.7,Sandy Soil,6.02,2.19,70.6,21.0,165.3,22.4,72.0,80.6,7.4,12.5,104.3,11.59
2024,Season A,November,Rilima,Maize,0.39,0.28,28.0,Flat,Local Variety,Partial,Organic (Compost),0.2,Partial,Rice,Low,Adequate,Yes,Yes,19.2,Sandy Soil,6.13,1.77,39.4,19.9,206.9,24.4,69.4,67.7,6.7,11.8,109.7,15.18
2023,Season B,March,Juru,Beans,2.03,1.41,141.0,Flat,Improved (RWR 2245),Yes,Mixed (Organic + Inorganic),1.39,No,Maize,Low,Adequate,Yes,No,12.0,Sandy Loam,6.75,2.44,43.1,24.4,177.5,21.7,74.3,72.5,7.5,10.4,106.3,15.68
2021,Season B,June,Nyamata,Rice,0.84,0.7,70.0,Flat,Improved (IR64 / NERICA),Yes,Organic (Compost),0.0,Yes,Cassava,Low,Limited,Yes,No,11.7,Clay Soil,7.23,3.04,73.7,21.4,254.7,22.7,35.7,77.0,7.9,12.5,107.9,28.29
2022,Season B,June,Gashora,Maize,2.65,1.84,184.0,Hillside,Improved (WH507),Yes,Organic (Compost),0.0,No,Maize,Medium,Adequate,Yes,No,10.1,Loam,6.55,2.02,44.7,22.3,191.6,21.5,32.3,76.0,8.4,12.7,124.5,13.98
2021,Season B,February,Mareba,Maize,0.67,0.67,67.0,Flat,Improved (WH507),No,None,0.0,Yes,Maize,Low,Adequate,No,No,10.1,Sandy Loam,7.0,3.16,62.3,13.8,231.1,20.7,74.3,60.4,8.1,11.7,101.8,16.05
2020,Season A,January,Shyara,Rice,0.5,0.35,35.0,Valley,Improved (IR64 / NERICA),No,None,0.0,Partial,Fallow,Medium,Sufficient,No,Yes,9.7,Sandy Loam,6.32,2.09,51.9,19.5,271.5,23.4,80.6,61.7,7.7,10.2,101.1,30.36
2020,Season B,April,Ruhuha,Beans,2.31,1.67,167.0,Hillside,Improved (RWR 2245),Yes,Mixed (Organic + Inorganic),1.37,Partial,Beans,Low,Adequate,Yes,Yes,21.3,Sandy Loam,7.04,2.62,63.6,18.6,180.7,22.3,84.3,74.1,6.9,10.4,116.2,15.48
2024,Season A,November,Kamabuye,Rice,2.08,1.89,189.0,Hillside,Hybrid (Komboka),Partial,Inorganic (NPK),0.58,Yes,Maize,Medium,Sufficient,Yes,Yes,9.4,Clay Soil,7.31,2.66,35.1,21.3,202.0,22.8,74.2,78.5,6.9,10.6,107.9,22.82
2020,Season A,December,Kamabuye,Rice,2.05,1.31,131.0,Valley,Hybrid (Komboka),No,None,0.0,No,Maize,High,Adequate,Yes,No,24.7,Clay Soil,7.08,2.17,40.7,14.3,209.6,22.2,89.2,73.8,7.7,12.1,94.2,19.24
2022,Season A,December,Ruhuha,Maize,0.19,0.14,14.0,Flat,Improved (WH507),No,None,0.0,Yes,Maize,High,Adequate,Yes,Yes,11.5,Sandy Loam,6.92,2.68,61.0,15.9,199.1,24.0,116.7,71.6,8.0,10.1,110.5,14.82
2023,Season A,September,Shyara,Beans,2.76,1.66,166.0,Flat,Improved (RWR 2245),Partial,Organic (Compost),0.24,No,Rice,High,Limited,Yes,Yes,22.0,Sandy Loam,6.06,2.28,58.0,20.5,269.9,22.9,85.9,67.4,8.4,12.5,121.3,11.8
2022,Season A,November,Kamabuye,Maize,2.47,2.45,245.0,Hillside,Local Variety,Yes,Inorganic (NPK),1.55,No,Maize,Low,Adequate,Yes,Yes,10.2,Clay Soil,6.92,2.23,39.7,19.3,222.5,25.5,75.4,78.7,7.9,11.0,103.3,12.94
2023,Season A,January,Mwogo,Beans,0.71,0.68,68.0,Valley,Local Variety,Yes,Inorganic (NPK),0.51,No,Maize,Low,Sufficient,No,No,7.0,Sandy Soil,6.08,1.83,72.7,18.0,165.0,22.4,42.5,74.6,8.4,11.3,93.8,6.68
2022,Season B,May,Kamabuye,Beans,0.63,0.61,61.0,Valley,Improved (RWR 2245),Yes,Organic (Compost),0.0,Partial,Maize,Low,Limited,Yes,No,18.1,Clay Soil,7.0,2.41,39.9,19.1,219.6,24.3,60.5,78.6,6.9,10.9,110.0,12.48
2021,Season A,September,Shyara,Beans,2.64,2.17,217.0,Valley,Local Variety,Yes,Inorganic (NPK),1.07,No,Maize,Low,Sufficient,No,No,14.7,Sandy Loam,6.19,2.54,59.3,20.8,258.6,24.4,87.1,79.5,6.7,13.0,128.4,8.71
2020,Season B,March,Ruhuha,Beans,2.41,1.83,183.0,Flat,Local Variety,No,None,0.0,No,Rice,Medium,Adequate,Yes,No,5.4,Sandy Loam,6.89,2.27,62.8,17.4,209.2,25.0,69.5,74.1,6.6,11.2,122.3,6.21
2023,Season B,March,Juru,Beans,2.5,1.81,181.0,Valley,Improved (RWR 2245),No,None,0.0,Yes,Maize,Low,Adequate,No,Yes,17.1,Sandy Loam,7.01,2.86,47.8,23.1,185.1,23.1,95.3,72.5,6.8,12.3,100.8,13.95
2021,Season B,June,Musenyi,Maize,0.64,0.43,43.0,Valley,Hybrid (H614D),Partial,Organic (Compost),0.11,Yes,Maize,High,Adequate,Yes,No,10.5,Loam,7.15,2.27,40.0,14.8,248.6,23.9,21.7,71.7,8.9,13.7,122.1,15.76
2022,Season A,January,Gashora,Maize,2.17,1.77,177.0,Valley,Improved (WH507),No,None,0.0,No,Rice,High,Limited,Yes,Yes,5.6,Loam,6.52,1.84,47.9,23.6,197.9,23.5,44.6,72.1,7.0,11.9,108.0,12.34
2022,Season A,October,Rweru,Beans,1.63,1.15,115.0,Hillside,Hybrid (MAC 44),Yes,Inorganic (NPK),0.76,No,Maize,High,Adequate,No,No,11.2,Clay Soil,6.94,2.83,62.6,9.5,186.9,24.2,105.5,72.1,6.4,9.3,97.0,9.25
2023,Season A,November,Mwogo,Maize,2.27,2.05,205.0,Hillside,Improved (WH507),Yes,Inorganic (NPK),0.6,No,Beans,Medium,Sufficient,Yes,Yes,11.3,Sandy Soil,6.12,2.12,66.8,20.3,157.7,24.8,70.5,72.7,7.3,11.3,95.1,21.85
2020,Season B,May,Musenyi,Beans,1.7,1.53,153.0,Flat,Improved (RWR 2245),Yes,Organic (Compost),0.0,No,Maize,Low,Adequate,No,No,21.2,Loam,7.1,2.46,41.0,13.8,249.6,23.5,71.2,83.5,7.5,10.7,112.0,14.2
2023,Season A,September,Shyara,Beans,1.89,1.5,150.0,Flat,Improved (RWR 2245),Partial,Inorganic (NPK),0.2,Partial,Beans,Low,Sufficient,Yes,No,20.4,Sandy Loam,6.25,2.26,52.5,22.5,262.9,23.1,48.6,71.9,8.5,11.8,112.5,12.82
2022,Season B,May,Ruhuha,Rice,1.11,0.9,90.0,Hillside,Hybrid (Komboka),No,None,0.0,No,Fallow,High,Adequate,No,No,5.9,Sandy Loam,6.9,2.31,63.5,17.4,174.3,23.1,105.5,71.7,7.2,10.8,90.2,19.45
2024,Season A,November,Shyara,Maize,2.73,2.51,251.0,Flat,Improved (WH507),No,None,0.0,Yes,Rice,Low,Sufficient,No,Yes,9.1,Sandy Loam,6.19,2.22,52.0,23.8,272.7,24.8,111.9,76.1,6.7,10.1,104.6,21.23
2020,Season B,February,Rweru,Beans,0.44,0.32,32.0,Flat,Local Variety,No,None,0.0,Partial,Fallow,Low,Limited,No,No,10.2,Clay Soil,6.88,2.53,68.2,10.4,200.0,22.4,62.5,67.8,7.3,11.5,110.9,5.92
2024,Season B,June,Ruhuha,Maize,0.8,0.49,49.0,Flat,Improved (WH507),Partial,Inorganic (NPK),0.74,Yes,Beans,High,Sufficient,Yes,Yes,11.2,Sandy Loam,6.97,2.67,64.2,20.0,193.2,25.8,39.1,67.9,7.8,12.3,111.8,13.65
2022,Season B,March,Rilima,Maize,0.81,0.6,60.0,Hillside,Improved (WH507),Yes,Organic (Compost),0.0,Yes,Rice,Low,Sufficient,No,No,13.8,Sandy Soil,6.1,1.94,45.9,14.0,221.5,23.5,92.0,74.0,7.3,10.4,105.0,21.68
2021,Season A,December,Nyamata,Rice,1.04,0.89,89.0,Valley,Improved (IR64 / NERICA),No,None,0.0,No,Maize,Low,Adequate,Yes,Yes,19.4,Clay Soil,6.95,3.19,75.5,24.0,240.9,21.6,118.5,82.3,8.4,12.2,114.0,30.76
2021,Season B,June,Musenyi,Maize,2.16,1.86,186.0,Hillside,Local Variety,Partial,Organic (Compost),0.11,No,Fallow,Low,Sufficient,No,Yes,12.1,Loam,7.0,2.08,38.2,14.3,265.3,22.8,30.3,66.1,8.1,11.1,128.7,9.91
2021,Season A,October,Mareba,Rice,2.84,2.19,219.0,Valley,Hybrid (Komboka),Yes,Mixed (Organic + Inorganic),0.43,No,Rice,Medium,Limited,Yes,Yes,19.4,Sandy Loam,6.98,2.99,62.4,11.8,233.8,23.8,138.2,86.5,5.9,10.0,101.2,24.5
2022,Season A,October,Nyamata,Maize,1.82,1.39,139.0,Valley,Hybrid (H614D),No,None,0.0,No,Fallow,Medium,Sufficient,No,No,14.9,Clay Soil,7.17,2.88,78.1,24.6,254.1,25.2,101.0,82.5,6.8,11.5,91.8,19.55
2021,Season A,January,Rilima,Maize,1.29,1.11,111.0,Flat,Local Variety,Yes,Mixed (Organic + Inorganic),0.49,Yes,Cassava,High,Sufficient,No,No,17.9,Sandy Soil,6.06,1.92,41.4,15.6,224.6,22.0,68.8,77.4,7.8,11.3,119.6,13.44
2021,Season A,November,Nyarugenge,Maize,0.44,0.33,33.0,Valley,Improved (WH507),No,None,0.0,No,Rice,Medium,Sufficient,Yes,Yes,8.8,Clay Soil,6.24,2.28,39.2,20.7,195.5,25.5,71.1,79.4,7.8,11.4,103.5,15.12
2021,Season A,September,Ntarama,Beans,1.67,1.28,128.0,Flat,Improved (RWR 2245),Partial,Inorganic (NPK),0.7,Yes,Beans,High,Sufficient,No,No,13.4,Sandy Soil,7.03,2.89,62.0,14.4,247.6,22.7,94.1,75.2,7.7,11.7,118.7,11.55
2020,Season A,November,Ruhuha,Rice,0.38,0.35,35.0,Flat,Hybrid (Komboka),Yes,Mixed (Organic + Inorganic),1.76,No,Cassava,Medium,Adequate,Yes,Yes,11.3,Sandy Loam,7.03,2.74,65.9,19.8,194.7,24.1,125.3,77.4,5.9,8.9,99.4,33.5
2024,Season B,April,Shyara,Beans,2.91,2.78,278.0,Flat,Local Variety,Yes,Inorganic (NPK),0.52,Yes,Fallow,Medium,Adequate,No,No,7.0,Sandy Loam,6.15,2.26,57.6,18.0,259.3,24.0,120.5,83.8,7.3,9.6,100.1,7.76
2023,Season B,March,Rweru,Rice,2.84,2.33,233.0,Valley,Hybrid (Komboka),Yes,Mixed (Organic + Inorganic),0.96,No,Maize,Low,Adequate,Yes,Yes,17.6,Clay Soil,7.07,2.83,67.7,12.1,185.6,22.3,63.5,71.4,6.9,10.6,95.8,22.15
2024,Season A,January,Kamabuye,Rice,2.62,2.47,247.0,Valley,Improved (IR64 / NERICA),No,None,0.0,No,Fallow,High,Sufficient,No,No,21.8,Clay Soil,7.2,2.24,39.6,18.5,198.7,21.1,58.2,74.9,8.0,11.0,107.8,20.62
2022,Season B,March,Ruhuha,Maize,2.36,1.7,170.0,Flat,Improved (WH507),Partial,Organic (Compost),0.72,No,Maize,Low,Adequate,Yes,No,11.2,Sandy Loam,6.97,2.64,63.1,19.2,188.8,23.0,62.2,69.1,7.3,12.7,111.9,16.59
2021,Season A,December,Nyamata,Beans,2.67,1.9,190.0,Valley,Improved (RWR 2245),Yes,Mixed (Organic + Inorganic),0.79,Yes,Beans,Low,Adequate,Yes,No,8.4,Clay Soil,7.12,3.08,79.8,27.1,254.2,22.4,93.7,79.1,7.8,11.2,97.2,17.21
2021,Season A,January,Kamabuye,Rice,1.99,1.38,138.0,Flat,Local Variety,Yes,Inorganic (NPK),2.68,Yes,Beans,Low,Sufficient,No,No,24.0,Clay Soil,7.09,1.9,44.0,19.5,205.6,20.7,59.0,67.6,8.1,12.3,102.2,18.35
2020,Season A,December,Ruhuha,Beans,2.67,2.14,214.0,Flat,Improved (RWR 2245),No,None,0.0,No,Beans,Low,Sufficient,No,No,15.0,Sandy Loam,6.86,2.63,59.3,17.4,186.0,23.2,62.9,73.8,7.0,11.7,92.7,10.85
2021,Season B,March,Kamabuye,Rice,2.0,1.43,143.0,Valley,Local Variety,Yes,Mixed (Organic + Inorganic),2.09,No,Maize,High,Limited,Yes,No,19.0,Clay Soil,7.26,2.37,40.9,18.6,217.9,20.9,59.1,73.9,6.5,11.9,113.8,12.97
2020,Season B,March,Ngeruka,Beans,0.39,0.28,28.0,Valley,Hybrid (MAC 44),Yes,Inorganic (NPK),0.81,No,Maize,Medium,Limited,No,Yes,8.5,Loam,6.78,2.77,79.1,20.6,198.3,23.6,62.9,75.3,7.8,10.2,106.8,9.24
2022,Season B,February,Nyamata,Maize,1.32,1.22,122.0,Hillside,Improved (WH507),Partial,Organic (Compost),0.3,No,Maize,Low,Adequate,Yes,No,6.5,Clay Soil,7.0,3.2,80.6,23.3,262.7,22.9,54.1,70.0,7.5,12.6,112.9,14.71
2022,Season B,May,Gashora,Rice,2.54,2.11,211.0,Valley,Hybrid (Komboka),Yes,Inorganic (NPK),1.66,No,Beans,Low,Adequate,Yes,No,5.3,Loam,6.37,2.15,46.2,26.2,193.5,24.2,87.2,82.7,6.3,10.9,100.8,28.42
2023,Season B,May,Mareba,Rice,2.34,1.99,199.0,Flat,Hybrid (Komboka),No,None,0.0,Yes,Maize,Low,Sufficient,Yes,Yes,22.2,Sandy Loam,7.14,3.06,57.8,12.7,230.4,22.3,102.6,73.8,7.6,9.2,109.6,22.15
2024,Season A,September,Mwogo,Rice,1.9,1.73,173.0,Valley,Hybrid (Komboka),Yes,Organic (Compost),0.0,No,Cassava,Medium,Adequate,No,Yes,21.3,Sandy Soil,6.01,1.92,67.5,21.5,159.7,24.5,69.6,72.7,7.3,11.6,102.9,23.79
2024,Season B,March,Shyara,Beans,0.74,0.45,45.0,Flat,Improved (RWR 2245),Yes,Organic (Compost),0.0,No,Beans,Low,Sufficient,Yes,No,15.8,Sandy Loam,6.04,2.26,54.2,17.6,268.8,21.5,67.0,69.5,8.0,12.6,122.1,13.31
2022,Season A,November,Mayange,Beans,2.43,1.97,197.0,Valley,Hybrid (MAC 44),No,None,0.0,No,Cassava,Medium,Adequate,No,Yes,11.5,Sandy Loam,6.06,2.95,66.5,12.5,212.3,22.7,128.9,73.1,6.5,10.8,107.7,9.42
2022,Season A,January,Ntarama,Rice,1.93,1.6,160.0,Flat,Improved (IR64 / NERICA),Partial,Inorganic (NPK),0.62,Yes,Maize,Low,Sufficient,No,No,8.0,Sandy Soil,7.17,2.82,61.9,11.4,240.6,22.9,74.9,69.1,7.7,10.2,100.4,28.82
2022,Season B,February,Ruhuha,Beans,1.75,1.7,170.0,Hillside,Improved (RWR 2245),Partial,Inorganic (NPK),0.45,No,Beans,Low,Limited,No,Yes,21.3,Sandy Loam,7.16,2.43,60.3,13.6,193.8,21.5,49.5,73.3,8.2,11.1,101.6,11.45
2022,Season B,May,Kamabuye,Rice,1.12,1.1,110.0,Valley,Improved (IR64 / NERICA),Yes,Inorganic (NPK),1.45,No,Maize,Low,Sufficient,Yes,No,24.1,Clay Soil,7.1,2.13,42.2,21.8,193.4,22.0,76.2,79.3,6.8,11.4,110.9,26.8
2022,Season A,September,Mayange,Rice,1.99,1.75,175.0,Hillside,Local Variety,Yes,Mixed (Organic + Inorganic),1.91,Partial,Beans,Low,Adequate,No,Yes,10.3,Sandy Loam,6.16,2.76,73.1,13.5,219.6,24.5,56.7,69.3,7.4,11.4,107.3,24.72
2023,Season B,June,Ngeruka,Beans,1.02,0.63,63.0,Hillside,Improved (RWR 2245),No,None,0.0,No,Maize,Low,Adequate,Yes,No,14.4,Loam,6.95,2.59,73.0,21.7,196.5,22.0,31.8,66.9,7.6,12.0,102.1,9.66
2024,Season A,October,Nyamata,Rice,0.13,0.13,13.0,Valley,Improved (IR64 / NERICA),No,None,0.0,No,Fallow,Low,Adequate,Yes,Yes,5.6,Clay Soil,7.22,3.19,78.1,26.7,253.8,23.2,67.4,81.8,5.7,9.6,88.7,25.18
2024,Season B,June,Musenyi,Maize,1.29,1.24,124.0,Valley,Improved (WH507),Yes,Mixed (Organic + Inorganic),2.04,No,Rice,Medium,Adequate,Yes,No,10.8,Loam,6.92,2.29,42.4,15.1,246.8,22.7,31.3,64.9,9.5,10.8,133.1,15.18
2022,Season B,February,Shyara,Beans,1.47,1.38,138.0,Valley,Hybrid (MAC 44),Partial,Inorganic (NPK),0.17,Yes,Maize,Low,Adequate,Yes,No,5.2,Sandy Loam,6.21,2.16,52.5,18.2,287.8,25.8,82.1,75.2,8.0,11.5,110.2,9.95
2024,Season A,January,Kamabuye,Maize,2.75,2.53,253.0,Hillside,Local Variety,Yes,Mixed (Organic + Inorganic),1.21,No,Beans,High,Sufficient,No,Yes,8.7,Clay Soil,7.16,2.68,41.2,22.4,192.1,20.9,71.9,79.1,7.3,12.5,95.3,12.69
2024,Season B,May,Musenyi,Rice,0.73,0.61,61.0,Hillside,Hybrid (Komboka),No,None,0.0,No,Rice,High,Adequate,Yes,No,21.9,Loam,7.1,2.45,40.6,13.6,259.6,25.6,79.3,77.4,7.1,9.9,103.6,18.64
2022,Season B,May,Rilima,Beans,2.94,1.84,184.0,Valley,Improved (RWR 2245),Yes,Organic (Compost),0.0,Yes,Cassava,High,Limited,Yes,Yes,21.1,Sandy Soil,6.1,1.81,41.0,14.0,210.0,22.4,97.2,74.7,7.9,10.6,92.7,11.44
2022,Season A,October,Juru,Maize,1.5,1.06,106.0,Flat,Improved (WH507),No,None,0.0,No,Beans,Low,Limited,Yes,Yes,17.0,Sandy Loam,6.79,2.43,45.2,26.0,178.2,21.8,120.9,73.5,7.0,11.0,108.3,17.99
2022,Season B,May,Shyara,Beans,2.24,2.06,206.0,Flat,Improved (RWR 2245),No,None,0.0,Yes,Beans,Medium,Sufficient,Yes,No,8.5,Sandy Loam,6.07,2.32,55.2,20.6,264.1,25.8,87.1,79.4,6.9,11.6,113.8,10.79
2023,Season A,December,Juru,Maize,1.61,1.36,136.0,Flat,Hybrid (H614D),Yes,Inorganic (NPK),0.78,No,Maize,Medium,Adequate,Yes,No,18.9,Sandy Loam,6.88,2.64,45.2,23.3,169.7,21.1,98.7,74.0,6.9,12.4,113.3,25.3
2022,Season A,November,Juru,Rice,1.85,1.52,152.0,Valley,Improved (IR64 / NERICA),No,None,0.0,Yes,Maize,Low,Limited,No,No,16.0,Sandy Loam,6.82,2.81,47.2,21.9,181.9,22.9,140.2,78.3,7.1,8.6,102.4,34.32
2024,Season B,March,Ruhuha,Rice,1.4,1.24,124.0,Valley,Hybrid (Komboka),Yes,Inorganic (NPK),2.41,No,Fallow,Low,Adequate,No,Yes,18.4,Sandy Loam,7.02,2.8,64.7,17.0,190.0,22.8,98.5,83.0,6.7,10.1,112.9,23.17
2023,Season A,September,Mwogo,Rice,1.21,0.99,99.0,Hillside,Improved (IR64 / NERICA),Yes,Inorganic (NPK),2.64,Yes,Maize,Low,Adequate,Yes,No,22.0,Sandy Soil,5.96,2.3,71.7,18.1,179.9,25.7,80.2,78.0,7.4,11.4,131.0,41.06
2023,Season A,January,Ruhuha,Beans,1.9,1.16,116.0,Hillside,Local Variety,Yes,Inorganic (NPK),0.97,Yes,Maize,High,Adequate,Yes,No,5.9,Sandy Loam,7.1,2.48,64.4,18.3,189.4,21.8,67.7,74.6,8.2,10.0,110.8,8.37
2021,Season B,April,Rweru,Beans,0.29,0.23,23.0,Hillside,Hybrid (MAC 44),Yes,Inorganic (NPK),1.33,No,Beans,Medium,Sufficient,No,No,22.3,Clay Soil,6.83,2.81,65.4,10.8,182.3,24.6,72.7,78.4,7.0,10.1,116.2,9.39
2023,Season A,November,Juru,Rice,2.51,1.85,185.0,Valley,Local Variety,No,None,0.0,No,Maize,Low,Limited,Yes,No,19.6,Sandy Loam,6.93,2.7,49.4,20.9,187.9,23.7,132.6,83.4,7.3,12.4,111.8,19.41
2020,Season A,September,Musenyi,Beans,2.09,1.29,129.0,Valley,Hybrid (MAC 44),No,None,0.0,No,Maize,Medium,Sufficient,Yes,No,12.0,Loam,7.11,2.33,39.8,12.2,263.9,24.7,71.7,70.9,7.7,9.4,124.9,8.45
2023,Season B,April,Ruhuha,Beans,1.91,1.48,148.0,Valley,Improved (RWR 2245),No,None,0.0,Yes,Maize,Low,Limited,No,No,8.4,Sandy Loam,7.11,2.41,61.0,17.9,186.0,22.4,115.5,82.2,7.2,9.7,100.5,12.18
2022,Season B,June,Mareba,Maize,0.81,0.67,67.0,Hillside,Local Variety,No,None,0.0,No,Beans,Medium,Adequate,Yes,No,5.4,Sandy Loam,6.99,2.98,60.4,14.4,230.4,21.0,26.6,65.1,8.4,13.0,102.5,9.03
2021,Season B,February,Mayange,Maize,1.32,1.27,127.0,Hillside,Improved (WH507),No,None,0.0,No,Maize,Medium,Limited,No,Yes,5.6,Sandy Loam,5.98,2.71,64.0,12.9,200.2,22.2,61.3,74.5,7.8,10.0,126.2,13.76
2022,Season B,February,Nyarugenge,Rice,1.47,1.37,137.0,Flat,Hybrid (Komboka),No,None,0.0,No,Maize,Low,Adequate,Yes,No,21.2,Clay Soil,6.2,2.15,36.3,17.6,202.6,24.8,80.2,67.1,8.0,13.0,114.3,26.05
2021,Season B,March,Rilima,Rice,1.49,0.93,93.0,Flat,Improved (IR64 / NERICA),No,None,0.0,No,Cassava,Low,Limited,Yes,No,5.2,Sandy Soil,5.98,1.85,39.5,17.8,202.6,21.8,78.6,80.4,7.2,11.9,123.2,26.1
2021,Season B,March,Mareba,Maize,0.59,0.47,47.0,Flat,Local Variety,Partial,Organic (Compost),0.76,No,Beans,Medium,Adequate,Yes,No,21.5,Sandy Loam,7.03,2.79,63.8,11.2,242.6,23.4,91.4,77.9,7.2,10.8,121.2,13.62
2023,Season B,February,Mwogo,Rice,0.68,0.53,53.0,Flat,Hybrid (Komboka),Yes,Mixed (Organic + Inorganic),1.31,Partial,Beans,High,Limited,Yes,Yes,6.4,Sandy Soil,6.19,1.73,61.0,19.2,158.5,23.4,50.3,80.5,7.9,11.2,105.8,22.0
2023,Season B,March,Mayange,Rice,0.39,0.34,34.0,Flat,Local Variety,Partial,Organic (Compost),0.28,Partial,Cassava,High,Adequate,Yes,No,5.3,Sandy Loam,6.07,2.88,63.6,11.3,193.1,24.9,106.7,75.4,6.9,11.2,123.6,23.13
2020,Season A,November,Mwogo,Beans,1.27,1.19,119.0,Valley,Hybrid (MAC 44),Yes,Mixed (Organic + Inorganic),1.0,No,Rice,Low,Adequate,Yes,Yes,9.9,Sandy Soil,6.02,2.02,68.4,24.8,155.5,24.0,111.3,84.4,6.7,9.1,104.0,11.21
2020,Season A,November,Juru,Rice,1.14,0.92,92.0,Valley,Local Variety,No,None,0.0,No,Maize,High,Sufficient,No,No,12.0,Sandy Loam,6.94,2.74,49.3,25.3,191.1,22.4,107.5,73.4,6.9,11.6,108.1,18.38
2021,Season B,March,Musenyi,Rice,1.53,1.43,143.0,Valley,Improved (IR64 / NERICA),Partial,Organic (Compost),0.58,No,Fallow,Medium,Adequate,Yes,Yes,22.4,Loam,7.24,2.14,41.0,15.3,256.8,22.2,82.6,76.2,7.3,10.8,117.2,31.6
2021,Season A,November,Kamabuye,Maize,2.6,2.07,207.0,Valley,Hybrid (H614D),No,None,0.0,No,Beans,Low,Adequate,Yes,Yes,12.6,Clay Soil,7.2,2.23,40.4,19.2,203.7,22.6,99.2,69.6,6.9,10.2,96.5,23.34
2020,Season A,September,Mayange,Maize,0.67,0.45,45.0,Flat,Improved (WH507),Yes,Inorganic (NPK),2.06,No,Beans,Medium,Adequate,Yes,Yes,7.1,Sandy Loam,6.08,2.68,63.2,11.8,204.6,23.9,58.3,79.5,7.1,14.4,100.0,18.71
2021,Season B,February,Mayange,Beans,2.96,2.81,281.0,Valley,Local Variety,Yes,Mixed (Organic + Inorganic),0.47,Yes,Fallow,Medium,Adequate,Yes,No,12.5,Sandy Loam,6.15,2.61,68.3,10.1,214.8,20.8,94.5,69.7,7.1,10.5,110.0,8.51
2020,Season B,February,Nyamata,Beans,2.56,1.68,168.0,Flat,Hybrid (MAC 44),Partial,Organic (Compost),0.65,No,Fallow,Low,Adequate,Yes,No,22.8,Clay Soil,7.03,3.29,76.4,21.0,273.7,23.2,75.6,83.1,8.2,10.5,123.0,11.12
2024,Season B,February,Kamabuye,Beans,2.85,1.97,197.0,Flat,Local Variety,Partial,Inorganic (NPK),0.25,No,Beans,High,Adequate,No,No,16.6,Clay Soil,7.13,2.36,38.3,22.3,206.7,23.2,70.5,75.1,8.1,10.6,95.1,5.26
2023,Season B,April,Nyamata,Rice,2.01,1.31,131.0,Flat,Improved (IR64 / NERICA),Yes,Organic (Compost),0.0,No,Maize,High,Limited,No,Yes,14.9,Clay Soil,7.23,3.39,78.0,20.1,241.4,23.9,111.9,84.0,6.8,10.1,119.5,28.89
2022,Season B,April,Ntarama,Maize,1.66,1.15,115.0,Flat,Improved (WH507),No,None,0.0,No,Beans,Medium,Sufficient,Yes,No,16.6,Sandy Soil,7.1,2.92,60.4,11.0,264.5,23.5,146.9,83.5,7.8,10.0,120.0,17.1
2021,Season B,March,Mareba,Maize,0.88,0.6,60.0,Flat,Improved (WH507),No,None,0.0,No,Maize,Low,Limited,No,No,5.6,Sandy Loam,7.11,3.1,61.8,14.8,237.2,24.1,98.2,79.4,7.7,10.5,101.7,14.61
2020,Season B,February,Mareba,Rice,2.57,2.21,221.0,Flat,Local Variety,Yes,Organic (Compost),0.0,Yes,Beans,Low,Adequate,Yes,No,17.0,Sandy Loam,7.2,3.04,64.3,11.0,223.4,24.7,90.1,72.2,7.8,10.5,124.3,23.65
2021,Season A,November,Ntarama,Rice,1.47,0.94,94.0,Valley,Improved (IR64 / NERICA),No,None,0.0,Yes,Cassava,Low,Adequate,Yes,No,16.2,Sandy Soil,7.12,3.02,62.6,12.8,251.9,22.3,138.7,72.3,6.9,11.3,91.3,36.56
2021,Season A,December,Shyara,Rice,2.18,1.44,144.0,Valley,Local Variety,No,None,0.0,No,Rice,Medium,Adequate,Yes,No,24.0,Sandy Loam,6.02,2.47,59.8,24.9,270.8,22.4,66.3,80.2,7.6,12.2,105.9,15.35
2023,Season B,February,Nyarugenge,Rice,2.75,2.14,214.0,Valley,Local Variety,Yes,Organic (Compost),0.0,No,Beans,Medium,Adequate,No,No,19.4,Clay Soil,6.22,1.93,39.9,20.9,193.4,22.9,77.7,84.9,7.2,10.1,106.7,16.99
2023,Season A,December,Ruhuha,Maize,0.63,0.62,62.0,Hillside,Improved (WH507),Partial,Organic (Compost),0.53,No,Beans,Medium,Sufficient,No,Yes,19.6,Sandy Loam,7.07,2.75,61.5,19.0,191.9,20.5,59.7,83.4,6.6,10.3,102.6,16.14
2023,Season B,April,Mwogo,Rice,0.63,0.39,39.0,Flat,Improved (IR64 / NERICA),No,None,0.0,No,Fallow,Low,Adequate,Yes,Yes,19.6,Sandy Soil,6.1,2.17,72.7,19.0,166.4,24.8,70.7,78.3,6.4,11.5,97.5,26.01
2023,Season A,December,Shyara,Beans,1.62,1.05,105.0,Flat,Hybrid (MAC 44),No,None,0.0,No,Maize,Low,Adequate,No,Yes,12.7,Sandy Loam,6.17,2.25,54.9,25.9,250.8,21.8,83.6,77.5,7.2,11.3,122.7,10.55
2023,Season B,May,Mareba,Maize,0.17,0.12,12.0,Valley,Improved (WH507),No,None,0.0,No,Maize,High,Adequate,Yes,Yes,20.8,Sandy Loam,7.12,3.25,59.9,8.2,235.1,23.5,70.7,81.4,6.5,11.1,102.7,12.64
2021,Season A,November,Gashora,Maize,0.98,0.78,78.0,Valley,Improved (WH507),No,None,0.0,No,Beans,Low,Adequate,Yes,No,21.9,Loam,6.61,2.4,46.4,23.7,193.7,22.7,112.2,79.5,6.8,10.1,94.9,18.58
2023,Season A,November,Ruhuha,Rice,2.92,1.81,181.0,Valley,Improved (IR64 / NERICA),No,None,0.0,No,Maize,Medium,Adequate,Yes,No,21.3,Sandy Loam,7.05,2.69,63.5,18.6,186.2,25.6,95.6,69.1,7.5,10.6,104.3,28.97
2022,Season B,February,Shyara,Beans,1.05,1.03,103.0,Valley,Hybrid (MAC 44),No,None,0.0,No,Maize,Medium,Adequate,No,No,5.9,Sandy Loam,6.15,2.47,56.7,17.2,277.5,23.3,63.1,70.7,7.9,12.2,103.4,7.87
2023,Season A,December,Mwogo,Rice,0.64,0.54,54.0,Hillside,Improved (IR64 / NERICA),Yes,Inorganic (NPK),2.82,No,Maize,High,Sufficient,Yes,No,14.5,Sandy Soil,6.05,1.85,70.7,19.5,148.9,24.2,117.5,64.9,8.0,11.4,106.4,38.84
2024,Season A,September,Mwogo,Maize,1.21,0.8,80.0,Flat,Improved (WH507),No,None,0.0,No,Beans,Low,Adequate,Yes,No,11.0,Sandy Soil,6.1,2.06,67.3,19.2,179.0,21.7,100.9,79.1,7.4,12.7,114.6,21.51
2022,Season B,June,Mayange,Rice,1.72,1.39,139.0,Flat,Hybrid (Komboka),No,None,0.0,No,Beans,Medium,Adequate,No,No,18.5,Sandy Loam,6.17,2.92,67.0,7.0,199.5,23.9,25.0,65.0,8.6,12.9,121.4,17.56
2024,Season A,October,Musenyi,Beans,0.92,0.64,64.0,Hillside,Local Variety,No,None,0.0,Yes,Rice,Medium,Sufficient,Yes,Yes,18.6,Loam,7.02,2.19,39.8,9.6,244.2,21.3,105.1,81.9,6.9,11.6,101.9,6.45
2020,Season B,June,Mareba,Beans,2.43,1.58,158.0,Hillside,Hybrid (MAC 44),Partial,Inorganic (NPK),0.43,Partial,Beans,Low,Adequate,Yes,Yes,7.7,Sandy Loam,7.16,3.28,54.7,14.3,225.7,21.6,24.1,69.7,8.6,12.3,128.0,8.29
2023,Season A,November,Nyarugenge,Maize,1.79,1.62,162.0,Flat,Local Variety,No,None,0.0,No,Cassava,Low,Limited,Yes,Yes,9.6,Clay Soil,6.27,2.06,37.6,22.5,195.9,22.1,135.1,74.7,6.4,10.2,105.3,12.4
2020,Season B,June,Musenyi,Beans,1.12,0.85,85.0,Hillside,Hybrid (MAC 44),Yes,Mixed (Organic + Inorganic),0.3,No,Fallow,Medium,Limited,Yes,Yes,6.4,Loam,7.09,2.41,42.8,13.7,263.2,22.3,37.6,74.9,8.2,10.7,126.8,6.66
2024,Season B,February,Rilima,Rice,2.6,1.7,170.0,Valley,Hybrid (Komboka),No,None,0.0,No,Beans,Medium,Sufficient,No,No,23.3,Sandy Soil,6.05,1.86,48.1,12.6,200.1,24.2,60.5,71.9,7.0,12.1,100.9,20.61
2021,Season B,March,Musenyi,Beans,1.5,1.5,150.0,Flat,Local Variety,Yes,Inorganic (NPK),1.17,No,Rice,High,Adequate,No,No,22.2,Loam,7.17,2.21,35.8,11.8,248.8,22.4,100.6,75.5,6.8,9.7,120.9,6.57
2024,Season B,March,Mayange,Maize,1.89,1.87,187.0,Hillside,Local Variety,No,None,0.0,No,Beans,Medium,Sufficient,No,No,15.6,Sandy Loam,6.05,2.69,70.8,12.9,191.4,24.6,82.4,68.9,7.2,10.3,98.1,13.78
2022,Season B,February,Kamabuye,Maize,1.63,1.5,150.0,Hillside,Hybrid (H614D),Partial,Organic (Compost),0.79,No,Rice,Medium,Adequate,Yes,No,19.5,Clay Soil,7.04,2.4,43.5,18.9,196.1,24.5,67.9,77.4,7.3,11.4,98.9,20.96
2023,Season B,February,Ngeruka,Beans,0.92,0.9,90.0,Flat,Hybrid (MAC 44),No,None,0.0,No,Cassava,High,Sufficient,Yes,No,11.5,Loam,7.03,2.84,77.4,20.8,178.1,23.9,53.3,75.3,6.8,12.4,101.6,6.55
2023,Season A,December,Ngeruka,Maize,1.56,1.27,127.0,Flat,Improved (WH507),No,None,0.0,Yes,Maize,Medium,Sufficient,Yes,No,24.2,Loam,6.97,2.63,75.9,23.1,205.6,21.2,79.8,70.6,7.9,9.9,122.5,14.91
2024,Season B,May,Mareba,Rice,3.0,2.84,284.0,Valley,Local Variety,Yes,Mixed (Organic + Inorganic),2.84,Yes,Fallow,High,Limited,No,Yes,13.1,Sandy Loam,7.28,3.17,60.2,11.3,245.7,22.6,102.2,78.6,7.2,9.2,91.7,16.41
2022,Season A,November,Mayange,Beans,1.7,1.69,169.0,Flat,Improved (RWR 2245),Yes,Inorganic (NPK),1.02,No,Maize,Low,Sufficient,Yes,Yes,19.8,Sandy Loam,5.85,2.82,70.0,9.2,204.8,23.3,104.7,84.1,6.0,10.2,108.9,14.62
2024,Season A,September,Kamabuye,Beans,0.29,0.26,26.0,Flat,Improved (RWR 2245),No,None,0.0,Yes,Beans,Low,Adequate,No,No,10.1,Clay Soil,7.19,2.4,36.4,20.2,198.5,22.1,50.3,79.1,8.1,10.4,114.6,11.96
2024,Season B,February,Kamabuye,Beans,2.43,1.59,159.0,Valley,Improved (RWR 2245),Yes,Mixed (Organic + Inorganic),1.43,No,Beans,Low,Adequate,Yes,No,10.3,Clay Soil,7.1,2.63,41.8,20.1,196.1,22.4,75.5,74.0,7.0,11.5,120.8,15.02
2021,Season A,September,Mwogo,Beans,0.25,0.19,19.0,Valley,Local Variety,Yes,Inorganic (NPK),0.5,No,Maize,Medium,Limited,Yes,Yes,20.3,Sandy Soil,5.92,2.05,65.7,22.3,159.8,24.5,70.3,70.3,8.1,11.5,100.1,7.35
2024,Season A,October,Ruhuha,Beans,1.42,0.86,86.0,Valley,Improved (RWR 2245),Yes,Organic (Compost),0.0,No,Maize,Medium,Limited,Yes,No,21.9,Sandy Loam,6.98,2.73,67.1,16.8,194.5,27.1,73.6,85.5,6.9,7.7,99.6,12.85
2021,Season B,February,Shyara,Beans,0.53,0.51,51.0,Flat,Improved (RWR 2245),No,None,0.0,No,Maize,Medium,Adequate,Yes,No,10.2,Sandy Loam,6.24,2.19,58.6,23.1,267.2,23.8,74.4,70.4,7.1,11.9,107.2,12.77
2023,Season B,February,Rilima,Rice,0.56,0.47,47.0,Flat,Improved (IR64 / NERICA),No,None,0.0,No,Beans,Medium,Sufficient,No,Yes,21.1,Sandy Soil,6.09,1.81,38.9,13.5,214.8,23.1,58.8,67.6,7.6,9.4,118.5,27.21
2022,Season B,April,Ntarama,Maize,1.38,1.0,100.0,Flat,Local Variety,No,None,0.0,Yes,Fallow,Medium,Sufficient,Yes,No,8.2,Sandy Soil,7.07,3.15,66.5,11.7,232.4,24.3,82.4,87.1,5.6,10.9,120.9,12.18
2021,Season B,February,Mayange,Rice,1.46,1.4,140.0,Flat,Hybrid (Komboka),No,None,0.0,No,Beans,Medium,Adequate,Yes,No,18.2,Sandy Loam,6.03,2.7,66.8,13.5,209.9,20.9,59.5,72.4,7.6,13.4,94.3,21.38
2023,Season B,March,Gashora,Rice,1.44,1.06,106.0,Flat,Improved (IR64 / NERICA),No,None,0.0,No,Fallow,Medium,Sufficient,No,Yes,20.2,Loam,6.63,2.27,49.0,25.4,198.1,21.8,114.2,76.1,6.9,11.0,110.3,29.49
2021,Season A,December,Ntarama,Rice,0.47,0.36,36.0,Valley,Local Variety,No,None,0.0,Yes,Maize,Medium,Limited,Yes,No,11.9,Sandy Soil,7.1,3.01,68.0,10.0,250.9,24.2,85.1,71.3,7.3,11.3,101.7,19.61
2020,Season A,October,Mwogo,Beans,2.98,1.84,184.0,Flat,Improved (RWR 2245),Yes,Mixed (Organic + Inorganic),0.56,No,Maize,Medium,Limited,Yes,No,23.8,Sandy Soil,6.11,1.8,65.9,23.7,160.9,24.6,75.9,80.7,7.0,9.9,106.2,12.8
2020,Season B,February,Mwogo,Beans,2.5,1.73,173.0,Flat,Improved (RWR 2245),Yes,Inorganic (NPK),0.94,Yes,Fallow,Medium,Adequate,No,Yes,10.3,Sandy Soil,6.03,2.06,74.5,19.2,168.8,21.9,61.3,70.0,7.9,9.6,102.9,13.86
2020,Season B,May,Gashora,Maize,2.74,1.88,188.0,Hillside,Local Variety,No,None,0.0,No,Beans,Medium,Sufficient,Yes,No,17.0,Loam,6.34,1.93,48.3,22.6,195.5,23.4,70.1,72.2,6.8,11.9,102.5,13.4
2023,Season B,March,Ntarama,Beans,2.67,1.95,195.0,Flat,Local Variety,Yes,Inorganic (NPK),0.9,Partial,Beans,High,Sufficient,No,Yes,23.8,Sandy Soil,7.11,3.0,63.4,10.1,255.5,23.8,86.6,78.8,8.5,10.4,121.7,6.74
2023,Season A,December,Mwogo,Rice,2.99,2.08,208.0,Flat,Hybrid (Komboka),Yes,Inorganic (NPK),1.86,Partial,Maize,Medium,Adequate,No,No,24.3,Sandy Soil,5.89,2.19,71.4,26.4,170.1,22.3,65.5,68.7,7.7,11.1,103.2,24.69
2020,Season A,October,Mayange,Maize,1.75,1.5,150.0,Hillside,Local Variety,Yes,Inorganic (NPK),1.85,Yes,Maize,Low,Adequate,No,No,7.3,Sandy Loam,5.9,2.94,61.4,11.6,209.7,23.0,86.0,79.3,6.2,10.0,109.1,19.32
2021,Season B,March,Shyara,Rice,2.55,2.24,224.0,Flat,Local Variety,Yes,Organic (Compost),0.0,No,Fallow,Medium,Sufficient,Yes,No,15.7,Sandy Loam,6.13,2.39,58.2,21.4,259.9,20.9,102.2,77.3,6.7,10.5,115.2,19.81
2023,Season A,January,Mwogo,Rice,1.07,0.69,69.0,Valley,Hybrid (Komboka),No,None,0.0,Partial,Fallow,Low,Sufficient,Yes,No,10.0,Sandy Soil,5.67,2.11,64.3,23.2,161.9,21.2,60.0,72.2,8.7,10.7,104.8,21.84
2021,Season B,May,Kamabuye,Maize,0.69,0.49,49.0,Flat,Hybrid (H614D),Partial,Organic (Compost),0.23,Partial,Maize,Medium,Limited,Yes,Yes,12.0,Clay Soil,6.92,2.36,40.4,21.2,201.6,24.0,58.7,76.0,7.0,11.0,97.1,17.06
2020,Season A,September,Shyara,Rice,0.26,0.18,18.0,Flat,Hybrid (Komboka),Partial,Organic (Compost),0.63,No,Maize,Medium,Adequate,No,No,18.7,Sandy Loam,5.94,2.28,62.9,20.0,263.6,24.2,49.7,82.9,7.4,12.3,129.9,26.36
2022,Season B,March,Rweru,Maize,2.32,1.46,146.0,Flat,Improved (WH507),No,None,0.0,No,Maize,Medium,Sufficient,Yes,No,8.9,Clay Soil,7.0,2.75,64.3,11.0,178.3,23.9,92.8,81.9,6.9,10.9,116.2,16.09
2020,Season B,February,Musenyi,Maize,1.74,1.23,123.0,Valley,Improved (WH507),Partial,Inorganic (NPK),0.38,No,Fallow,Low,Adequate,No,No,10.8,Loam,7.06,2.39,40.2,19.6,258.9,22.1,91.9,68.1,5.6,10.1,104.2,16.59
2020,Season A,November,Juru,Maize,1.64,1.04,104.0,Flat,Improved (WH507),No,None,0.0,No,Maize,Medium,Adequate,Yes,No,5.6,Sandy Loam,6.83,2.79,46.1,27.0,175.8,23.0,95.4,71.0,7.1,10.1,106.6,16.1
2024,Season A,October,Ngeruka,Rice,1.59,1.51,151.0,Flat,Hybrid (Komboka),Partial,Inorganic (NPK),0.66,No,Maize,High,Adequate,No,Yes,7.7,Loam,7.02,2.84,82.9,25.0,194.5,23.2,126.2,81.5,7.1,11.4,111.7,24.71
2023,Season A,November,Juru,Beans,1.54,0.99,99.0,Flat,Improved (RWR 2245),No,None,0.0,Yes,Cassava,Medium,Adequate,No,No,9.5,Sandy Loam,6.74,2.59,47.5,23.2,177.3,22.8,117.4,89.4,6.9,12.5,101.6,11.89
2024,Season A,January,Ntarama,Beans,1.48,1.04,104.0,Valley,Hybrid (MAC 44),Partial,Inorganic (NPK),0.76,No,Beans,High,Limited,Yes,Yes,11.4,Sandy Soil,7.08,2.8,64.6,11.4,237.4,21.9,80.7,73.9,8.3,12.5,105.8,8.26
2020,Season A,December,Shyara,Maize,1.06,0.91,91.0,Flat,Hybrid (H614D),Yes,Inorganic (NPK),1.17,No,Beans,High,Adequate,Yes,Yes,10.2,Sandy Loam,6.14,2.28,57.7,16.2,277.1,22.7,102.1,71.0,7.2,10.2,93.2,29.81
2023,Season A,October,Shyara,Rice,1.15,0.77,77.0,Hillside,Improved (IR64 / NERICA),Yes,Inorganic (NPK),1.88,No,Cassava,High,Adequate,No,No,15.2,Sandy Loam,6.15,2.31,56.2,21.5,275.5,24.0,111.8,76.8,6.1,9.7,113.7,39.87
2023,Season A,December,Ntarama,Rice,0.15,0.14,14.0,Valley,Improved (IR64 / NERICA),No,None,0.0,No,Beans,High,Limited,No,No,17.0,Sandy Soil,7.03,2.93,56.1,9.2,247.3,22.9,73.7,80.5,8.0,13.2,113.6,22.51
2021,Season A,January,Mareba,Maize,1.27,1.09,109.0,Flat,Improved (WH507),Partial,Inorganic (NPK),0.37,No,Beans,Low,Adequate,No,No,18.6,Sandy Loam,7.09,2.93,64.4,9.4,222.1,22.9,56.7,66.0,8.0,12.3,98.2,15.83
2022,Season B,February,Nyarugenge,Maize,1.97,1.92,192.0,Valley,Hybrid (H614D),No,None,0.0,No,Rice,Low,Limited,No,No,7.1,Clay Soil,6.15,2.36,44.8,22.6,188.9,21.7,94.8,76.3,8.0,10.6,112.5,20.18
2024,Season A,October,Nyamata,Beans,1.54,0.93,93.0,Flat,Local Variety,Yes,Inorganic (NPK),1.27,No,Beans,High,Adequate,No,No,22.8,Clay Soil,7.09,3.43,72.9,22.8,246.7,25.2,135.2,74.6,6.6,10.8,95.7,5.9
2023,Season A,December,Nyamata,Beans,0.97,0.59,59.0,Hillside,Hybrid (MAC 44),No,None,0.0,No,Rice,High,Limited,No,No,24.0,Clay Soil,7.34,3.24,74.9,27.0,252.9,21.9,106.6,72.9,7.0,13.2,105.1,7.36
2020,Season B,April,Nyamata,Maize,1.65,1.2,120.0,Flat,Local Variety,No,None,0.0,Partial,Rice,High,Sufficient,Yes,No,7.1,Clay Soil,7.18,3.19,73.0,20.1,244.0,23.6,98.1,84.4,6.7,9.8,118.8,10.4
2022,Season A,October,Nyamata,Rice,1.64,1.39,139.0,Flat,Improved (IR64 / NERICA),Partial,Organic (Compost),0.35,No,Maize,Low,Adequate,Yes,No,8.9,Clay Soil,7.05,3.31,77.0,24.0,258.9,23.5,126.6,78.5,6.3,11.6,104.9,35.11
2022,Season A,January,Rilima,Beans,2.53,2.52,252.0,Hillside,Improved (RWR 2245),No,None,0.0,No,Maize,Medium,Sufficient,No,No,18.4,Sandy Soil,6.13,1.99,41.8,13.2,221.1,22.0,77.9,70.0,8.4,10.8,120.2,12.37
2020,Season B,February,Juru,Rice,2.62,1.59,159.0,Flat,Local Variety,Yes,Inorganic (NPK),1.57,No,Maize,Medium,Adequate,No,Yes,10.0,Sandy Loam,6.94,2.58,47.9,23.0,172.1,24.0,66.9,67.4,6.4,11.8,95.4,17.95
2022,Season B,February,Ngeruka,Beans,0.44,0.36,36.0,Flat,Local Variety,No,None,0.0,No,Beans,Low,Adequate,Yes,Yes,15.2,Loam,7.04,2.36,73.0,19.4,184.9,22.8,93.5,78.0,7.7,10.9,121.1,5.99
2024,Season B,June,Ruhuha,Beans,1.45,1.33,133.0,Valley,Local Variety,No,None,0.0,Partial,Maize,High,Adequate,Yes,No,7.8,Sandy Loam,7.06,2.48,61.7,13.0,184.2,22.3,43.5,66.9,8.0,12.0,103.3,4.71
2020,Season B,February,Rweru,Rice,2.74,2.37,237.0,Flat,Improved (IR64 / NERICA),Yes,Inorganic (NPK),2.8,Yes,Maize,Low,Adequate,Yes,Yes,7.4,Clay Soil,7.05,2.6,59.8,13.8,180.5,23.1,49.8,70.3,8.0,9.7,97.2,32.21
2023,Season A,September,Rweru,Rice,1.03,0.78,78.0,Hillside,Improved (IR64 / NERICA),Partial,Inorganic (NPK),0.57,No,Rice,Low,Adequate,Yes,No,24.6,Clay Soil,7.01,2.75,66.9,14.2,184.4,25.2,47.3,63.3,7.0,12.2,122.8,30.03
2020,Season B,February,Gashora,Beans,2.61,1.61,161.0,Flat,Improved (RWR 2245),Yes,Inorganic (NPK),1.24,No,Beans,Medium,Sufficient,Yes,No,18.3,Loam,6.39,2.37,54.6,24.3,188.1,25.7,63.0,66.2,7.9,10.0,124.4,12.86
2022,Season B,February,Mayange,Rice,2.7,2.3,230.0,Flat,Local Variety,Partial,Organic (Compost),0.57,No,Rice,Low,Adequate,No,Yes,14.4,Sandy Loam,5.91,3.08,66.1,13.7,204.6,22.0,53.6,71.8,7.4,9.2,122.4,16.9
2020,Season A,September,Ntarama,Rice,2.48,2.1,210.0,Flat,Improved (IR64 / NERICA),Yes,Organic (Compost),0.0,Yes,Rice,Low,Limited,No,Yes,24.7,Sandy Soil,6.93,3.06,61.8,11.6,250.2,25.3,64.5,77.9,7.6,11.2,106.3,30.79
2024,Season B,March,Ntarama,Rice,0.64,0.4,40.0,Valley,Hybrid (Komboka),No,None,0.0,No,Maize,Medium,Adequate,No,No,18.7,Sandy Soil,7.05,3.0,62.1,12.5,251.8,22.9,63.4,76.4,6.9,10.9,109.3,18.33
2020,Season B,April,Ruhuha,Maize,2.42,1.57,157.0,Valley,Local Variety,No,None,0.0,No,Fallow,High,Sufficient,No,No,9.6,Sandy Loam,7.03,2.78,64.7,18.1,174.7,24.1,94.6,75.8,6.6,9.6,101.5,11.05
2022,Season B,April,Nyarugenge,Beans,0.34,0.33,33.0,Valley,Local Variety,Yes,Organic (Compost),0.0,No,Maize,Low,Adequate,Yes,Yes,18.5,Clay Soil,6.12,2.11,37.9,23.1,195.9,21.8,104.7,73.6,6.2,10.5,112.6,8.22
2020,Season B,May,Gashora,Maize,2.48,2.29,229.0,Flat,Local Variety,Yes,Organic (Compost),0.0,No,Beans,Medium,Sufficient,No,No,17.1,Loam,6.43,2.29,47.6,24.2,190.2,23.8,97.7,71.7,6.6,12.4,94.2,15.78
2020,Season B,February,Gashora,Rice,1.8,1.69,169.0,Flat,Hybrid (Komboka),Partial,Organic (Compost),0.71,Partial,Beans,Low,Sufficient,Yes,No,24.6,Loam,6.39,2.15,51.7,22.1,199.2,22.3,82.3,75.8,8.1,10.1,109.6,27.36
2021,Season A,September,Shyara,Rice,0.41,0.3,30.0,Flat,Local Variety,Partial,Organic (Compost),0.74,Yes,Beans,Low,Sufficient,Yes,Yes,13.4,Sandy Loam,6.01,2.49,58.7,21.0,261.6,21.8,78.9,79.0,7.8,11.6,102.4,25.67
2021,Season B,March,Shyara,Maize,2.58,1.63,163.0,Flat,Improved (WH507),Partial,Inorganic (NPK),0.49,No,Maize,High,Adequate,Yes,Yes,22.1,Sandy Loam,6.15,2.24,49.0,19.8,260.9,24.0,130.0,70.9,7.9,11.0,123.6,17.2
2023,Season B,May,Ntarama,Maize,2.95,2.11,211.0,Hillside,Improved (WH507),Yes,Inorganic (NPK),1.49,Yes,Maize,Medium,Sufficient,No,No,11.0,Sandy Soil,7.15,2.87,58.7,10.6,263.7,20.5,63.0,70.7,6.6,10.7,99.2,18.27
2023,Season B,June,Rweru,Rice,1.7,1.22,122.0,Valley,Improved (IR64 / NERICA),No,None,0.0,No,Rice,Low,Adequate,Yes,No,9.7,Clay Soil,6.9,2.8,62.2,12.5,179.3,23.9,45.6,58.0,8.0,12.5,132.1,21.7
2024,Season B,May,Juru,Beans,1.52,1.18,118.0,Valley,Hybrid (MAC 44),Yes,Mixed (Organic + Inorganic),0.8,Yes,Rice,Medium,Sufficient,Yes,Yes,6.2,Sandy Loam,6.92,2.59,41.9,25.7,175.5,22.6,80.7,80.0,7.4,10.6,105.6,12.29
2020,Season A,January,Mareba,Rice,1.5,1.25,125.0,Valley,Hybrid (Komboka),No,None,0.0,No,Beans,High,Limited,Yes,No,15.4,Sandy Loam,7.16,2.98,66.4,10.6,240.1,22.6,54.9,69.3,8.7,11.5,108.2,16.95
2023,Season B,June,Ngeruka,Rice,0.14,0.13,13.0,Valley,Local Variety,Partial,Inorganic (NPK),0.64,No,Rice,Medium,Sufficient,No,No,11.6,Loam,7.06,2.74,77.8,19.6,188.1,23.6,43.5,69.3,8.6,14.0,104.3,12.94
2022,Season A,January,Kamabuye,Maize,0.28,0.17,17.0,Hillside,Improved (WH507),Yes,Inorganic (NPK),1.71,Partial,Maize,Low,Sufficient,Yes,No,21.2,Clay Soil,6.99,2.0,45.8,22.4,211.5,20.6,53.1,76.2,7.3,10.7,97.7,17.53
2021,Season A,October,Nyarugenge,Maize,1.67,1.11,111.0,Hillside,Local Variety,No,None,0.0,Yes,Maize,High,Adequate,Yes,No,20.9,Clay Soil,6.29,2.31,36.6,23.1,189.5,22.6,111.4,79.4,6.8,7.8,100.2,13.03
2021,Season B,June,Ngeruka,Maize,2.17,1.62,162.0,Flat,Improved (WH507),Partial,Inorganic (NPK),0.24,No,Fallow,Medium,Sufficient,No,No,9.4,Loam,6.93,2.87,79.6,19.8,195.8,24.7,45.1,65.3,9.0,9.6,131.0,12.03
2022,Season B,April,Shyara,Maize,0.76,0.65,65.0,Valley,Improved (WH507),Yes,Organic (Compost),0.0,Yes,Beans,Low,Limited,No,Yes,18.2,Sandy Loam,5.96,2.48,59.9,19.3,272.9,23.8,110.6,85.5,6.6,10.2,118.6,22.59
2023,Season B,June,Musenyi,Beans,0.98,0.75,75.0,Flat,Local Variety,Yes,Inorganic (NPK),1.27,No,Beans,High,Sufficient,Yes,No,10.9,Loam,7.21,2.59,43.2,15.7,241.0,21.8,25.2,71.2,7.4,11.6,110.7,4.61
2021,Season A,October,Gashora,Beans,0.69,0.54,54.0,Valley,Improved (RWR 2245),Partial,Inorganic (NPK),0.47,No,Fallow,Low,Sufficient,Yes,Yes,15.0,Loam,6.45,2.27,47.6,25.8,187.6,23.7,89.8,77.4,6.4,11.1,92.6,15.31
2022,Season A,September,Juru,Maize,1.84,1.67,167.0,Flat,Improved (WH507),No,None,0.0,No,Beans,High,Adequate,No,No,14.7,Sandy Loam,6.85,2.39,48.4,21.6,175.1,22.6,54.7,81.9,8.9,10.0,103.8,14.05
2020,Season B,June,Musenyi,Beans,2.86,2.49,249.0,Hillside,Improved (RWR 2245),Partial,Inorganic (NPK),0.77,Yes,Maize,Low,Adequate,Yes,No,22.7,Loam,7.14,2.26,42.1,16.2,251.9,22.5,38.8,71.3,8.3,12.7,113.1,12.62
2023,Season A,December,Ngeruka,Maize,0.85,0.67,67.0,Flat,Improved (WH507),No,None,0.0,No,Beans,Low,Sufficient,Yes,No,8.0,Loam,7.25,2.79,76.4,19.9,197.9,21.8,111.3,71.7,7.7,13.1,100.0,19.12
2023,Season B,April,Mayange,Maize,2.19,1.32,132.0,Flat,Hybrid (H614D),No,None,0.0,No,Maize,Low,Adequate,No,No,10.4,Sandy Loam,5.93,2.7,67.1,12.4,203.4,22.9,102.1,80.1,6.6,9.8,110.3,25.72
2020,Season A,September,Nyamata,Maize,0.28,0.21,21.0,Flat,Improved (WH507),No,None,0.0,No,Rice,Low,Adequate,Yes,No,5.5,Clay Soil,7.1,3.28,81.6,26.0,254.1,22.6,80.0,72.7,8.2,10.1,124.5,18.06
2021,Season A,September,Nyarugenge,Maize,1.72,1.64,164.0,Flat,Hybrid (H614D),Partial,Organic (Compost),0.18,No,Beans,Low,Adequate,Yes,No,17.0,Clay Soil,6.33,2.52,37.1,22.3,210.8,22.4,75.1,73.6,6.1,12.9,125.9,28.68
2022,Season A,December,Mayange,Maize,0.94,0.63,63.0,Flat,Local Variety,No,None,0.0,No,Cassava,Low,Adequate,Yes,Yes,21.6,Sandy Loam,5.79,2.84,62.8,9.0,205.2,22.5,85.1,65.6,7.8,9.9,107.1,14.84
2021,Season B,April,Shyara,Beans,1.34,1.01,101.0,Hillside,Hybrid (MAC 44),Partial,Organic (Compost),0.72,No,Maize,High,Sufficient,No,No,9.7,Sandy Loam,6.13,2.41,60.9,24.2,270.1,26.7,134.1,78.9,6.1,9.9,113.7,7.52
2021,Season B,February,Kamabuye,Beans,1.72,1.3,130.0,Valley,Local Variety,Yes,Mixed (Organic + Inorganic),0.72,No,Beans,Medium,Sufficient,Yes,Yes,23.4,Clay Soil,7.13,2.49,47.3,19.9,214.3,21.1,94.4,58.2,9.0,10.7,115.1,7.42
2020,Season A,October,Ngeruka,Rice,2.93,2.14,214.0,Flat,Hybrid (Komboka),No,None,0.0,Yes,Fallow,High,Adequate,Yes,Yes,14.4,Loam,6.94,2.62,71.5,22.1,199.1,23.4,100.7,79.2,6.7,8.8,107.5,22.06
2022,Season B,March,Nyamata,Beans,0.42,0.39,39.0,Flat,Local Variety,Yes,Mixed (Organic + Inorganic),1.22,No,Fallow,High,Adequate,No,Yes,9.0,Clay Soil,7.12,3.12,74.8,23.5,244.7,24.3,65.4,74.0,6.9,11.8,109.3,6.38
2022,Season B,April,Mwogo,Rice,2.33,1.47,147.0,Valley,Improved (IR64 / NERICA),No,None,0.0,Partial,Beans,Low,Sufficient,No,No,6.6,Sandy Soil,5.98,2.01,66.3,21.0,151.5,23.4,150.1,79.3,7.5,9.4,105.5,33.68
2020,Season B,May,Mareba,Rice,2.83,1.87,187.0,Valley,Improved (IR64 / NERICA),Yes,Inorganic (NPK),2.73,No,Beans,Medium,Adequate,Yes,Yes,8.5,Sandy Loam,6.86,2.96,63.6,11.9,238.9,23.0,50.7,69.3,7.0,10.5,102.4,30.01
2020,Season B,June,Mwogo,Beans,2.52,1.94,194.0,Hillside,Improved (RWR 2245),Yes,Mixed (Organic + Inorganic),0.48,Partial,Beans,Low,Adequate,No,No,10.3,Sandy Soil,5.94,2.24,66.2,19.3,163.0,23.1,34.9,57.3,7.9,11.3,129.0,11.6
2021,Season A,October,Ntarama,Rice,1.09,0.68,68.0,Hillside,Hybrid (Komboka),Yes,Mixed (Organic + Inorganic),2.38,No,Maize,Medium,Sufficient,Yes,Yes,24.6,Sandy Soil,7.1,2.95,61.9,10.9,236.3,23.1,108.5,74.4,6.5,10.2,89.9,30.63
2020,Season A,October,Mayange,Beans,2.21,2.16,216.0,Flat,Hybrid (MAC 44),No,None,0.0,No,Rice,Low,Adequate,No,No,18.4,Sandy Loam,5.86,2.7,66.7,13.5,206.9,23.7,75.8,78.2,6.1,10.9,97.9,9.78
2021,Season A,November,Mareba,Rice,1.84,1.45,145.0,Flat,Local Variety,No,None,0.0,Partial,Maize,Low,Adequate,Yes,No,23.3,Sandy Loam,7.13,3.19,67.7,10.6,244.4,24.1,109.1,78.1,7.1,10.2,89.5,20.68
2022,Season B,April,Mayange,Rice,2.04,1.6,160.0,Valley,Local Variety,No,None,0.0,No,Beans,High,Limited,Yes,Yes,5.6,Sandy Loam,5.8,2.8,61.0,12.4,190.7,23.3,77.9,85.7,6.9,9.4,105.2,13.14
2021,Season B,April,Ntarama,Rice,0.45,0.38,38.0,Valley,Improved (IR64 / NERICA),Yes,Inorganic (NPK),1.21,Yes,Cassava,High,Limited,Yes,Yes,17.2,Sandy Soil,7.32,3.09,62.6,8.3,234.1,23.6,93.1,80.9,6.7,10.6,118.1,29.94
2022,Season B,April,Ngeruka,Rice,2.02,1.49,149.0,Flat,Improved (IR64 / NERICA),No,None,0.0,No,Cassava,Low,Adequate,Yes,No,17.0,Loam,6.86,2.74,72.0,17.3,195.0,25.1,126.3,76.0,6.9,12.2,107.0,33.33
2023,Season A,November,Nyamata,Maize,1.16,0.86,86.0,Flat,Local Variety,No,None,0.0,Yes,Maize,Medium,Adequate,Yes,No,18.2,Clay Soil,7.13,3.1,78.0,26.2,250.6,23.6,94.6,82.1,6.5,10.9,120.5,12.79
2021,Season A,November,Nyarugenge,Maize,0.96,0.7,70.0,Hillside,Improved (WH507),Yes,Mixed (Organic + Inorganic),2.2,No,Rice,High,Adequate,Yes,No,21.7,Clay Soil,6.21,1.78,39.2,22.9,197.8,23.3,116.6,77.0,6.1,12.5,106.3,21.05
2024,Season A,September,Ntarama,Beans,2.17,1.45,145.0,Flat,Improved (RWR 2245),No,None,0.0,No,Beans,Low,Adequate,Yes,Yes,24.3,Sandy Soil,7.15,2.9,66.3,13.8,253.0,23.6,81.0,78.5,7.6,12.6,122.0,12.94
2024,Season A,October,Mwogo,Beans,1.91,1.81,181.0,Valley,Hybrid (MAC 44),Yes,Inorganic (NPK),1.43,No,Rice,Medium,Limited,Yes,Yes,11.3,Sandy Soil,5.88,1.77,71.3,20.8,174.6,24.7,139.3,82.2,5.0,10.9,113.9,9.36
2022,Season A,November,Ruhuha,Maize,0.91,0.89,89.0,Valley,Local Variety,Yes,Mixed (Organic + Inorganic),0.54,Yes,Maize,Medium,Adequate,Yes,Yes,12.8,Sandy Loam,7.13,2.29,65.0,19.6,198.4,21.5,77.0,78.5,6.8,11.8,120.3,13.67
2020,Season A,October,Nyarugenge,Rice,2.32,1.41,141.0,Flat,Hybrid (Komboka),Partial,Organic (Compost),0.55,No,Fallow,Low,Sufficient,Yes,No,8.0,Clay Soil,6.11,2.29,38.1,19.1,194.9,25.0,121.8,84.2,6.4,8.9,101.7,30.69
2024,Season A,November,Rweru,Rice,0.98,0.86,86.0,Flat,Hybrid (Komboka),No,None,0.0,No,Beans,Low,Sufficient,Yes,No,5.9,Clay Soil,6.95,2.61,65.3,10.2,188.4,23.3,113.3,71.6,6.7,11.0,96.6,26.98
2020,Season A,October,Kamabuye,Beans,0.65,0.53,53.0,Valley,Improved (RWR 2245),No,None,0.0,No,Beans,Low,Limited,No,Yes,23.9,Clay Soil,7.29,2.27,41.8,19.3,200.9,24.2,114.5,76.0,6.6,10.1,110.4,10.26
2021,Season B,March,Rilima,Maize,0.78,0.56,56.0,Flat,Improved (WH507),Yes,Organic (Compost),0.0,No,Maize,Low,Limited,No,No,10.4,Sandy Soil,6.0,2.17,44.4,15.7,211.6,22.1,71.4,74.9,7.6,11.7,115.1,18.06
2022,Season B,June,Musenyi,Rice,0.88,0.64,64.0,Valley,Improved (IR64 / NERICA),No,None,0.0,Partial,Rice,High,Sufficient,No,No,5.2,Loam,7.13,2.43,45.7,16.5,267.7,23.8,36.9,73.8,8.6,12.3,98.8,19.47
2021,Season A,December,Rilima,Maize,1.89,1.83,183.0,Flat,Improved (WH507),No,None,0.0,No,Beans,Low,Limited,Yes,No,19.0,Sandy Soil,6.04,1.73,44.8,18.3,204.7,22.8,118.6,82.5,7.4,11.3,98.8,20.23
2020,Season A,December,Ruhuha,Beans,0.12,0.08,8.0,Flat,Hybrid (MAC 44),Partial,Inorganic (NPK),0.74,No,Cassava,High,Limited,No,No,17.8,Sandy Loam,7.1,2.61,57.5,18.3,192.5,22.2,97.4,75.3,7.5,12.2,98.8,8.47
2023,Season A,October,Kamabuye,Maize,0.65,0.4,40.0,Flat,Improved (WH507),No,None,0.0,No,Beans,Medium,Adequate,No,No,20.1,Clay Soil,7.02,2.42,39.1,19.5,213.5,23.4,103.2,74.1,5.4,9.7,90.4,19.42
2021,Season B,April,Nyamata,Rice,1.64,1.41,141.0,Flat,Hybrid (Komboka),Yes,Inorganic (NPK),0.49,Yes,Cassava,Medium,Adequate,No,No,9.5,Clay Soil,7.22,3.3,79.7,25.9,269.9,23.2,146.3,77.7,6.7,11.4,121.7,27.69
2024,Season A,November,Gashora,Beans,2.62,2.0,200.0,Valley,Local Variety,No,None,0.0,No,Cassava,High,Adequate,No,No,20.5,Loam,6.41,2.46,48.9,21.8,185.1,22.7,85.7,74.6,6.5,12.0,91.6,6.2
2022,Season A,December,Musenyi,Rice,2.22,1.61,161.0,Flat,Improved (IR64 / NERICA),No,None,0.0,Partial,Rice,High,Sufficient,No,No,21.9,Loam,7.1,2.37,35.7,13.8,245.5,22.2,111.1,66.1,7.1,10.7,113.7,27.87
2024,Season A,December,Ngeruka,Beans,2.41,2.27,227.0,Flat,Local Variety,Yes,Inorganic (NPK),1.4,No,Beans,High,Adequate,Yes,No,16.4,Loam,7.12,2.71,74.0,23.8,185.2,20.6,116.3,75.3,7.3,11.3,120.5,6.75
2024,Season A,October,Kamabuye,Beans,1.72,1.22,122.0,Flat,Improved (RWR 2245),No,None,0.0,No,Maize,Low,Sufficient,Yes,Yes,20.1,Clay Soil,7.15,2.04,39.2,19.6,199.5,21.7,96.1,79.3,6.4,11.3,116.1,13.91
2024,Season A,January,Musenyi,Maize,0.37,0.33,33.0,Hillside,Local Variety,No,None,0.0,No,Cassava,High,Limited,No,Yes,14.3,Loam,7.21,2.25,44.3,14.1,246.1,20.7,69.8,66.6,7.2,10.9,92.2,8.69
2023,Season A,January,Musenyi,Rice,0.22,0.2,20.0,Flat,Local Variety,No,None,0.0,Yes,Beans,Medium,Limited,Yes,No,24.6,Loam,7.04,2.42,40.9,15.3,253.1,22.8,57.1,81.7,7.8,12.9,96.6,15.92
2020,Season A,December,Ntarama,Beans,2.15,1.87,187.0,Hillside,Improved (RWR 2245),No,None,0.0,Yes,Beans,Low,Limited,No,No,5.4,Sandy Soil,7.16,2.84,66.7,10.6,263.3,21.5,67.0,70.9,7.9,10.6,112.5,12.48
2022,Season A,November,Rweru,Rice,0.87,0.67,67.0,Flat,Hybrid (Komboka),No,None,0.0,Yes,Beans,High,Adequate,No,No,11.9,Clay Soil,6.93,2.69,65.8,11.3,191.8,23.5,90.3,80.7,7.7,11.9,116.5,22.1
2020,Season A,September,Rilima,Beans,0.73,0.49,49.0,Flat,Hybrid (MAC 44),Yes,Organic (Compost),0.0,Yes,Maize,Low,Adequate,Yes,Yes,5.7,Sandy Soil,6.17,1.64,41.9,14.4,218.5,23.2,108.4,79.8,7.7,13.1,110.4,10.94
2020,Season B,June,Gashora,Beans,0.58,0.55,55.0,Hillside,Hybrid (MAC 44),Yes,Inorganic (NPK),1.29,Yes,Cassava,Medium,Limited,Yes,No,17.4,Loam,6.52,2.0,46.9,26.9,206.9,24.6,44.3,69.6,8.8,12.8,131.0,8.6
2020,Season A,November,Shyara,Beans,0.14,0.09,9.0,Valley,Improved (RWR 2245),Yes,Mixed (Organic + Inorganic),1.05,No,Maize,Low,Limited,Yes,No,23.4,Sandy Loam,6.04,2.12,57.4,21.3,275.8,25.4,85.8,83.2,6.9,9.9,101.9,13.43
2022,Season B,February,Ruhuha,Maize,1.51,1.42,142.0,Valley,Local Variety,Yes,Inorganic (NPK),0.67,No,Cassava,Low,Sufficient,Yes,No,7.5,Sandy Loam,6.98,2.49,63.1,22.1,180.6,23.3,71.5,77.7,8.5,10.9,115.7,14.2
2024,Season B,February,Nyamata,Maize,2.57,2.06,206.0,Flat,Improved (WH507),Yes,Organic (Compost),0.0,Partial,Fallow,Medium,Sufficient,No,No,23.0,Clay Soil,7.21,3.03,80.2,22.2,271.7,23.3,87.7,67.5,8.1,10.1,119.2,20.9
2022,Season B,February,Ntarama,Maize,1.0,0.93,93.0,Hillside,Improved (WH507),No,None,0.0,No,Cassava,Medium,Sufficient,Yes,No,22.3,Sandy Soil,6.99,2.94,62.8,6.1,237.8,21.9,45.8,72.6,7.5,11.3,106.1,14.59
2022,Season A,September,Rweru,Beans,1.55,1.48,148.0,Hillside,Hybrid (MAC 44),No,None,0.0,Partial,Beans,Low,Adequate,No,No,21.6,Clay Soil,7.06,2.55,67.6,12.4,190.5,22.0,81.6,78.0,7.5,10.9,110.2,9.05
2024,Season A,October,Juru,Rice,1.41,1.38,138.0,Valley,Improved (IR64 / NERICA),No,None,0.0,No,Rice,High,Adequate,No,Yes,16.9,Sandy Loam,7.01,2.6,47.4,23.8,184.9,22.6,83.6,82.5,7.1,10.1,97.8,24.68
2021,Season B,June,Mayange,Maize,1.4,0.99,99.0,Flat,Improved (WH507),Yes,Inorganic (NPK),2.19,Yes,Rice,Low,Adequate,Yes,Yes,20.4,Sandy Loam,5.99,2.94,66.3,12.0,204.9,21.7,45.8,67.0,7.4,13.2,125.1,19.09
2021,Season A,October,Shyara,Maize,1.08,0.78,78.0,Hillside,Local Variety,No,None,0.0,No,Beans,High,Adequate,Yes,No,22.5,Sandy Loam,6.11,2.45,48.7,21.0,263.4,23.4,69.4,82.8,7.3,12.1,111.6,13.06
2022,Season A,September,Ruhuha,Rice,0.59,0.41,41.0,Hillside,Hybrid (Komboka),No,None,0.0,Yes,Rice,Low,Sufficient,Yes,Yes,14.3,Sandy Loam,6.99,2.39,59.8,17.8,188.0,24.5,48.1,71.9,7.2,10.5,130.3,23.51
2023,Season B,May,Musenyi,Beans,2.5,1.87,187.0,Flat,Improved (RWR 2245),No,None,0.0,Yes,Maize,Low,Limited,Yes,No,19.8,Loam,7.14,2.61,44.5,13.9,260.1,20.1,49.5,76.6,7.5,11.1,103.4,10.54
2022,Season A,December,Juru,Maize,0.8,0.59,59.0,Hillside,Improved (WH507),No,None,0.0,No,Rice,High,Adequate,No,No,21.3,Sandy Loam,6.82,2.75,46.5,22.5,183.5,23.1,95.3,66.7,7.3,11.5,125.0,16.88
2021,Season A,September,Rweru,Maize,2.25,1.98,198.0,Flat,Improved (WH507),No,None,0.0,No,Beans,High,Sufficient,No,No,15.6,Clay Soil,6.74,2.54,63.1,13.8,180.7,23.5,97.7,70.2,7.4,11.5,121.5,15.2
2020,Season A,December,Kamabuye,Maize,1.22,0.96,96.0,Valley,Hybrid (H614D),No,None,0.0,No,Maize,Low,Adequate,No,No,11.7,Clay Soil,6.99,2.56,46.3,19.2,204.4,23.9,111.4,76.3,8.2,10.5,104.8,21.87
2023,Season B,June,Gashora,Beans,2.62,2.45,245.0,Flat,Improved (RWR 2245),Partial,Organic (Compost),0.47,No,Beans,Medium,Sufficient,No,No,23.4,Loam,6.41,2.16,50.3,20.1,192.3,24.6,43.0,70.9,7.9,12.4,129.3,8.1
2020,Season B,April,Shyara,Rice,2.31,2.0,200.0,Valley,Hybrid (Komboka),Yes,Mixed (Organic + Inorganic),1.59,No,Beans,Low,Adequate,Yes,Yes,14.3,Sandy Loam,5.99,2.15,55.3,17.1,274.4,23.4,133.2,80.6,6.4,11.7,116.3,34.54
2020,Season A,November,Nyarugenge,Maize,0.22,0.16,16.0,Flat,Improved (WH507),No,None,0.0,Partial,Fallow,Low,Sufficient,Yes,No,20.3,Clay Soil,6.22,2.05,47.0,21.3,200.2,24.6,114.0,80.5,7.0,11.4,92.9,19.48
2023,Season A,November,Ntarama,Rice,2.0,1.81,181.0,Valley,Hybrid (Komboka),Yes,Inorganic (NPK),2.45,No,Maize,Low,Adequate,Yes,No,20.5,Sandy Soil,7.09,3.0,58.8,11.8,258.8,21.4,133.1,70.7,7.2,11.7,112.3,29.62
2021,Season A,January,Juru,Beans,0.79,0.79,79.0,Hillside,Local Variety,No,None,0.0,No,Beans,Medium,Adequate,Yes,Yes,7.7,Sandy Loam,6.74,2.55,45.3,24.3,172.4,23.0,54.3,73.6,7.6,10.6,112.8,5.81
2024,Season A,December,Juru,Maize,2.33,1.48,148.0,Flat,Improved (WH507),Yes,Inorganic (NPK),1.44,Yes,Beans,Medium,Sufficient,No,No,13.3,Sandy Loam,6.9,2.65,50.4,22.6,176.4,22.2,97.0,72.6,8.2,11.7,116.8,24.09
2022,Season B,April,Nyamata,Maize,1.52,1.19,119.0,Flat,Local Variety,No,None,0.0,No,Beans,Medium,Sufficient,Yes,No,8.3,Clay Soil,7.08,3.01,74.5,22.3,253.3,23.3,133.5,78.5,6.0,11.4,95.3,11.6
2023,Season B,April,Musenyi,Beans,2.3,2.07,207.0,Valley,Hybrid (MAC 44),Yes,Organic (Compost),0.0,No,Cassava,High,Sufficient,No,No,6.3,Loam,7.09,2.22,39.6,11.4,248.2,21.2,95.1,84.0,6.6,12.3,114.0,8.91
2023,Season B,March,Shyara,Rice,0.72,0.66,66.0,Valley,Hybrid (Komboka),Yes,Inorganic (NPK),0.79,No,Beans,Low,Limited,No,No,19.1,Sandy Loam,6.11,2.25,56.6,19.0,271.9,22.9,107.3,71.5,6.6,11.1,104.3,27.13
2022,Season A,November,Gashora,Maize,2.08,1.81,181.0,Hillside,Local Variety,No,None,0.0,Yes,Maize,Low,Adequate,Yes,No,13.6,Loam,6.61,2.2,48.4,23.7,184.5,23.1,141.1,89.6,6.8,10.2,102.8,13.95
2024,Season A,December,Musenyi,Maize,1.89,1.29,129.0,Flat,Hybrid (H614D),Yes,Organic (Compost),0.0,No,Maize,Medium,Limited,Yes,No,24.2,Loam,7.24,2.31,43.5,12.5,266.2,21.4,100.7,85.5,7.4,12.1,93.2,21.75
2021,Season A,September,Ruhuha,Rice,2.92,2.13,213.0,Valley,Local Variety,No,None,0.0,No,Beans,Low,Limited,No,No,23.7,Sandy Loam,7.27,2.64,63.2,14.8,180.7,22.9,98.4,70.9,6.3,9.7,103.0,19.23
2023,Season B,May,Gashora,Beans,0.21,0.13,13.0,Valley,Hybrid (MAC 44),Yes,Inorganic (NPK),0.42,No,Beans,High,Limited,Yes,Yes,7.1,Loam,6.31,1.9,47.4,24.7,184.1,23.5,81.7,68.8,7.4,10.9,97.9,9.1
2022,Season A,December,Mareba,Beans,0.63,0.54,54.0,Flat,Hybrid (MAC 44),Partial,Inorganic (NPK),0.35,Partial,Beans,Low,Adequate,Yes,No,7.9,Sandy Loam,7.0,3.28,65.0,15.3,241.7,22.3,69.8,78.9,7.0,10.2,109.2,10.51
2020,Season A,November,Mwogo,Beans,2.85,2.29,229.0,Valley,Improved (RWR 2245),No,None,0.0,No,Fallow,Medium,Limited,Yes,No,20.2,Sandy Soil,5.94,1.95,70.5,22.0,161.8,22.5,89.8,77.3,6.4,11.1,93.9,11.74
2024,Season B,May,Nyamata,Beans,1.95,1.56,156.0,Valley,Hybrid (MAC 44),No,None,0.0,Yes,Beans,High,Sufficient,No,No,16.4,Clay Soil,7.05,3.05,77.4,24.6,254.6,23.7,60.7,77.4,7.3,12.6,91.9,7.14
2024,Season A,September,Rilima,Maize,2.2,1.42,142.0,Flat,Local Variety,Yes,Organic (Compost),0.0,No,Maize,Low,Adequate,No,Yes,20.5,Sandy Soil,5.97,1.95,42.5,22.5,231.5,23.3,71.3,76.1,7.4,10.2,108.7,14.74
2020,Season B,June,Mayange,Rice,1.04,0.69,69.0,Flat,Hybrid (Komboka),Yes,Mixed (Organic + Inorganic),2.33,No,Cassava,Medium,Sufficient,No,No,19.3,Sandy Loam,6.06,2.75,63.4,12.9,211.3,23.3,46.5,58.7,8.0,12.9,111.0,22.53
2024,Season A,September,Rilima,Beans,2.44,1.7,170.0,Hillside,Hybrid (MAC 44),Yes,Mixed (Organic + Inorganic),1.27,Partial,Beans,Medium,Adequate,Yes,Yes,10.6,Sandy Soil,6.08,2.05,41.9,15.9,205.7,22.7,60.0,80.7,7.2,11.0,113.4,9.37
2022,Season A,October,Musenyi,Beans,1.87,1.28,128.0,Flat,Hybrid (MAC 44),Yes,Inorganic (NPK),1.11,No,Fallow,Low,Adequate,Yes,Yes,8.6,Loam,7.22,2.31,47.7,11.4,247.7,23.7,125.6,75.9,6.3,11.7,101.3,11.46
2021,Season B,June,Mwogo,Rice,2.45,2.08,208.0,Flat,Improved (IR64 / NERICA),No,None,0.0,Yes,Beans,Low,Sufficient,Yes,No,22.9,Sandy Soil,6.02,1.57,69.5,23.7,162.6,25.8,48.6,67.7,8.9,12.2,113.0,28.57
2024,Season A,December,Nyarugenge,Rice,0.31,0.2,20.0,Flat,Hybrid (Komboka),Yes,Inorganic (NPK),2.05,No,Beans,Low,Sufficient,No,Yes,19.3,Clay Soil,6.2,2.37,42.9,23.8,190.8,22.1,60.3,84.4,7.6,11.7,116.9,26.82
2024,Season B,May,Gashora,Rice,1.39,1.32,132.0,Valley,Improved (IR64 / NERICA),Yes,Organic (Compost),0.0,Yes,Cassava,High,Limited,Yes,Yes,8.6,Loam,6.44,2.04,51.0,24.9,195.6,25.7,101.3,78.6,6.6,9.6,94.2,30.49
2023,Season B,March,Gashora,Rice,1.87,1.4,140.0,Valley,Hybrid (Komboka),Yes,Organic (Compost),0.0,No,Maize,Medium,Adequate,No,No,13.8,Loam,6.5,2.14,49.1,22.7,195.1,22.7,88.1,78.4,6.7,11.1,114.8,22.86
2024,Season B,May,Rilima,Rice,1.26,1.19,119.0,Hillside,Improved (IR64 / NERICA),Yes,Mixed (Organic + Inorganic),0.57,Yes,Rice,Low,Adequate,Yes,Yes,10.9,Sandy Soil,6.18,1.57,38.9,16.6,191.7,23.8,64.5,64.7,5.8,10.3,90.9,33.48
2021,Season B,June,Nyarugenge,Beans,0.47,0.3,30.0,Flat,Local Variety,Yes,Inorganic (NPK),0.91,Partial,Maize,Medium,Limited,Yes,No,18.2,Clay Soil,6.18,2.31,44.5,20.2,202.2,22.6,36.4,63.2,7.4,12.7,127.4,6.13
2023,Season B,February,Gashora,Beans,1.68,1.19,119.0,Valley,Hybrid (MAC 44),No,None,0.0,No,Beans,High,Adequate,No,Yes,24.2,Loam,6.67,2.17,48.1,22.1,202.4,22.4,86.5,77.6,7.5,10.5,125.6,7.75
2020,Season A,December,Mwogo,Rice,1.48,0.98,98.0,Valley,Improved (IR64 / NERICA),Partial,Organic (Compost),0.11,No,Maize,High,Limited,No,No,6.9,Sandy Soil,6.07,2.26,64.2,21.1,163.1,22.8,115.0,74.1,8.4,11.8,111.1,31.2
2021,Season B,February,Musenyi,Beans,2.81,2.52,252.0,Flat,Improved (RWR 2245),Yes,Mixed (Organic + Inorganic),1.03,No,Maize,High,Adequate,Yes,No,18.0,Loam,7.07,2.14,42.5,16.0,259.9,22.0,62.0,71.6,8.4,10.5,100.9,11.89
2020,Season A,January,Rweru,Rice,2.62,2.06,206.0,Flat,Hybrid (Komboka),No,None,0.0,No,Rice,High,Adequate,No,Yes,7.2,Clay Soil,6.94,2.87,66.9,11.5,183.5,22.0,54.6,71.3,7.3,10.0,106.7,16.68
2020,Season B,May,Ngeruka,Rice,1.44,1.4,140.0,Valley,Improved (IR64 / NERICA),No,None,0.0,Partial,Beans,Low,Limited,Yes,No,21.0,Loam,6.96,2.83,77.7,17.5,189.8,23.1,100.3,83.8,8.0,10.2,89.4,26.41
2020,Season B,March,Shyara,Rice,2.31,1.67,167.0,Valley,Local Variety,Partial,Organic (Compost),0.55,Partial,Beans,Medium,Sufficient,Yes,Yes,20.3,Sandy Loam,6.17,2.27,51.5,19.7,250.0,23.8,78.7,77.3,7.2,10.1,97.9,23.44
2020,Season A,November,Musenyi,Rice,0.33,0.3,30.0,Valley,Hybrid (Komboka),Partial,Inorganic (NPK),0.56,No,Beans,Medium,Adequate,No,No,23.9,Loam,7.14,2.58,43.7,10.9,273.2,23.7,85.8,75.5,6.3,9.4,100.5,26.19
2021,Season A,November,Shyara,Beans,1.44,1.17,117.0,Flat,Improved (RWR 2245),No,None,0.0,No,Fallow,Low,Limited,Yes,No,20.8,Sandy Loam,6.02,2.26,64.5,20.1,260.3,22.8,94.0,80.7,6.3,11.6,110.0,12.09
2022,Season A,December,Musenyi,Rice,0.12,0.09,9.0,Flat,Local Variety,No,None,0.0,No,Rice,Medium,Limited,No,No,7.1,Loam,7.03,2.44,39.3,10.2,248.2,21.3,93.9,71.2,7.0,12.0,106.4,15.49
2023,Season A,January,Gashora,Maize,0.94,0.92,92.0,Hillside,Improved (WH507),Yes,Mixed (Organic + Inorganic),1.53,Yes,Maize,Medium,Adequate,No,No,11.5,Loam,6.5,1.82,42.9,22.8,200.4,22.1,44.0,73.2,7.6,13.4,121.2,18.73
2021,Season A,December,Gashora,Rice,0.23,0.14,14.0,Valley,Local Variety,Yes,Organic (Compost),0.0,No,Beans,Medium,Adequate,Yes,Yes,14.2,Loam,6.5,2.04,46.2,25.2,191.5,22.9,91.2,72.7,7.5,10.7,113.2,24.01
2023,Season B,February,Ngeruka,Rice,2.07,1.75,175.0,Valley,Hybrid (Komboka),Yes,Organic (Compost),0.0,No,Cassava,Medium,Adequate,Yes,Yes,21.0,Loam,7.13,2.21,80.4,17.0,189.3,23.4,81.1,67.7,8.0,11.3,117.4,23.28
2023,Season B,May,Mayange,Rice,1.93,1.64,164.0,Valley,Improved (IR64 / NERICA),No,None,0.0,No,Rice,Low,Adequate,Yes,No,20.5,Sandy Loam,5.79,3.05,60.9,12.8,191.0,23.3,101.9,76.3,7.6,12.2,107.0,28.46
2024,Season B,February,Nyarugenge,Maize,0.26,0.23,23.0,Hillside,Improved (WH507),No,None,0.0,Yes,Beans,High,Limited,No,No,12.2,Clay Soil,6.12,2.41,45.7,18.5,192.4,22.9,55.7,72.0,7.8,12.6,103.2,13.95
2020,Season B,April,Ntarama,Rice,1.44,1.28,128.0,Valley,Improved (IR64 / NERICA),No,None,0.0,Partial,Maize,Low,Sufficient,Yes,No,14.6,Sandy Soil,7.08,2.92,60.3,9.2,243.7,23.6,145.2,76.1,7.5,9.7,109.3,31.68
2022,Season A,December,Mwogo,Rice,2.3,1.7,170.0,Hillside,Improved (IR64 / NERICA),No,None,0.0,Partial,Maize,Low,Sufficient,Yes,No,23.6,Sandy Soil,5.98,2.18,66.6,19.0,164.1,21.5,70.7,77.6,7.6,13.3,117.1,28.8
2020,Season A,January,Kamabuye,Maize,1.6,1.19,119.0,Flat,Hybrid (H614D),Yes,Mixed (Organic + Inorganic),1.47,No,Maize,Medium,Adequate,Yes,Yes,14.1,Clay Soil,7.09,2.38,39.1,19.6,205.1,22.8,64.5,73.5,7.9,10.9,107.9,26.6
2020,Season B,March,Ngeruka,Beans,1.78,1.42,142.0,Hillside,Hybrid (MAC 44),No,None,0.0,No,Beans,Medium,Adequate,Yes,No,23.5,Loam,7.03,2.6,70.7,18.9,202.1,22.7,86.5,84.0,7.4,9.7,101.0,8.21
2023,Season A,October,Nyamata,Beans,0.96,0.78,78.0,Flat,Improved (RWR 2245),No,None,0.0,Partial,Maize,Low,Sufficient,Yes,No,10.3,Clay Soil,7.04,3.22,72.2,22.4,257.6,23.7,111.0,79.9,6.7,8.7,91.0,12.5
2024,Season B,May,Nyarugenge,Rice,1.14,0.7,70.0,Flat,Hybrid (Komboka),Partial,Inorganic (NPK),0.57,No,Cassava,Medium,Sufficient,Yes,No,24.1,Clay Soil,6.24,2.09,41.6,23.9,198.0,24.9,96.6,75.5,7.3,11.4,95.1,27.61
2021,Season A,October,Nyarugenge,Maize,0.43,0.35,35.0,Hillside,Hybrid (H614D),Yes,Organic (Compost),0.0,No,Beans,Medium,Adequate,No,No,6.6,Clay Soil,6.28,2.42,41.6,24.1,190.6,23.8,115.6,87.7,6.9,10.4,88.4,28.29
2024,Season B,June,Nyamata,Rice,2.27,1.73,173.0,Hillside,Hybrid (Komboka),Yes,Organic (Compost),0.0,Yes,Rice,Low,Adequate,Yes,No,7.2,Clay Soil,6.87,3.2,77.2,24.7,248.9,21.1,35.5,72.3,8.6,11.4,128.4,19.4
2021,Season B,March,Kamabuye,Beans,1.64,1.06,106.0,Valley,Hybrid (MAC 44),No,None,0.0,Partial,Beans,Low,Adequate,No,No,13.2,Clay Soil,7.02,2.13,39.7,13.9,201.4,23.1,124.5,79.9,6.3,12.0,113.3,8.16
2023,Season A,October,Nyarugenge,Beans,2.87,1.91,191.0,Valley,Improved (RWR 2245),No,None,0.0,No,Beans,Low,Limited,No,No,22.9,Clay Soil,6.3,2.19,35.8,23.4,199.2,24.6,70.3,76.2,6.8,11.4,116.0,12.08
2022,Season B,April,Mwogo,Beans,1.63,0.99,99.0,Flat,Hybrid (MAC 44),No,None,0.0,Yes,Maize,High,Limited,No,No,10.6,Sandy Soil,6.14,2.04,66.6,18.4,153.2,22.6,132.7,77.8,7.4,9.2,101.5,7.17
2022,Season A,September,Ntarama,Maize,1.86,1.21,121.0,Hillside,Local Variety,No,None,0.0,No,Maize,Medium,Adequate,No,No,8.3,Sandy Soil,7.21,2.92,63.5,11.7,244.0,23.9,63.8,72.1,8.1,12.5,107.9,12.0
2022,Season A,October,Nyarugenge,Beans,2.29,2.17,217.0,Valley,Hybrid (MAC 44),Yes,Organic (Compost),0.0,Partial,Beans,Low,Adequate,No,No,11.3,Clay Soil,6.26,2.24,37.5,24.1,190.6,24.1,87.2,77.5,6.5,10.0,106.5,11.0
2020,Season A,December,Nyarugenge,Maize,1.17,0.9,90.0,Hillside,Improved (WH507),No,None,0.0,Yes,Rice,Medium,Adequate,Yes,No,20.2,Clay Soil,6.22,2.21,41.1,22.3,212.1,23.1,55.2,63.9,7.5,9.9,95.5,17.58
2020,Season B,June,Nyamata,Maize,2.72,2.25,225.0,Hillside,Local Variety,Yes,Mixed (Organic + Inorganic),2.41,Yes,Rice,High,Adequate,No,No,19.9,Clay Soil,7.11,3.17,78.3,24.5,259.1,22.0,22.0,62.2,8.3,12.4,120.6,11.57
2020,Season B,June,Nyamata,Rice,1.96,1.48,148.0,Valley,Hybrid (Komboka),Yes,Inorganic (NPK),2.28,No,Rice,Low,Sufficient,No,No,20.3,Clay Soil,7.16,3.11,79.0,22.5,263.7,20.8,35.2,65.2,8.0,12.3,118.6,16.51
2021,Season A,October,Ntarama,Maize,2.98,2.53,253.0,Hillside,Improved (WH507),Yes,Mixed (Organic + Inorganic),2.27,Yes,Maize,Low,Adequate,No,No,17.0,Sandy Soil,6.97,3.07,60.1,10.8,245.0,23.6,101.9,71.2,6.2,9.9,103.3,23.12
2023,Season B,February,Nyamata,Beans,2.83,2.28,228.0,Valley,Hybrid (MAC 44),No,None,0.0,Yes,Cassava,Low,Sufficient,No,No,24.0,Clay Soil,7.04,3.39,79.0,24.4,268.1,22.1,63.2,77.5,7.7,11.0,105.4,9.0
2022,Season A,January,Ntarama,Rice,2.18,2.09,209.0,Valley,Local Variety,Yes,Inorganic (NPK),0.53,Yes,Cassava,Medium,Sufficient,Yes,No,11.4,Sandy Soil,6.81,2.95,63.0,8.3,246.4,21.6,53.9,78.3,8.1,10.9,112.9,17.11
2022,Season B,May,Gashora,Beans,0.99,0.65,65.0,Valley,Hybrid (MAC 44),Yes,Inorganic (NPK),0.96,No,Beans,Low,Limited,Yes,Yes,9.9,Loam,6.58,1.8,49.4,22.8,190.9,22.5,82.8,73.3,6.6,9.7,100.8,10.95
2022,Season B,June,Nyamata,Rice,1.67,1.48,148.0,Flat,Improved (IR64 / NERICA),Partial,Organic (Compost),0.73,No,Beans,Medium,Sufficient,Yes,No,18.5,Clay Soil,7.06,3.35,84.2,25.8,260.6,22.9,43.9,65.2,7.8,12.2,125.6,26.46
2024,Season B,June,Ntarama,Maize,2.64,2.47,247.0,Valley,Local Variety,Partial,Organic (Compost),0.67,No,Maize,High,Adequate,Yes,No,22.2,Sandy Soil,7.03,3.11,65.0,11.6,243.3,22.1,47.3,70.3,8.0,12.7,106.4,8.36
2021,Season B,April,Nyamata,Maize,1.31,0.96,96.0,Flat,Local Variety,Partial,Organic (Compost),0.11,No,Rice,Low,Adequate,Yes,No,20.4,Clay Soil,7.23,3.01,76.2,25.7,246.8,22.5,87.5,80.3,6.0,10.1,103.9,13.74
2021,Season B,March,Kamabuye,Beans,0.52,0.37,37.0,Hillside,Improved (RWR 2245),Partial,Inorganic (NPK),0.11,Partial,Beans,Medium,Limited,Yes,No,19.1,Clay Soil,7.06,2.01,40.1,19.7,204.3,23.5,68.5,71.6,6.7,11.2,108.4,11.77
2022,Season A,October,Rweru,Rice,1.68,1.33,133.0,Flat,Hybrid (Komboka),Yes,Mixed (Organic + Inorganic),0.53,No,Beans,High,Adequate,No,No,21.3,Clay Soil,7.15,2.74,65.7,12.8,199.3,22.3,113.7,83.2,6.4,9.3,110.8,24.08
2024,Season A,October,Mwogo,Beans,2.27,1.96,196.0,Valley,Hybrid (MAC 44),Yes,Inorganic (NPK),1.22,No,Beans,Medium,Adequate,Yes,Yes,6.0,Sandy Soil,6.19,2.09,69.5,19.7,158.5,23.2,101.7,74.1,6.7,8.2,98.3,11.87
2022,Season B,March,Kamabuye,Rice,2.62,2.19,219.0,Flat,Improved (IR64 / NERICA),Yes,Organic (Compost),0.0,Yes,Rice,Low,Sufficient,Yes,No,13.6,Clay Soil,7.08,2.34,46.4,18.5,193.2,23.5,117.3,74.4,7.3,10.0,120.9,35.42
2020,Season B,June,Rilima,Beans,2.77,2.53,253.0,Valley,Hybrid (MAC 44),Yes,Inorganic (NPK),0.6,No,Beans,Medium,Limited,Yes,Yes,10.7,Sandy Soil,6.23,1.75,41.7,15.4,219.1,24.3,26.8,76.8,8.6,10.7,115.9,6.71
2021,Season A,September,Musenyi,Beans,1.99,1.23,123.0,Hillside,Local Variety,No,None,0.0,No,Beans,Low,Sufficient,No,No,16.9,Loam,7.08,2.63,40.6,15.8,268.7,21.3,92.3,76.6,8.4,13.2,124.6,6.24
2020,Season B,May,Mayange,Rice,0.42,0.41,41.0,Hillside,Improved (IR64 / NERICA),Yes,Inorganic (NPK),2.1,Partial,Maize,Medium,Sufficient,Yes,Yes,20.6,Sandy Loam,6.17,2.86,67.0,13.4,214.2,22.0,92.9,72.3,7.7,9.8,113.3,36.02
2024,Season B,June,Rweru,Rice,1.82,1.46,146.0,Hillside,Hybrid (Komboka),Yes,Organic (Compost),0.0,No,Maize,High,Adequate,No,No,13.8,Clay Soil,7.12,2.58,60.8,11.0,192.1,23.2,30.4,63.7,8.6,11.8,99.2,16.38
2022,Season A,October,Musenyi,Rice,1.93,1.48,148.0,Hillside,Hybrid (Komboka),Partial,Inorganic (NPK),0.58,No,Beans,High,Limited,No,Yes,23.8,Loam,7.07,2.63,41.2,16.7,256.9,25.1,139.8,76.1,6.8,11.4,100.1,24.74
2024,Season A,November,Juru,Maize,2.24,1.37,137.0,Hillside,Improved (WH507),Yes,Inorganic (NPK),1.55,Partial,Cassava,High,Limited,Yes,No,13.6,Sandy Loam,6.95,2.37,51.2,23.1,175.3,22.9,65.5,77.3,6.8,12.5,96.4,17.84
2023,Season A,September,Shyara,Beans,0.15,0.12,12.0,Flat,Hybrid (MAC 44),Partial,Organic (Compost),0.53,No,Maize,Medium,Adequate,No,Yes,14.8,Sandy Loam,6.04,2.41,60.7,21.1,271.3,23.2,73.1,77.1,7.5,12.4,114.6,10.12
2022,Season A,November,Mayange,Rice,2.08,1.26,126.0,Valley,Hybrid (Komboka),Partial,Inorganic (NPK),0.14,Partial,Beans,Medium,Adequate,Yes,No,6.4,Sandy Loam,5.82,2.68,63.4,9.6,201.8,21.7,115.2,75.7,6.6,10.3,119.3,30.17
2024,Season A,September,Mayange,Beans,1.27,0.84,84.0,Valley,Improved (RWR 2245),Yes,Organic (Compost),0.0,No,Beans,Low,Adequate,Yes,No,6.2,Sandy Loam,6.27,2.6,61.2,12.6,191.4,24.3,62.4,68.2,7.2,10.3,107.7,13.15
2020,Season B,May,Ruhuha,Beans,1.97,1.96,196.0,Valley,Hybrid (MAC 44),Yes,Inorganic (NPK),0.6,No,Maize,Low,Adequate,No,No,16.1,Sandy Loam,7.08,2.89,67.7,15.9,191.7,22.7,75.2,77.7,7.5,10.6,97.5,11.25
2021,Season B,May,Musenyi,Maize,0.21,0.14,14.0,Flat,Local Variety,No,None,0.0,Yes,Beans,Medium,Adequate,Yes,Yes,6.0,Loam,7.19,2.21,44.3,12.8,258.2,23.1,63.3,76.1,6.7,10.1,111.1,11.9
2021,Season B,February,Ngeruka,Beans,2.62,1.61,161.0,Flat,Local Variety,Yes,Mixed (Organic + Inorganic),1.29,Partial,Maize,Medium,Sufficient,Yes,Yes,7.0,Loam,7.04,2.83,72.7,21.4,199.2,24.4,58.3,77.1,7.2,12.5,95.8,6.87
2020,Season A,January,Mwogo,Maize,1.27,1.01,101.0,Hillside,Local Variety,No,None,0.0,Partial,Cassava,Medium,Adequate,No,Yes,7.9,Sandy Soil,5.96,1.9,67.9,21.8,161.7,23.0,58.8,77.2,8.3,11.2,112.3,11.62
2023,Season B,April,Ruhuha,Maize,1.85,1.29,129.0,Flat,Improved (WH507),No,None,0.0,No,Beans,Low,Adequate,Yes,No,19.3,Sandy Loam,6.93,2.34,61.6,17.0,195.4,25.1,123.7,83.5,6.6,10.5,120.3,17.64
2023,Season B,April,Shyara,Beans,2.55,2.43,243.0,Flat,Improved (RWR 2245),Partial,Organic (Compost),0.51,Yes,Beans,Low,Sufficient,Yes,No,21.8,Sandy Loam,5.98,2.24,58.5,17.2,263.7,25.5,146.7,84.7,5.6,8.8,104.4,11.92
2022,Season A,December,Ngeruka,Beans,1.67,1.27,127.0,Hillside,Hybrid (MAC 44),Partial,Inorganic (NPK),0.37,No,Fallow,Low,Limited,No,No,20.5,Loam,7.11,2.66,71.5,17.8,201.4,23.2,116.7,85.8,7.1,10.9,102.1,9.45
2024,Season A,September,Ntarama,Beans,0.58,0.36,36.0,Hillside,Improved (RWR 2245),Partial,Inorganic (NPK),0.63,Yes,Maize,Medium,Limited,Yes,No,12.1,Sandy Soil,6.95,3.15,58.3,10.2,233.2,22.6,107.1,75.1,7.9,10.3,123.3,13.33
2020,Season A,October,Rilima,Rice,1.4,1.02,102.0,Flat,Hybrid (Komboka),Yes,Organic (Compost),0.0,Partial,Rice,Low,Adequate,No,Yes,11.6,Sandy Soil,6.05,1.73,39.0,17.4,207.9,22.4,134.6,89.8,6.7,10.6,104.0,29.74
2022,Season B,April,Nyamata,Maize,0.96,0.93,93.0,Flat,Improved (WH507),Yes,Mixed (Organic + Inorganic),1.74,Yes,Cassava,Medium,Adequate,No,Yes,23.2,Clay Soil,7.05,3.33,77.3,24.7,254.6,22.7,146.2,84.8,7.7,10.6,119.5,23.26
2021,Season B,April,Gashora,Maize,1.02,0.81,81.0,Flat,Improved (WH507),Yes,Inorganic (NPK),1.52,Yes,Beans,High,Sufficient,No,No,18.5,Loam,6.63,1.91,48.5,24.4,192.5,24.4,81.2,78.6,6.8,9.1,113.9,20.19
2023,Season A,December,Musenyi,Rice,2.16,2.05,205.0,Valley,Improved (IR64 / NERICA),Yes,Organic (Compost),0.0,No,Maize,Low,Adequate,No,No,6.2,Loam,7.07,2.36,43.1,15.1,264.1,22.0,59.2,79.1,7.3,11.6,116.4,27.76
2023,Season A,October,Musenyi,Beans,0.61,0.61,61.0,Hillside,Hybrid (MAC 44),No,None,0.0,No,Beans,High,Adequate,Yes,No,6.6,Loam,7.13,2.53,42.5,15.3,258.5,24.9,75.8,80.2,6.5,10.7,113.1,7.52
2024,Season A,October,Ngeruka,Rice,1.65,1.22,122.0,Valley,Improved (IR64 / NERICA),Yes,Mixed (Organic + Inorganic),2.17,No,Maize,High,Adequate,No,No,17.8,Loam,6.99,2.43,78.6,22.3,199.0,24.9,140.4,65.5,6.6,10.9,110.3,39.48
2023,Season A,January,Nyarugenge,Rice,1.23,0.89,89.0,Flat,Local Variety,No,None,0.0,No,Beans,High,Sufficient,No,No,21.7,Clay Soil,6.18,2.15,37.7,19.8,187.2,23.0,53.2,67.8,7.9,10.0,111.3,16.1
2023,Season A,January,Kamabuye,Beans,2.19,1.74,174.0,Valley,Local Variety,No,None,0.0,Yes,Rice,Low,Limited,No,Yes,5.7,Clay Soil,7.06,2.27,34.5,17.8,194.4,23.5,76.3,79.9,8.5,13.6,120.1,7.22
2024,Season B,May,Shyara,Maize,2.24,1.84,184.0,Flat,Improved (WH507),Yes,Inorganic (NPK),2.28,No,Beans,Medium,Adequate,No,Yes,9.5,Sandy Loam,6.1,2.37,58.4,22.1,270.3,23.0,99.9,65.6,7.1,11.5,117.0,20.78
2024,Season A,October,Gashora,Maize,2.19,1.89,189.0,Hillside,Improved (WH507),Yes,Organic (Compost),0.0,Yes,Maize,Medium,Adequate,Yes,Yes,18.0,Loam,6.42,1.89,48.3,24.5,188.3,22.7,150.9,81.9,8.1,9.1,87.3,20.52
2021,Season A,September,Kamabuye,Beans,2.18,1.48,148.0,Flat,Local Variety,No,None,0.0,No,Beans,Medium,Adequate,Yes,No,16.1,Clay Soil,7.31,2.27,42.7,20.5,190.9,24.2,55.3,81.0,6.8,13.4,114.4,6.0
2020,Season A,November,Ngeruka,Beans,1.47,1.2,120.0,Flat,Improved (RWR 2245),Yes,Inorganic (NPK),1.17,No,Beans,Low,Adequate,Yes,Yes,10.3,Loam,7.15,2.83,74.2,21.5,196.9,25.1,67.9,62.8,7.1,11.4,100.1,14.34
2021,Season A,October,Nyamata,Beans,1.95,1.77,177.0,Valley,Improved (RWR 2245),No,None,0.0,No,Beans,Low,Adequate,Yes,No,16.4,Clay Soil,7.32,3.17,78.4,21.8,252.9,23.5,132.4,77.3,6.6,10.5,93.4,12.73
2022,Season B,May,Rweru,Beans,0.82,0.53,53.0,Flat,Improved (RWR 2245),No,None,0.0,No,Maize,Medium,Adequate,No,No,21.4,Clay Soil,7.01,2.51,64.2,13.1,192.4,21.9,55.5,78.1,6.9,11.4,109.9,12.09
2021,Season B,February,Mareba,Maize,0.21,0.15,15.0,Flat,Improved (WH507),No,None,0.0,Partial,Cassava,Medium,Limited,Yes,No,19.0,Sandy Loam,7.28,2.9,57.4,11.3,237.5,22.7,68.2,70.6,7.2,11.8,99.6,13.6
2021,Season B,May,Ngeruka,Rice,2.41,1.46,146.0,Flat,Local Variety,No,None,0.0,No,Rice,Medium,Limited,No,No,23.4,Loam,7.06,2.47,71.9,21.6,202.7,22.6,48.0,77.2,6.9,11.1,100.2,12.79
2023,Season B,February,Rilima,Rice,2.28,2.2,220.0,Valley,Improved (IR64 / NERICA),No,None,0.0,No,Cassava,High,Adequate,Yes,Yes,14.9,Sandy Soil,6.12,1.71,38.8,17.4,215.5,21.0,74.0,66.6,6.0,10.1,97.2,21.41
2021,Season A,October,Nyamata,Rice,2.08,1.39,139.0,Valley,Hybrid (Komboka),No,None,0.0,Partial,Beans,Medium,Adequate,Yes,Yes,24.3,Clay Soil,7.11,2.99,76.5,25.5,249.8,25.0,87.8,70.8,7.1,8.5,106.1,26.92
2024,Season B,February,Ntarama,Beans,0.15,0.15,15.0,Flat,Hybrid (MAC 44),No,None,0.0,Partial,Maize,Medium,Limited,Yes,No,23.7,Sandy Soil,6.9,3.07,66.5,13.9,233.7,21.9,58.1,78.8,7.6,8.1,113.9,8.37
2024,Season A,October,Ruhuha,Maize,2.05,1.31,131.0,Hillside,Improved (WH507),Partial,Inorganic (NPK),0.72,Yes,Maize,Low,Sufficient,No,No,21.0,Sandy Loam,6.84,2.18,64.3,17.6,193.7,24.2,143.8,81.0,6.5,10.2,87.0,19.44
2021,Season A,November,Ntarama,Maize,1.71,1.03,103.0,Flat,Improved (WH507),Yes,Organic (Compost),0.0,No,Rice,High,Limited,No,Yes,14.1,Sandy Soil,7.08,2.66,63.0,8.5,266.6,23.4,136.6,77.8,7.3,9.4,109.5,14.95
2020,Season B,April,Kamabuye,Rice,1.06,0.96,96.0,Valley,Local Variety,No,None,0.0,No,Beans,Medium,Limited,Yes,No,18.5,Clay Soil,7.02,2.2,36.9,19.6,213.7,23.2,73.7,72.0,6.9,10.0,119.1,15.47
2023,Season A,December,Nyarugenge,Rice,2.42,2.39,239.0,Flat,Hybrid (Komboka),Yes,Inorganic (NPK),2.09,Yes,Beans,Low,Limited,Yes,Yes,16.0,Clay Soil,6.16,2.26,43.0,23.1,209.4,21.9,63.5,70.6,7.2,11.5,123.4,23.9
2022,Season B,April,Shyara,Maize,2.88,1.98,198.0,Hillside,Local Variety,No,None,0.0,No,Maize,Low,Sufficient,Yes,No,13.6,Sandy Loam,6.23,2.41,55.4,22.3,264.2,23.7,128.0,77.5,6.9,10.6,117.0,13.41
2024,Season A,November,Mareba,Beans,1.73,1.73,173.0,Valley,Improved (RWR 2245),No,None,0.0,No,Beans,Medium,Limited,Yes,No,24.2,Sandy Loam,6.98,2.86,60.5,11.2,229.0,21.4,126.3,80.5,6.7,8.9,105.7,10.23
2020,Season A,January,Mareba,Maize,2.18,2.01,201.0,Flat,Improved (WH507),Yes,Mixed (Organic + Inorganic),1.08,No,Beans,High,Adequate,Yes,No,15.0,Sandy Loam,7.18,2.9,63.3,10.9,231.8,22.6,51.0,68.1,7.5,12.1,106.8,17.38
2022,Season A,September,Nyamata,Rice,0.78,0.65,65.0,Hillside,Hybrid (Komboka),Yes,Mixed (Organic + Inorganic),1.91,Partial,Cassava,Medium,Sufficient,Yes,No,10.5,Clay Soil,7.13,3.27,79.9,27.9,237.9,22.6,93.5,74.5,6.9,10.3,108.0,27.61
2023,Season B,May,Mareba,Beans,1.83,1.8,180.0,Valley,Improved (RWR 2245),No,None,0.0,No,Beans,Low,Limited,Yes,No,19.0,Sandy Loam,6.89,2.99,60.7,10.6,243.0,23.5,55.1,87.5,7.2,10.8,117.8,10.53
2022,Season B,June,Ngeruka,Beans,1.34,0.89,89.0,Hillside,Hybrid (MAC 44),No,None,0.0,No,Maize,High,Sufficient,Yes,Yes,22.8,Loam,6.9,2.89,79.6,19.8,195.1,23.0,40.6,77.0,8.0,13.7,121.3,5.51
2024,Season A,October,Rweru,Rice,2.88,2.65,265.0,Valley,Improved (IR64 / NERICA),No,None,0.0,Yes,Beans,Low,Adequate,Yes,No,12.9,Clay Soil,6.97,2.59,69.6,13.5,178.6,24.2,113.7,83.4,6.4,10.5,92.2,38.01
2023,Season A,October,Shyara,Maize,0.34,0.22,22.0,Flat,Improved (WH507),Yes,Organic (Compost),0.0,No,Beans,High,Limited,No,Yes,19.7,Sandy Loam,5.96,2.24,58.7,20.5,268.4,26.0,151.2,82.0,7.0,10.7,113.2,17.32
2020,Season A,December,Mwogo,Beans,0.24,0.18,18.0,Hillside,Improved (RWR 2245),Yes,Inorganic (NPK),0.36,Partial,Beans,Low,Adequate,Yes,Yes,18.7,Sandy Soil,5.98,2.17,67.8,21.9,166.4,23.3,79.5,75.2,7.1,10.9,123.6,14.84
2022,Season A,September,Gashora,Maize,1.85,1.33,133.0,Flat,Improved (WH507),No,None,0.0,Yes,Maize,Low,Adequate,No,Yes,6.6,Loam,6.51,2.11,53.3,25.2,188.4,23.6,76.4,76.9,7.7,11.3,123.7,18.3
2024,Season B,April,Mareba,Rice,2.64,2.25,225.0,Hillside,Improved (IR64 / NERICA),Yes,Inorganic (NPK),1.06,No,Fallow,Medium,Sufficient,Yes,Yes,7.5,Sandy Loam,7.14,3.01,61.1,11.2,222.5,24.0,73.9,80.9,6.9,12.7,110.7,28.15
2021,Season B,June,Ntarama,Rice,2.84,2.15,215.0,Valley,Improved (IR64 / NERICA),Yes,Mixed (Organic + Inorganic),2.98,No,Maize,Medium,Limited,No,Yes,23.3,Sandy Soil,7.08,2.93,66.0,13.5,243.5,23.2,37.5,65.7,7.9,11.5,113.7,20.87
2022,Season A,January,Gashora,Beans,2.34,1.83,183.0,Hillside,Hybrid (MAC 44),Yes,Mixed (Organic + Inorganic),0.49,Partial,Beans,Medium,Adequate,No,No,23.4,Loam,6.5,1.84,47.5,25.6,188.1,22.7,75.1,69.0,7.7,11.7,101.7,10.28
2020,Season A,December,Mareba,Beans,0.61,0.38,38.0,Flat,Hybrid (MAC 44),Yes,Organic (Compost),0.0,Partial,Rice,Low,Adequate,Yes,No,9.5,Sandy Loam,7.08,3.04,64.7,8.1,230.9,23.8,79.6,79.8,8.1,11.5,112.2,11.04
2021,Season B,June,Shyara,Beans,0.82,0.63,63.0,Flat,Hybrid (MAC 44),Yes,Mixed (Organic + Inorganic),1.27,No,Beans,High,Limited,Yes,Yes,21.9,Sandy Loam,5.98,2.21,60.5,22.4,274.4,22.5,29.0,70.1,9.0,12.7,125.2,5.86
2022,Season B,March,Mwogo,Beans,1.28,1.2,120.0,Valley,Improved (RWR 2245),No,None,0.0,Yes,Maize,High,Sufficient,Yes,No,16.8,Sandy Soil,5.99,1.87,66.6,22.0,160.9,22.7,85.3,67.7,7.3,11.7,124.6,11.69
2024,Season A,November,Ruhuha,Maize,0.58,0.48,48.0,Flat,Improved (WH507),No,None,0.0,No,Cassava,Low,Adequate,Yes,Yes,10.8,Sandy Loam,6.92,2.55,59.9,17.2,189.8,22.8,70.3,71.5,7.0,10.4,108.5,17.75
2023,Season B,May,Ngeruka,Maize,2.24,1.94,194.0,Flat,Local Variety,Partial,Inorganic (NPK),0.69,No,Fallow,Low,Adequate,No,Yes,21.2,Loam,7.03,2.58,73.7,18.5,201.2,21.2,98.2,73.5,7.2,11.3,101.7,13.32
2024,Season B,June,Rilima,Maize,2.04,1.59,159.0,Flat,Improved (WH507),No,None,0.0,Partial,Cassava,Medium,Adequate,Yes,No,21.0,Sandy Soil,6.1,1.76,44.9,16.1,218.0,22.0,33.6,71.2,9.0,10.7,114.7,13.75
2024,Season A,November,Nyarugenge,Beans,2.77,1.74,174.0,Valley,Hybrid (MAC 44),No,None,0.0,No,Maize,Low,Adequate,No,Yes,15.9,Clay Soil,6.14,2.06,39.4,18.9,192.4,23.6,109.2,81.9,7.8,10.9,89.9,9.22
2024,Season A,December,Kamabuye,Maize,2.89,2.31,231.0,Valley,Improved (WH507),Partial,Organic (Compost),0.38,No,Maize,High,Adequate,No,No,24.2,Clay Soil,7.1,2.11,37.7,19.6,213.6,22.5,55.3,74.1,7.5,9.9,110.5,11.44
2024,Season B,May,Shyara,Beans,0.9,0.86,86.0,Valley,Hybrid (MAC 44),Yes,Organic (Compost),0.0,No,Rice,Medium,Adequate,No,No,21.0,Sandy Loam,6.01,2.26,56.3,20.8,262.7,23.5,90.6,73.1,6.9,10.9,107.3,10.17
2022,Season A,November,Gashora,Rice,0.56,0.43,43.0,Hillside,Hybrid (Komboka),Yes,Organic (Compost),0.0,Yes,Fallow,Medium,Sufficient,Yes,Yes,9.6,Loam,6.39,1.9,50.8,23.7,198.9,23.6,138.8,86.5,7.2,11.6,90.4,30.8
2022,Season A,September,Nyamata,Rice,2.15,1.35,135.0,Flat,Improved (IR64 / NERICA),No,None,0.0,No,Beans,High,Sufficient,No,No,7.4,Clay Soil,7.12,3.26,69.0,24.6,247.1,24.0,83.1,74.8,7.6,10.4,111.6,28.47
2024,Season A,November,Shyara,Rice,1.62,0.97,97.0,Flat,Hybrid (Komboka),No,None,0.0,Partial,Beans,Low,Sufficient,Yes,Yes,11.4,Sandy Loam,6.1,2.28,60.8,18.1,261.7,26.1,136.4,78.3,6.9,13.2,101.6,30.63
2022,Season B,March,Gashora,Beans,1.77,1.59,159.0,Valley,Local Variety,Yes,Inorganic (NPK),1.12,Yes,Beans,Low,Sufficient,No,No,17.1,Loam,6.55,2.03,46.4,22.0,193.4,23.7,129.1,71.3,7.9,10.0,107.0,7.73
2024,Season B,April,Nyamata,Beans,0.39,0.28,28.0,Flat,Hybrid (MAC 44),Yes,Mixed (Organic + Inorganic),0.86,Partial,Maize,Medium,Adequate,Yes,No,18.4,Clay Soil,7.06,3.14,75.1,26.2,250.2,22.7,75.1,71.5,7.1,9.9,104.1,11.47
2022,Season B,March,Ruhuha,Maize,1.04,0.7,70.0,Hillside,Local Variety,Yes,Organic (Compost),0.0,No,Fallow,Low,Sufficient,No,No,18.3,Sandy Loam,6.93,2.68,60.6,16.4,201.5,24.2,119.2,81.1,7.0,10.3,96.7,14.69
2022,Season B,March,Gashora,Maize,1.41,1.34,134.0,Flat,Improved (WH507),Partial,Organic (Compost),0.73,No,Rice,Low,Adequate,Yes,No,18.2,Loam,6.51,1.96,43.6,24.2,196.4,22.1,121.3,81.5,7.8,8.9,111.3,20.9
2021,Season A,January,Mareba,Maize,1.66,1.47,147.0,Flat,Local Variety,No,None,0.0,No,Rice,Low,Sufficient,No,No,11.9,Sandy Loam,7.12,2.94,56.7,10.0,229.8,21.9,61.3,69.8,7.5,11.7,104.6,11.52
2022,Season B,February,Ruhuha,Beans,1.85,1.71,171.0,Flat,Improved (RWR 2245),No,None,0.0,Partial,Maize,Medium,Limited,Yes,No,7.8,Sandy Loam,6.77,2.29,60.7,15.6,180.4,23.0,92.7,76.6,7.7,11.9,116.0,11.8
2021,Season B,May,Ngeruka,Rice,1.9,1.66,166.0,Valley,Hybrid (Komboka),Yes,Inorganic (NPK),1.17,Yes,Beans,Medium,Limited,No,No,19.7,Loam,7.08,2.93,72.1,20.8,195.0,21.9,105.8,76.1,7.8,9.0,88.5,24.82
2023,Season B,May,Ruhuha,Maize,0.21,0.16,16.0,Valley,Local Variety,Partial,Inorganic (NPK),0.13,No,Fallow,Low,Sufficient,No,No,9.5,Sandy Loam,7.01,2.8,63.3,17.5,179.5,22.1,85.1,83.9,7.4,10.9,94.6,14.38
2020,Season A,January,Kamabuye,Beans,2.2,1.62,162.0,Flat,Local Variety,No,None,0.0,No,Maize,Low,Adequate,Yes,Yes,10.1,Clay Soil,7.0,2.13,39.9,18.0,202.8,23.2,85.1,72.3,7.6,11.2,94.0,7.29
2021,Season B,March,Gashora,Beans,1.09,0.89,89.0,Flat,Improved (RWR 2245),Yes,Organic (Compost),0.0,No,Maize,High,Limited,No,Yes,21.8,Loam,6.34,1.95,47.5,27.5,197.9,21.4,132.3,74.9,7.4,10.0,116.4,11.35
2024,Season A,September,Mwogo,Beans,0.44,0.35,35.0,Hillside,Hybrid (MAC 44),No,None,0.0,Yes,Beans,Low,Sufficient,No,Yes,6.9,Sandy Soil,6.02,2.13,64.1,21.9,159.4,22.7,99.7,69.0,7.6,12.7,99.3,9.07
2020,Season B,March,Rilima,Maize,2.37,1.59,159.0,Hillside,Improved (WH507),No,None,0.0,No,Rice,Low,Limited,Yes,Yes,16.5,Sandy Soil,6.09,1.78,43.8,14.5,204.9,21.1,113.2,76.4,7.4,12.5,106.2,16.9
2023,Season B,May,Nyamata,Beans,1.0,0.74,74.0,Hillside,Hybrid (MAC 44),No,None,0.0,No,Rice,High,Adequate,Yes,Yes,13.1,Clay Soil,7.12,3.31,75.9,23.8,261.3,23.7,95.7,69.5,6.0,10.4,93.2,7.2
2022,Season B,February,Ngeruka,Maize,0.58,0.35,35.0,Valley,Improved (WH507),Yes,Mixed (Organic + Inorganic),2.19,No,Beans,Low,Sufficient,No,No,23.2,Loam,6.92,2.59,74.4,17.9,199.4,25.1,49.6,73.5,6.8,11.4,107.7,17.4
2021,Season B,February,Mwogo,Maize,0.77,0.5,50.0,Valley,Improved (WH507),Yes,Mixed (Organic + Inorganic),2.46,Yes,Maize,Low,Adequate,Yes,No,12.8,Sandy Soil,5.87,2.28,71.8,19.8,160.7,22.6,51.6,69.8,7.9,9.7,95.7,18.59
2022,Season A,September,Nyarugenge,Rice,1.36,0.89,89.0,Valley,Improved (IR64 / NERICA),Yes,Inorganic (NPK),1.38,No,Maize,Low,Sufficient,Yes,No,15.4,Clay Soil,6.13,2.28,41.7,22.7,187.8,23.7,80.6,70.5,7.3,11.3,121.5,40.97
2024,Season B,April,Musenyi,Beans,2.04,1.85,185.0,Flat,Hybrid (MAC 44),Yes,Inorganic (NPK),0.64,No,Beans,Medium,Sufficient,Yes,No,7.0,Loam,7.31,2.54,42.8,13.7,259.9,24.8,121.9,77.7,6.6,12.3,112.1,8.7
2023,Season A,October,Rilima,Rice,1.9,1.51,151.0,Valley,Hybrid (Komboka),Yes,Organic (Compost),0.0,Yes,Maize,Low,Sufficient,Yes,Yes,13.0,Sandy Soil,6.25,1.93,42.7,15.8,209.2,23.6,102.6,73.7,6.6,10.3,88.8,30.05
2022,Season A,January,Musenyi,Maize,0.92,0.59,59.0,Hillside,Hybrid (H614D),No,None,0.0,No,Fallow,Low,Sufficient,No,No,20.0,Loam,7.12,2.25,38.9,11.1,254.7,21.3,78.2,81.1,8.2,12.6,117.6,21.47
2023,Season B,March,Ruhuha,Rice,2.1,1.82,182.0,Flat,Hybrid (Komboka),Partial,Organic (Compost),0.36,Yes,Beans,High,Adequate,No,Yes,9.8,Sandy Loam,7.09,2.38,66.7,25.4,173.9,22.2,69.0,76.3,6.5,10.5,120.3,18.61
2023,Season A,September,Mareba,Beans,0.62,0.5,50.0,Hillside,Improved (RWR 2245),Yes,Mixed (Organic + Inorganic),0.41,Partial,Fallow,Low,Adequate,Yes,No,10.8,Sandy Loam,7.14,2.88,65.1,10.8,247.4,23.8,79.2,68.0,7.7,11.5,106.5,14.65
2023,Season B,June,Rweru,Beans,2.51,1.77,177.0,Hillside,Hybrid (MAC 44),No,None,0.0,No,Beans,Medium,Sufficient,Yes,Yes,21.6,Clay Soil,6.97,2.3,65.8,12.2,189.2,20.9,23.0,66.8,8.0,12.2,126.1,6.31
2024,Season A,October,Kamabuye,Beans,2.54,1.57,157.0,Flat,Improved (RWR 2245),Yes,Mixed (Organic + Inorganic),0.97,No,Beans,Low,Limited,No,No,11.4,Clay Soil,7.11,2.27,38.7,22.1,202.4,23.7,93.1,79.6,7.3,10.3,116.4,12.82
2020,Season B,June,Nyarugenge,Maize,1.32,0.87,87.0,Flat,Improved (WH507),No,None,0.0,No,Beans,Low,Sufficient,Yes,No,15.1,Clay Soil,6.39,2.2,42.6,23.9,209.1,23.8,23.4,64.8,7.5,12.2,100.9,13.65
2021,Season B,February,Ngeruka,Rice,1.78,1.47,147.0,Hillside,Improved (IR64 / NERICA),Yes,Organic (Compost),0.0,Partial,Maize,Low,Adequate,Yes,No,7.0,Loam,6.97,2.69,77.6,20.3,191.1,22.9,59.4,73.3,7.3,11.5,110.8,29.85
2020,Season A,October,Nyamata,Maize,0.86,0.7,70.0,Valley,Local Variety,Yes,Inorganic (NPK),1.79,Yes,Maize,Medium,Adequate,Yes,No,7.0,Clay Soil,7.21,3.23,81.1,20.9,237.1,23.4,92.0,77.4,7.6,10.5,104.8,14.79
2020,Season B,February,Mayange,Rice,1.74,1.67,167.0,Flat,Hybrid (Komboka),No,None,0.0,Yes,Fallow,Medium,Limited,Yes,No,17.3,Sandy Loam,6.2,2.96,61.4,11.6,213.1,23.2,62.8,79.8,7.4,10.8,111.4,18.79
2023,Season A,December,Shyara,Rice,1.95,1.75,175.0,Valley,Hybrid (Komboka),No,None,0.0,No,Beans,High,Sufficient,Yes,No,8.1,Sandy Loam,6.29,1.99,50.9,22.9,262.5,21.1,116.4,80.2,8.0,10.7,110.3,22.86
2023,Season B,April,Musenyi,Maize,2.28,1.56,156.0,Hillside,Improved (WH507),No,None,0.0,No,Rice,Low,Adequate,Yes,No,10.7,Loam,7.18,2.18,46.1,16.1,243.8,21.7,128.1,80.4,6.6,11.1,105.2,16.18
2021,Season B,March,Ruhuha,Maize,1.34,1.17,117.0,Hillside,Improved (WH507),Yes,Inorganic (NPK),0.95,No,Maize,Low,Limited,Yes,No,22.5,Sandy Loam,7.18,2.4,66.6,19.2,195.4,22.5,88.2,75.7,6.3,10.9,95.5,17.44
2022,Season A,December,Ngeruka,Maize,0.27,0.16,16.0,Hillside,Improved (WH507),Yes,Mixed (Organic + Inorganic),0.53,No,Beans,Medium,Limited,Yes,No,15.6,Loam,6.95,2.67,76.2,21.0,185.3,21.0,113.8,76.3,6.8,12.8,112.5,20.66
2023,Season B,June,Mayange,Beans,2.13,1.5,150.0,Flat,Hybrid (MAC 44),Yes,Organic (Compost),0.0,No,Rice,Low,Limited,Yes,No,12.0,Sandy Loam,6.03,2.92,65.3,9.3,196.6,22.5,26.1,65.1,8.5,12.1,110.0,7.21
2022,Season A,December,Rweru,Maize,1.9,1.52,152.0,Hillside,Local Variety,No,None,0.0,Yes,Rice,Low,Sufficient,No,No,23.3,Clay Soil,6.94,2.6,64.8,13.2,195.7,22.1,60.1,72.6,7.2,10.1,111.8,13.24
2022,Season B,June,Kamabuye,Maize,1.1,0.81,81.0,Hillside,Hybrid (H614D),Yes,Inorganic (NPK),0.36,Yes,Maize,Medium,Adequate,No,No,24.4,Clay Soil,6.98,2.43,39.3,18.1,199.6,24.2,47.7,71.0,8.4,11.4,124.8,19.62
2020,Season A,October,Rweru,Maize,2.34,1.41,141.0,Hillside,Improved (WH507),Partial,Inorganic (NPK),0.6,Partial,Fallow,Medium,Sufficient,No,No,5.7,Clay Soil,7.1,2.68,65.7,15.0,190.4,24.6,77.1,79.2,6.7,9.9,101.0,18.16
2023,Season B,March,Mwogo,Rice,1.3,1.05,105.0,Valley,Hybrid (Komboka),Partial,Inorganic (NPK),0.13,No,Fallow,Low,Adequate,Yes,No,20.9,Sandy Soil,6.01,2.03,70.2,18.2,166.0,24.6,60.7,77.4,7.6,9.1,107.7,25.16
2020,Season A,December,Shyara,Rice,1.28,1.05,105.0,Flat,Hybrid (Komboka),Partial,Organic (Compost),0.65,Yes,Fallow,Low,Adequate,Yes,No,14.3,Sandy Loam,6.27,2.48,53.7,22.1,259.6,22.3,93.2,58.0,7.5,11.9,99.4,28.84
2023,Season B,February,Rilima,Maize,0.48,0.4,40.0,Flat,Local Variety,No,None,0.0,No,Beans,High,Adequate,Yes,Yes,6.5,Sandy Soil,6.0,1.74,38.8,14.6,221.4,23.9,56.7,67.6,7.2,10.0,94.7,10.39
2024,Season B,February,Mareba,Rice,0.63,0.52,52.0,Valley,Improved (IR64 / NERICA),Yes,Inorganic (NPK),2.29,No,Maize,Low,Limited,Yes,No,18.1,Sandy Loam,7.23,3.11,62.8,14.1,232.5,23.4,50.0,78.3,6.8,11.4,98.8,24.8
2023,Season B,April,Musenyi,Rice,2.73,1.87,187.0,Valley,Improved (IR64 / NERICA),No,None,0.0,Yes,Maize,Low,Limited,No,No,21.8,Loam,6.99,2.52,43.9,15.4,264.6,23.7,132.8,77.8,6.9,11.7,119.5,30.49
2023,Season B,February,Shyara,Rice,2.39,1.7,170.0,Valley,Local Variety,Partial,Organic (Compost),0.67,No,Maize,Low,Limited,Yes,No,19.2,Sandy Loam,6.07,2.11,54.8,23.4,267.0,23.6,76.1,68.6,7.4,12.5,118.1,17.44
2020,Season B,February,Musenyi,Beans,1.88,1.45,145.0,Hillside,Improved (RWR 2245),No,None,0.0,Yes,Rice,Medium,Adequate,Yes,No,13.8,Loam,7.28,2.28,41.3,12.5,248.4,23.3,60.9,68.7,7.9,12.1,103.7,11.39
2021,Season B,February,Shyara,Rice,0.39,0.3,30.0,Valley,Hybrid (Komboka),Partial,Inorganic (NPK),0.28,No,Beans,Low,Limited,Yes,No,12.8,Sandy Loam,6.19,2.34,54.1,18.7,270.0,22.1,67.1,78.9,7.9,10.9,111.7,19.97
2022,Season B,March,Nyarugenge,Rice,0.98,0.75,75.0,Flat,Hybrid (Komboka),No,None,0.0,Partial,Beans,High,Adequate,Yes,No,22.2,Clay Soil,6.18,2.14,35.6,22.2,194.6,25.6,68.1,75.4,6.6,11.5,99.1,18.54
2021,Season B,February,Mwogo,Rice,2.71,1.76,176.0,Valley,Hybrid (Komboka),No,None,0.0,No,Maize,Low,Adequate,No,No,12.6,Sandy Soil,6.09,1.76,68.1,22.2,177.4,23.3,100.8,71.4,7.1,11.3,120.3,24.58
2024,Season B,May,Rweru,Maize,2.81,2.23,223.0,Valley,Improved (WH507),No,None,0.0,No,Cassava,Low,Sufficient,Yes,Yes,5.4,Clay Soil,7.09,2.44,67.0,13.1,197.5,23.8,103.2,70.2,6.6,8.7,99.8,16.61
2024,Season B,April,Gashora,Beans,2.4,1.68,168.0,Valley,Hybrid (MAC 44),Yes,Organic (Compost),0.0,No,Maize,Medium,Sufficient,No,No,9.7,Loam,6.47,2.23,52.9,22.9,188.7,26.1,149.3,75.8,7.1,10.7,117.0,9.38
2023,Season B,February,Nyamata,Rice,1.32,1.16,116.0,Valley,Local Variety,No,None,0.0,No,Maize,Low,Adequate,No,Yes,13.2,Clay Soil,7.19,3.29,80.9,22.5,260.6,21.5,51.9,68.8,7.9,10.7,123.8,15.53
2023,Season B,June,Rilima,Maize,1.38,1.15,115.0,Hillside,Local Variety,Yes,Inorganic (NPK),2.06,No,Beans,Medium,Sufficient,No,No,11.1,Sandy Soil,6.01,1.52,43.8,14.2,215.4,23.0,48.3,63.1,9.1,13.1,107.0,11.44
2021,Season A,December,Nyarugenge,Rice,0.74,0.5,50.0,Valley,Hybrid (Komboka),Partial,Organic (Compost),0.37,No,Rice,Medium,Sufficient,Yes,No,8.7,Clay Soil,6.15,2.19,39.6,19.8,194.3,20.8,108.7,65.2,7.7,8.5,117.0,25.68
2024,Season B,February,Rilima,Rice,0.11,0.08,8.0,Flat,Improved (IR64 / NERICA),Partial,Inorganic (NPK),0.15,No,Beans,Low,Adequate,Yes,No,6.8,Sandy Soil,6.16,1.92,43.7,20.3,221.4,23.8,70.5,79.0,7.8,12.0,110.7,30.99
2023,Season A,December,Rweru,Beans,1.03,0.95,95.0,Valley,Improved (RWR 2245),No,None,0.0,No,Rice,Low,Limited,Yes,No,7.6,Clay Soil,7.09,2.43,64.7,10.4,195.6,22.8,118.2,77.4,7.6,10.1,96.2,12.1
2020,Season B,April,Rilima,Beans,2.18,1.43,143.0,Hillside,Hybrid (MAC 44),No,None,0.0,No,Beans,Medium,Limited,Yes,Yes,13.8,Sandy Soil,6.17,1.99,35.6,13.5,213.4,23.4,88.6,78.2,7.1,9.2,97.1,7.36
2024,Season B,March,Shyara,Rice,0.86,0.81,81.0,Valley,Local Variety,Partial,Organic (Compost),0.42,No,Beans,Medium,Adequate,Yes,No,6.8,Sandy Loam,5.91,2.38,57.9,15.5,273.1,24.0,95.5,79.4,7.3,10.8,128.4,23.06
2023,Season B,April,Mareba,Beans,0.3,0.18,18.0,Flat,Improved (RWR 2245),Yes,Mixed (Organic + Inorganic),1.37,No,Maize,Low,Adequate,Yes,No,15.4,Sandy Loam,7.06,3.08,58.2,7.4,232.7,24.6,108.7,85.4,6.3,10.9,96.3,13.38
2023,Season B,March,Mareba,Rice,1.49,0.99,99.0,Flat,Hybrid (Komboka),No,None,0.0,No,Cassava,Medium,Adequate,Yes,No,12.5,Sandy Loam,7.08,2.76,66.6,9.1,229.3,21.6,116.1,77.0,7.1,11.4,121.9,20.75
2021,Season B,February,Ntarama,Rice,0.81,0.64,64.0,Flat,Hybrid (Komboka),No,None,0.0,Yes,Beans,Low,Sufficient,Yes,Yes,15.5,Sandy Soil,7.18,3.01,64.1,12.7,250.4,23.4,72.1,66.5,7.5,11.3,97.7,20.59
2022,Season A,September,Shyara,Beans,2.88,1.93,193.0,Valley,Local Variety,Yes,Organic (Compost),0.0,Yes,Beans,Low,Adequate,Yes,Yes,6.5,Sandy Loam,6.04,2.49,56.7,21.2,275.5,25.5,48.8,75.4,7.3,13.0,103.4,6.57
2022,Season B,March,Kamabuye,Rice,1.7,1.38,138.0,Valley,Improved (IR64 / NERICA),No,None,0.0,Partial,Cassava,Low,Adequate,No,Yes,13.9,Clay Soil,7.2,2.29,41.9,23.1,218.7,23.4,58.0,84.7,7.0,10.6,126.3,25.72
2022,Season B,June,Shyara,Maize,1.43,0.93,93.0,Hillside,Improved (WH507),Partial,Inorganic (NPK),0.48,Yes,Beans,Low,Limited,Yes,No,6.4,Sandy Loam,6.24,2.32,57.7,18.1,271.5,20.6,24.0,52.3,8.6,12.6,114.4,16.13
2020,Season A,December,Gashora,Maize,2.79,2.05,205.0,Flat,Hybrid (H614D),Yes,Inorganic (NPK),0.52,Partial,Beans,Low,Limited,Yes,No,8.0,Loam,6.57,2.18,43.8,23.2,188.0,22.4,113.0,75.5,7.9,11.7,103.9,30.42
2020,Season A,November,Musenyi,Rice,2.03,1.74,174.0,Valley,Hybrid (Komboka),No,None,0.0,Partial,Maize,High,Adequate,No,Yes,18.8,Loam,7.25,2.66,44.6,18.0,253.5,25.8,91.9,87.4,7.0,11.5,97.5,22.23
2021,Season B,May,Ngeruka,Rice,0.52,0.43,43.0,Valley,Improved (IR64 / NERICA),No,None,0.0,Partial,Fallow,Low,Adequate,No,Yes,5.8,Loam,7.02,2.68,74.9,23.9,205.1,22.6,77.8,76.8,6.4,11.3,116.4,23.18
2023,Season B,March,Mayange,Beans,1.15,0.89,89.0,Flat,Improved (RWR 2245),No,None,0.0,Yes,Maize,High,Adequate,Yes,No,23.0,Sandy Loam,6.07,2.87,64.7,11.7,209.2,22.6,65.0,76.1,6.7,11.0,100.2,12.01
2023,Season B,May,Juru,Beans,0.46,0.34,34.0,Valley,Improved (RWR 2245),Partial,Inorganic (NPK),0.7,No,Cassava,Medium,Adequate,Yes,No,12.5,Sandy Loam,7.02,2.62,51.9,24.2,158.8,24.4,47.3,78.3,6.8,12.1,92.3,10.85
2023,Season B,April,Nyamata,Beans,2.27,1.61,161.0,Flat,Improved (RWR 2245),No,None,0.0,No,Maize,Low,Sufficient,No,No,7.3,Clay Soil,7.16,3.38,75.3,26.2,254.1,23.2,123.3,69.2,7.3,9.9,101.9,10.95
2021,Season A,October,Kamabuye,Maize,0.35,0.33,33.0,Flat,Local Variety,No,None,0.0,No,Beans,Low,Limited,Yes,Yes,20.4,Clay Soil,6.97,2.29,43.0,13.0,217.6,24.9,139.7,75.3,6.2,11.1,99.0,11.71
2024,Season A,September,Gashora,Rice,2.45,2.11,211.0,Hillside,Hybrid (Komboka),Yes,Mixed (Organic + Inorganic),2.77,No,Maize,Low,Adequate,No,No,10.3,Loam,6.53,2.18,51.5,27.6,186.3,22.2,66.8,71.5,8.2,10.5,125.2,24.97
2022,Season A,October,Rilima,Maize,1.97,1.95,195.0,Valley,Improved (WH507),No,None,0.0,No,Beans,Medium,Adequate,Yes,No,15.4,Sandy Soil,6.15,1.6,47.3,14.4,196.2,22.2,146.2,78.4,6.3,9.4,102.5,17.35
2022,Season B,March,Mwogo,Beans,2.99,2.67,267.0,Flat,Improved (RWR 2245),No,None,0.0,No,Beans,Medium,Sufficient,Yes,No,13.7,Sandy Soil,5.98,1.9,70.3,19.3,161.1,24.0,66.0,74.8,7.2,10.6,108.1,11.58
2022,Season A,September,Juru,Maize,2.59,2.27,227.0,Hillside,Local Variety,Yes,Mixed (Organic + Inorganic),0.46,Partial,Rice,Low,Adequate,Yes,No,6.0,Sandy Loam,6.86,2.59,48.7,16.6,169.5,22.3,90.2,72.2,7.6,10.9,106.7,16.77
2021,Season A,December,Rilima,Rice,0.15,0.14,14.0,Flat,Improved (IR64 / NERICA),No,None,0.0,Yes,Beans,Low,Sufficient,Yes,No,10.2,Sandy Soil,6.14,1.53,38.5,14.5,219.8,23.4,62.3,75.1,7.7,10.2,107.5,33.61
2021,Season A,December,Nyarugenge,Maize,2.42,2.11,211.0,Flat,Hybrid (H614D),No,None,0.0,No,Maize,High,Sufficient,Yes,Yes,9.3,Clay Soil,6.08,2.08,45.9,21.9,199.2,22.1,93.0,73.4,8.1,10.1,105.3,21.32
2021,Season A,January,Kamabuye,Beans,1.67,1.22,122.0,Flat,Local Variety,Yes,Inorganic (NPK),0.48,No,Beans,Medium,Sufficient,No,No,13.0,Clay Soil,7.13,2.23,33.4,19.4,211.1,23.1,60.8,75.7,7.0,11.8,123.0,7.03
2023,Season B,April,Shyara,Maize,1.91,1.26,126.0,Flat,Improved (WH507),No,None,0.0,No,Cassava,Medium,Adequate,Yes,No,9.1,Sandy Loam,6.01,2.56,52.3,19.2,270.3,23.2,147.1,81.0,7.0,8.9,91.3,17.28
2023,Season B,May,Musenyi,Maize,2.64,1.75,175.0,Flat,Improved (WH507),No,None,0.0,Partial,Fallow,Medium,Adequate,Yes,No,21.4,Loam,6.83,2.38,36.7,13.0,252.6,24.5,77.6,78.9,7.5,9.5,113.1,14.6
2024,Season A,September,Shyara,Rice,1.77,1.7,170.0,Valley,Hybrid (Komboka),Partial,Inorganic (NPK),0.21,Yes,Maize,High,Adequate,Yes,No,22.6,Sandy Loam,5.99,2.43,55.6,22.0,273.9,25.5,98.9,75.3,7.0,12.2,111.5,27.64
2024,Season B,April,Shyara,Maize,0.92,0.75,75.0,Valley,Local Variety,No,None,0.0,No,Fallow,Medium,Sufficient,Yes,No,7.8,Sandy Loam,6.08,2.31,59.4,18.0,275.3,24.2,124.4,69.5,6.7,8.9,119.5,11.74
2023,Season B,February,Musenyi,Beans,0.56,0.41,41.0,Hillside,Hybrid (MAC 44),Partial,Inorganic (NPK),0.52,No,Rice,Medium,Sufficient,No,Yes,9.2,Loam,7.04,2.1,34.9,18.3,259.9,23.9,96.6,78.4,8.2,8.7,111.8,8.84
2024,Season B,April,Mwogo,Maize,2.27,1.93,193.0,Hillside,Improved (WH507),No,None,0.0,No,Beans,Medium,Adequate,Yes,No,22.0,Sandy Soil,6.04,2.13,66.2,19.4,161.3,25.9,98.7,79.0,7.1,10.6,96.6,17.08
2024,Season A,September,Kamabuye,Beans,1.64,1.48,148.0,Valley,Local Variety,No,None,0.0,Partial,Cassava,Medium,Adequate,No,No,17.1,Clay Soil,7.18,2.37,43.6,18.6,206.0,22.4,107.9,78.6,7.6,12.2,97.8,6.74
2024,Season A,December,Nyamata,Rice,1.03,0.77,77.0,Valley,Hybrid (Komboka),No,None,0.0,Yes,Rice,Low,Limited,No,No,7.9,Clay Soil,7.08,3.41,77.7,22.5,266.2,23.0,85.3,78.5,7.8,9.5,106.2,21.47
2022,Season A,January,Shyara,Maize,1.04,0.85,85.0,Valley,Hybrid (H614D),No,None,0.0,No,Fallow,High,Sufficient,No,No,18.3,Sandy Loam,6.09,2.45,55.2,17.0,267.0,21.9,46.9,60.0,7.8,11.5,94.6,15.48
2022,Season B,June,Musenyi,Maize,1.08,0.65,65.0,Valley,Improved (WH507),Yes,Mixed (Organic + Inorganic),1.3,No,Rice,Low,Adequate,No,No,8.1,Loam,6.94,2.41,40.9,9.2,248.5,22.1,46.6,75.4,8.3,12.0,111.1,15.48
2022,Season A,September,Rilima,Maize,1.82,1.27,127.0,Valley,Improved (WH507),Yes,Mixed (Organic + Inorganic),2.15,Yes,Beans,Low,Limited,Yes,No,12.2,Sandy Soil,6.36,1.69,37.6,18.6,203.7,22.2,67.3,74.9,7.0,11.4,107.5,22.25
2024,Season A,December,Musenyi,Rice,1.55,0.93,93.0,Valley,Improved (IR64 / NERICA),Yes,Organic (Compost),0.0,No,Rice,Low,Adequate,Yes,Yes,25.0,Loam,6.98,2.33,41.7,10.7,263.4,21.7,61.0,77.7,7.3,11.3,124.6,25.82
2022,Season A,September,Musenyi,Rice,0.59,0.47,47.0,Valley,Improved (IR64 / NERICA),Yes,Inorganic (NPK),2.28,Partial,Maize,High,Limited,Yes,No,17.0,Loam,7.16,2.4,38.3,19.4,252.7,22.7,64.6,66.4,8.1,11.8,126.9,25.77
2020,Season B,February,Kamabuye,Maize,0.94,0.73,73.0,Hillside,Local Variety,Partial,Organic (Compost),0.18,No,Beans,Low,Adequate,No,No,12.9,Clay Soil,7.23,2.34,43.1,19.2,203.7,22.8,84.5,78.1,7.6,10.4,95.8,14.55
2023,Season B,June,Kamabuye,Maize,1.16,1.04,104.0,Hillside,Hybrid (H614D),Partial,Inorganic (NPK),0.66,No,Cassava,Low,Sufficient,No,No,11.2,Clay Soil,6.95,2.14,38.1,20.3,216.6,20.5,34.8,64.8,8.6,12.4,116.8,16.24
2022,Season B,June,Gashora,Maize,1.63,1.52,152.0,Flat,Improved (WH507),No,None,0.0,No,Beans,Medium,Limited,Yes,No,20.7,Loam,6.6,2.15,47.9,26.8,192.5,23.8,25.2,72.1,8.1,10.6,107.8,11.54
2021,Season A,December,Rilima,Maize,2.33,2.16,216.0,Hillside,Improved (WH507),Yes,Inorganic (NPK),0.63,No,Beans,Medium,Adequate,Yes,No,10.1,Sandy Soil,6.21,2.07,37.2,17.2,214.4,22.2,100.6,77.6,7.4,11.0,120.1,25.18
2023,Season A,November,Ntarama,Maize,0.61,0.59,59.0,Flat,Hybrid (H614D),Partial,Organic (Compost),0.15,No,Maize,Medium,Sufficient,No,Yes,10.7,Sandy Soil,7.18,2.65,61.3,8.8,262.3,25.1,65.3,78.3,7.6,11.0,94.2,19.36
2021,Season A,January,Rilima,Maize,0.28,0.2,20.0,Flat,Improved (WH507),No,None,0.0,No,Beans,Low,Adequate,Yes,No,20.6,Sandy Soil,5.86,1.52,42.0,17.0,216.2,22.4,91.1,68.0,8.6,10.9,105.3,21.68
2024,Season A,September,Kamabuye,Rice,1.76,1.43,143.0,Flat,Improved (IR64 / NERICA),Yes,Mixed (Organic + Inorganic),1.04,No,Beans,Low,Adequate,No,Yes,11.6,Clay Soil,6.95,2.58,43.5,20.4,193.5,22.6,64.7,74.7,7.1,11.0,126.8,31.31
2024,Season B,March,Mayange,Rice,0.87,0.78,78.0,Hillside,Improved (IR64 / NERICA),No,None,0.0,Yes,Maize,High,Sufficient,No,Yes,22.2,Sandy Loam,6.15,2.87,62.3,10.3,207.7,23.5,89.4,80.9,7.1,12.1,122.8,28.88
2020,Season A,November,Rilima,Beans,0.34,0.26,26.0,Flat,Hybrid (MAC 44),Partial,Inorganic (NPK),0.41,Partial,Rice,Medium,Limited,No,Yes,15.1,Sandy Soil,6.06,1.6,42.9,18.4,216.9,23.4,121.8,76.2,7.2,11.1,104.5,8.88
2021,Season B,February,Gashora,Maize,0.67,0.56,56.0,Hillside,Hybrid (H614D),No,None,0.0,No,Fallow,Low,Sufficient,No,No,8.6,Loam,6.46,1.87,53.0,27.2,185.1,21.7,87.3,67.9,7.3,12.4,108.8,23.75
2022,Season A,December,Ngeruka,Beans,0.64,0.39,39.0,Flat,Improved (RWR 2245),Partial,Organic (Compost),0.49,No,Beans,Low,Adequate,Yes,No,25.0,Loam,7.15,2.87,73.0,18.0,189.1,22.8,106.5,65.1,7.0,11.5,123.4,12.86
2022,Season A,November,Ntarama,Rice,0.92,0.85,85.0,Hillside,Hybrid (Komboka),Yes,Organic (Compost),0.0,Partial,Rice,Low,Limited,Yes,No,8.6,Sandy Soil,7.05,2.82,63.4,11.0,248.7,22.9,82.1,76.1,6.8,10.8,120.2,22.48
2024,Season B,March,Ntarama,Beans,1.21,0.88,88.0,Hillside,Hybrid (MAC 44),No,None,0.0,Partial,Maize,Medium,Limited,No,No,14.9,Sandy Soil,7.09,3.0,64.9,14.4,235.9,20.2,68.1,66.6,6.3,11.4,116.0,8.16
2020,Season A,January,Musenyi,Rice,2.87,2.28,228.0,Hillside,Hybrid (Komboka),Partial,Organic (Compost),0.7,No,Beans,High,Sufficient,Yes,No,19.0,Loam,7.03,2.26,37.9,13.6,239.8,23.7,62.0,71.3,7.1,11.6,108.4,20.42
2020,Season A,September,Mayange,Rice,2.02,1.94,194.0,Valley,Improved (IR64 / NERICA),Yes,Inorganic (NPK),2.62,Partial,Beans,Low,Adequate,Yes,No,18.2,Sandy Loam,5.81,2.69,67.7,12.6,200.3,22.1,90.7,81.1,7.8,11.0,96.9,43.31
2021,Season A,September,Mwogo,Maize,1.73,1.28,128.0,Flat,Improved (WH507),Partial,Inorganic (NPK),0.19,Partial,Fallow,Low,Sufficient,Yes,No,7.3,Sandy Soil,5.94,2.35,73.5,17.5,153.8,24.0,84.7,69.0,7.3,10.1,126.4,20.9
2021,Season B,May,Ntarama,Beans,0.68,0.57,57.0,Flat,Hybrid (MAC 44),Partial,Organic (Compost),0.32,Yes,Maize,Low,Sufficient,No,Yes,13.8,Sandy Soil,7.05,2.84,59.2,10.0,244.0,25.7,67.7,72.7,6.9,10.6,92.2,10.0
2020,Season B,May,Shyara,Maize,2.79,2.23,223.0,Hillside,Improved (WH507),No,None,0.0,No,Beans,Low,Sufficient,Yes,No,15.7,Sandy Loam,6.07,2.56,51.6,18.7,282.7,23.0,109.0,83.7,6.9,12.0,107.0,21.96
2024,Season A,January,Kamabuye,Rice,0.65,0.4,40.0,Flat,Hybrid (Komboka),No,None,0.0,No,Maize,Low,Sufficient,Yes,Yes,17.9,Clay Soil,7.09,2.24,36.0,18.7,200.6,19.8,56.3,73.4,8.4,11.7,107.7,20.39
2022,Season B,April,Mwogo,Maize,2.18,1.79,179.0,Flat,Local Variety,Yes,Organic (Compost),0.0,No,Maize,High,Limited,No,No,13.7,Sandy Soil,6.15,2.27,68.2,25.9,162.7,24.8,112.1,81.3,6.5,12.2,114.8,11.44
2023,Season B,June,Ngeruka,Beans,2.58,2.26,226.0,Hillside,Local Variety,Partial,Organic (Compost),0.64,Partial,Beans,Low,Adequate,Yes,No,21.9,Loam,6.89,2.61,70.1,15.9,198.2,20.9,28.4,75.8,8.8,14.6,125.8,6.14
2024,Season B,February,Shyara,Maize,0.23,0.16,16.0,Flat,Improved (WH507),No,None,0.0,No,Fallow,Medium,Adequate,No,Yes,5.2,Sandy Loam,5.99,2.15,56.4,20.7,270.8,25.0,44.2,66.0,7.4,11.4,126.3,12.79
2020,Season B,February,Gashora,Rice,2.61,2.02,202.0,Valley,Local Variety,No,None,0.0,No,Maize,Low,Sufficient,Yes,No,20.2,Loam,6.34,2.09,49.3,23.1,187.6,22.4,76.9,75.5,8.4,10.9,119.0,14.92
2023,Season A,January,Mwogo,Rice,1.63,1.53,153.0,Valley,Local Variety,Partial,Inorganic (NPK),0.61,No,Maize,Medium,Limited,No,No,11.9,Sandy Soil,6.02,1.9,70.7,20.4,157.3,23.8,67.7,73.8,9.0,9.9,103.4,17.07
2021,Season A,November,Mwogo,Maize,0.58,0.45,45.0,Flat,Improved (WH507),Yes,Inorganic (NPK),2.07,No,Cassava,Medium,Sufficient,Yes,No,16.8,Sandy Soil,6.03,2.2,65.7,22.3,174.7,23.1,116.8,82.4,7.2,11.3,110.8,22.94
2022,Season A,September,Kamabuye,Maize,0.45,0.4,40.0,Hillside,Improved (WH507),No,None,0.0,No,Maize,Low,Adequate,Yes,Yes,17.7,Clay Soil,6.95,2.27,39.7,20.0,216.3,25.2,66.4,78.5,7.4,11.1,122.7,14.93
2023,Season A,December,Kamabuye,Rice,0.45,0.27,27.0,Valley,Hybrid (Komboka),Partial,Inorganic (NPK),0.27,Yes,Maize,Low,Adequate,Yes,Yes,21.8,Clay Soil,7.15,2.25,41.1,19.2,202.1,21.4,61.2,81.7,7.4,11.2,97.9,22.23
2023,Season B,April,Nyarugenge,Maize,1.73,1.71,171.0,Hillside,Local Variety,No,None,0.0,No,Beans,Low,Sufficient,Yes,No,10.0,Clay Soil,6.23,2.21,39.5,24.9,184.7,25.1,135.4,72.9,7.0,8.6,100.4,13.17
2022,Season A,November,Kamabuye,Beans,0.98,0.77,77.0,Flat,Local Variety,Partial,Inorganic (NPK),0.58,Partial,Fallow,Low,Limited,No,No,14.4,Clay Soil,7.01,2.43,41.9,16.9,198.1,24.2,73.8,75.3,6.8,10.4,94.3,6.86
2024,Season A,September,Nyarugenge,Maize,1.87,1.5,150.0,Valley,Improved (WH507),No,None,0.0,Yes,Beans,Medium,Limited,Yes,No,20.2,Clay Soil,6.34,2.13,42.8,25.4,202.0,24.8,61.6,70.0,8.1,13.0,115.2,15.43
2023,Season B,March,Rilima,Rice,0.33,0.25,25.0,Flat,Hybrid (Komboka),No,None,0.0,No,Beans,Low,Adequate,Yes,No,22.3,Sandy Soil,6.09,1.51,42.2,14.4,218.4,21.4,77.2,73.7,7.2,10.7,126.3,19.52
2021,Season B,March,Kamabuye,Beans,1.2,0.88,88.0,Valley,Hybrid (MAC 44),No,None,0.0,Yes,Rice,High,Adequate,Yes,Yes,7.8,Clay Soil,7.11,2.17,39.2,22.1,216.0,24.8,65.4,71.8,7.7,10.4,105.1,7.73
2021,Season A,December,Juru,Maize,0.44,0.42,42.0,Flat,Improved (WH507),Partial,Organic (Compost),0.48,No,Cassava,Medium,Adequate,Yes,No,21.7,Sandy Loam,6.84,2.71,52.0,22.2,172.1,20.5,88.1,84.3,7.9,13.3,96.2,19.89
2022,Season A,October,Musenyi,Maize,0.65,0.59,59.0,Flat,Local Variety,Yes,Inorganic (NPK),1.32,No,Cassava,Low,Adequate,Yes,No,14.2,Loam,7.11,2.35,43.1,12.8,254.5,23.6,144.9,68.0,6.2,8.4,93.7,14.8
2023,Season A,September,Nyamata,Beans,2.08,1.74,174.0,Flat,Hybrid (MAC 44),Partial,Inorganic (NPK),0.69,No,Beans,Low,Adequate,Yes,Yes,21.0,Clay Soil,7.11,3.42,79.5,25.6,249.4,24.3,103.3,79.9,6.4,11.7,128.1,9.25
2021,Season B,April,Juru,Maize,1.2,1.14,114.0,Flat,Improved (WH507),Yes,Inorganic (NPK),1.13,No,Beans,Low,Adequate,No,No,9.8,Sandy Loam,6.83,2.41,51.4,27.5,166.0,22.3,104.3,78.1,6.8,9.3,113.5,21.88
2023,Season A,September,Gashora,Maize,0.22,0.21,21.0,Hillside,Improved (WH507),No,None,0.0,Yes,Cassava,Medium,Adequate,Yes,Yes,24.8,Loam,6.44,2.01,46.6,25.2,180.7,23.7,74.4,72.4,6.6,14.4,120.9,17.05
2022,Season B,April,Ruhuha,Beans,0.66,0.49,49.0,Valley,Local Variety,Yes,Mixed (Organic + Inorganic),0.4,Yes,Beans,High,Sufficient,No,No,24.1,Sandy Loam,7.08,2.41,60.2,20.2,177.3,21.1,92.0,76.4,6.6,10.3,118.2,6.97
2021,Season B,April,Rweru,Rice,2.73,2.42,242.0,Valley,Improved (IR64 / NERICA),Partial,Organic (Compost),0.19,No,Beans,Low,Adequate,Yes,No,14.0,Clay Soil,6.97,2.4,65.2,12.0,201.0,22.7,81.7,86.6,6.5,10.2,121.0,30.2
2021,Season A,November,Ruhuha,Beans,1.07,0.65,65.0,Valley,Hybrid (MAC 44),No,None,0.0,No,Fallow,Medium,Sufficient,Yes,No,18.8,Sandy Loam,7.01,2.86,61.2,20.0,182.8,22.1,95.0,71.9,7.1,12.9,89.8,9.88
2021,Season B,June,Nyamata,Rice,1.42,1.06,106.0,Flat,Local Variety,Yes,Inorganic (NPK),2.57,No,Beans,Low,Sufficient,Yes,Yes,13.9,Clay Soil,6.94,3.22,75.4,23.7,239.7,21.5,39.2,69.7,8.3,11.0,120.7,16.7
2020,Season B,March,Shyara,Rice,0.85,0.63,63.0,Hillside,Hybrid (Komboka),No,None,0.0,Partial,Maize,Low,Adequate,Yes,No,24.2,Sandy Loam,6.09,2.45,56.1,22.0,286.9,23.4,106.4,91.0,7.6,11.5,100.2,24.68
2020,Season A,October,Nyamata,Rice,0.81,0.49,49.0,Flat,Hybrid (Komboka),Yes,Organic (Compost),0.0,Yes,Rice,Medium,Sufficient,Yes,No,11.4,Clay Soil,6.88,3.04,76.3,25.8,253.1,22.1,66.8,84.5,6.8,10.6,99.3,20.57
2023,Season A,September,Rilima,Beans,1.68,1.05,105.0,Valley,Improved (RWR 2245),Yes,Inorganic (NPK),0.86,No,Maize,High,Sufficient,No,No,10.9,Sandy Soil,6.14,1.91,42.1,18.0,216.4,24.7,83.0,75.9,7.2,13.0,117.1,12.05
2022,Season A,September,Ruhuha,Beans,0.81,0.62,62.0,Flat,Hybrid (MAC 44),Yes,Inorganic (NPK),1.23,No,Beans,Low,Sufficient,Yes,No,24.8,Sandy Loam,6.99,2.41,63.4,18.4,180.6,23.0,49.4,72.0,7.2,11.0,113.2,11.14
2021,Season A,January,Ntarama,Rice,2.65,2.18,218.0,Flat,Improved (IR64 / NERICA),Partial,Organic (Compost),0.17,No,Beans,Low,Adequate,Yes,No,18.1,Sandy Soil,6.97,3.04,59.3,10.7,245.4,22.5,51.7,69.6,7.7,9.4,96.5,32.48
2020,Season B,February,Ntarama,Rice,1.9,1.74,174.0,Flat,Local Variety,Yes,Organic (Compost),0.0,Yes,Maize,Medium,Adequate,No,Yes,18.5,Sandy Soil,7.23,2.91,60.6,14.0,254.0,24.7,89.5,77.2,7.6,12.2,104.9,22.14
2020,Season B,June,Rweru,Beans,0.84,0.53,53.0,Flat,Improved (RWR 2245),Partial,Organic (Compost),0.61,Partial,Beans,Medium,Sufficient,Yes,No,10.3,Clay Soil,7.08,2.72,60.7,8.6,181.8,24.1,47.2,66.0,8.2,12.0,102.5,10.54
2020,Season B,February,Ruhuha,Beans,1.42,1.05,105.0,Flat,Improved (RWR 2245),Yes,Inorganic (NPK),0.34,Yes,Beans,High,Sufficient,No,No,24.6,Sandy Loam,7.07,2.36,61.4,18.9,169.4,22.4,75.2,64.6,8.0,12.3,96.9,12.41
2023,Season A,December,Musenyi,Maize,0.62,0.46,46.0,Flat,Improved (WH507),Partial,Inorganic (NPK),0.12,No,Maize,Low,Limited,No,No,14.9,Loam,7.27,2.36,44.7,15.0,266.3,23.1,65.0,70.3,7.1,11.3,119.6,15.14
2021,Season A,December,Nyamata,Maize,2.56,1.87,187.0,Flat,Local Variety,Partial,Organic (Compost),0.27,No,Maize,Medium,Adequate,Yes,No,22.5,Clay Soil,7.02,3.17,83.3,24.7,247.8,21.6,54.2,71.4,6.6,11.9,98.7,10.47
2020,Season A,September,Musenyi,Rice,1.21,0.83,83.0,Flat,Hybrid (Komboka),Yes,Mixed (Organic + Inorganic),2.66,No,Fallow,High,Adequate,No,No,15.1,Loam,7.2,2.14,43.6,14.7,258.3,23.8,56.5,69.8,6.1,10.6,113.6,20.01
2022,Season B,February,Juru,Rice,2.34,2.08,208.0,Hillside,Hybrid (Komboka),No,None,0.0,No,Beans,Medium,Sufficient,Yes,Yes,14.3,Sandy Loam,6.8,2.37,45.9,25.3,169.7,22.5,91.9,72.3,6.7,12.2,108.2,23.84
2022,Season B,May,Mayange,Rice,1.02,0.74,74.0,Valley,Hybrid (Komboka),Yes,Organic (Compost),0.0,Partial,Maize,Low,Adequate,Yes,No,8.6,Sandy Loam,5.94,2.69,58.9,14.2,206.8,22.7,96.4,72.4,6.7,10.4,90.1,24.79
2024,Season A,January,Ngeruka,Rice,2.55,1.94,194.0,Flat,Improved (IR64 / NERICA),Yes,Inorganic (NPK),0.49,Partial,Rice,High,Adequate,Yes,No,7.2,Loam,6.96,2.62,73.0,20.6,178.3,22.5,88.0,80.0,7.5,12.0,101.9,28.64
2024,Season A,January,Ngeruka,Maize,1.69,1.41,141.0,Flat,Local Variety,No,None,0.0,Partial,Fallow,Low,Limited,No,Yes,19.0,Loam,6.94,2.5,72.2,19.9,186.6,21.2,55.2,66.7,7.3,12.0,91.8,10.05
2023,Season B,May,Ruhuha,Beans,0.24,0.23,23.0,Hillside,Hybrid (MAC 44),Yes,Inorganic (NPK),1.42,No,Rice,Medium,Adequate,Yes,Yes,17.1,Sandy Loam,7.04,2.34,62.5,16.5,173.6,21.6,74.1,79.4,6.4,11.7,90.8,10.56
2022,Season A,September,Ntarama,Beans,1.76,1.54,154.0,Hillside,Local Variety,No,None,0.0,No,Beans,Medium,Limited,No,No,15.2,Sandy Soil,7.1,2.88,60.2,11.8,242.7,21.8,87.7,74.1,7.3,12.2,127.7,6.2
2023,Season A,October,Gashora,Rice,2.04,2.0,200.0,Valley,Hybrid (Komboka),Yes,Organic (Compost),0.0,No,Cassava,Low,Adequate,No,Yes,7.6,Loam,6.54,2.01,49.4,23.6,182.6,24.3,99.1,77.1,5.8,10.7,95.8,29.42
2023,Season B,February,Juru,Maize,0.61,0.39,39.0,Hillside,Local Variety,No,None,0.0,No,Rice,Medium,Adequate,Yes,Yes,11.5,Sandy Loam,6.79,2.76,48.0,24.5,174.6,23.9,96.9,74.8,7.5,10.2,114.2,13.31
2021,Season B,May,Ntarama,Beans,1.91,1.35,135.0,Hillside,Hybrid (MAC 44),Yes,Organic (Compost),0.0,No,Beans,Medium,Sufficient,No,Yes,5.5,Sandy Soil,7.05,2.96,60.5,8.4,237.9,22.6,78.6,75.2,7.2,9.0,88.8,10.31
2024,Season B,June,Mwogo,Maize,2.59,1.78,178.0,Flat,Local Variety,Yes,Mixed (Organic + Inorganic),0.82,No,Fallow,Medium,Limited,Yes,No,13.7,Sandy Soil,6.05,2.16,68.9,23.6,168.4,22.5,41.8,62.6,8.1,13.3,119.3,11.38
2020,Season A,November,Ruhuha,Maize,2.48,1.83,183.0,Valley,Improved (WH507),No,None,0.0,No,Beans,Low,Adequate,No,Yes,5.4,Sandy Loam,7.03,2.33,57.8,17.9,179.3,25.3,117.9,73.5,7.9,9.9,105.7,18.78
2022,Season A,November,Nyamata,Beans,0.36,0.27,27.0,Hillside,Hybrid (MAC 44),No,None,0.0,No,Fallow,Low,Limited,Yes,Yes,16.9,Clay Soil,7.19,2.77,76.3,26.5,259.7,23.3,82.3,76.7,7.9,12.2,118.4,9.49
2022,Season B,February,Ruhuha,Maize,0.63,0.4,40.0,Hillside,Local Variety,No,None,0.0,No,Cassava,Low,Limited,No,No,18.0,Sandy Loam,6.92,2.49,61.0,16.7,178.4,24.9,61.6,76.0,7.2,10.3,95.1,10.61
2020,Season A,September,Mwogo,Rice,0.47,0.41,41.0,Valley,Hybrid (Komboka),Yes,Inorganic (NPK),2.64,Partial,Rice,Medium,Adequate,Yes,Yes,13.0,Sandy Soil,6.01,1.9,74.1,20.4,171.9,24.4,107.3,71.4,6.9,11.8,122.0,31.21
2024,Season B,April,Mareba,Rice,2.13,2.11,211.0,Flat,Improved (IR64 / NERICA),No,None,0.0,No,Fallow,Low,Sufficient,No,No,13.3,Sandy Loam,7.13,3.14,60.4,12.0,240.0,24.8,100.4,71.6,7.4,10.0,100.1,30.31
2022,Season A,October,Juru,Maize,1.52,1.26,126.0,Hillside,Local Variety,Partial,Inorganic (NPK),0.21,Partial,Cassava,Low,Limited,Yes,No,8.5,Sandy Loam,7.0,2.74,51.7,21.6,183.0,23.2,98.6,90.2,6.5,10.1,102.6,14.45
2020,Season B,March,Musenyi,Rice,1.95,1.73,173.0,Hillside,Improved (IR64 / NERICA),No,None,0.0,No,Maize,Low,Limited,Yes,Yes,24.5,Loam,7.21,2.41,39.5,12.2,257.3,23.3,78.1,74.4,7.7,8.6,102.6,27.3
2024,Season B,February,Ruhuha,Beans,1.6,1.12,112.0,Hillside,Hybrid (MAC 44),Yes,Mixed (Organic + Inorganic),0.54,No,Cassava,High,Adequate,Yes,No,24.8,Sandy Loam,6.91,2.43,64.9,18.6,200.6,21.9,98.7,70.0,7.1,9.7,121.7,9.22
2023,Season B,April,Rweru,Beans,0.95,0.59,59.0,Hillside,Improved (RWR 2245),No,None,0.0,No,Beans,Low,Limited,Yes,No,18.1,Clay Soil,7.23,2.41,66.0,13.8,182.7,22.5,125.3,71.8,6.3,10.9,113.5,10.13
2020,Season B,April,Shyara,Maize,1.31,1.02,102.0,Flat,Hybrid (H614D),Yes,Organic (Compost),0.0,No,Rice,Low,Adequate,No,Yes,23.2,Sandy Loam,6.06,2.17,56.0,17.9,277.2,24.5,119.6,69.5,7.0,9.2,108.5,29.66
2020,Season B,March,Ruhuha,Rice,0.22,0.21,21.0,Valley,Improved (IR64 / NERICA),No,None,0.0,No,Rice,High,Limited,Yes,No,11.4,Sandy Loam,7.09,2.53,57.9,14.8,188.0,24.5,124.4,73.7,7.6,9.2,115.7,22.77
2021,Season A,September,Juru,Beans,1.89,1.59,159.0,Flat,Improved (RWR 2245),No,None,0.0,No,Beans,Medium,Adequate,Yes,No,14.7,Sandy Loam,6.82,2.84,48.0,26.1,179.3,22.8,94.1,68.9,7.3,11.0,130.9,12.13
2020,Season B,May,Juru,Rice,0.94,0.69,69.0,Valley,Improved (IR64 / NERICA),Yes,Organic (Compost),0.0,No,Beans,Low,Adequate,Yes,No,16.6,Sandy Loam,6.91,2.38,42.6,24.0,186.7,24.5,106.9,82.0,6.6,10.4,117.4,40.65
2024,Season B,February,Ntarama,Rice,2.52,1.62,162.0,Valley,Local Variety,No,None,0.0,No,Rice,Medium,Limited,No,No,5.6,Sandy Soil,7.03,2.93,59.3,12.3,256.8,21.5,50.8,70.0,7.8,11.6,94.6,13.04
2022,Season A,November,Nyamata,Maize,2.57,1.77,177.0,Flat,Improved (WH507),Partial,Inorganic (NPK),0.76,No,Maize,Low,Limited,No,No,5.1,Clay Soil,7.19,3.1,76.8,24.5,262.3,23.1,136.5,73.0,6.8,10.6,98.2,15.66
2020,Season B,February,Mayange,Beans,0.49,0.34,34.0,Valley,Hybrid (MAC 44),Yes,Inorganic (NPK),0.45,Partial,Rice,Low,Adequate,Yes,No,21.8,Sandy Loam,6.02,3.01,61.6,10.9,198.5,23.0,46.6,83.4,7.9,12.0,122.1,8.72
2020,Season A,December,Rilima,Rice,1.59,1.28,128.0,Flat,Hybrid (Komboka),No,None,0.0,Yes,Beans,Medium,Adequate,Yes,Yes,13.2,Sandy Soil,6.24,1.88,40.9,13.5,194.5,23.2,57.4,78.4,7.5,10.7,116.5,24.78
2024,Season B,May,Rilima,Maize,1.28,1.25,125.0,Hillside,Improved (WH507),Yes,Organic (Compost),0.0,No,Beans,Medium,Limited,No,No,21.5,Sandy Soil,6.28,1.74,43.8,17.6,194.4,22.5,86.3,73.6,6.9,11.2,106.8,20.97
2024,Season A,November,Musenyi,Beans,1.58,1.36,136.0,Flat,Local Variety,No,None,0.0,No,Maize,Low,Adequate,No,Yes,19.7,Loam,7.13,2.29,44.5,16.5,254.6,23.0,104.9,79.4,7.2,11.4,117.9,6.35
2022,Season A,January,Nyarugenge,Rice,1.14,0.76,76.0,Valley,Improved (IR64 / NERICA),Yes,Organic (Compost),0.0,Yes,Maize,Medium,Adequate,No,Yes,6.8,Clay Soil,6.09,2.06,36.0,23.8,196.4,23.3,59.0,71.1,8.6,10.3,101.0,31.36
2024,Season B,March,Kamabuye,Maize,0.65,0.51,51.0,Hillside,Local Variety,No,None,0.0,Yes,Maize,Low,Adequate,Yes,Yes,9.4,Clay Soil,7.06,2.3,42.3,19.9,201.5,23.0,90.8,79.7,7.1,10.9,109.1,12.45
2021,Season B,March,Shyara,Maize,2.52,1.86,186.0,Valley,Improved (WH507),No,None,0.0,No,Cassava,Medium,Sufficient,Yes,Yes,16.7,Sandy Loam,6.05,2.09,59.3,25.5,271.5,22.6,66.2,79.1,6.6,11.0,115.7,15.5
2020,Season B,April,Juru,Maize,1.57,1.3,130.0,Hillside,Improved (WH507),No,None,0.0,No,Rice,Medium,Sufficient,Yes,Yes,22.3,Sandy Loam,6.88,2.59,45.3,22.9,176.9,24.6,127.5,81.6,6.2,9.2,107.0,16.3
2022,Season B,February,Mayange,Rice,2.59,1.6,160.0,Valley,Improved (IR64 / NERICA),No,None,0.0,No,Rice,Medium,Adequate,No,No,5.2,Sandy Loam,6.05,2.89,70.3,14.1,208.2,23.3,81.7,68.2,7.7,11.1,109.0,27.89
2022,Season A,December,Ruhuha,Beans,0.53,0.35,35.0,Hillside,Local Variety,No,None,0.0,No,Rice,High,Sufficient,Yes,Yes,9.7,Sandy Loam,7.18,2.56,62.3,13.9,184.2,23.1,108.1,71.9,8.4,11.5,106.9,5.42
2021,Season B,May,Musenyi,Maize,0.25,0.16,16.0,Flat,Improved (WH507),Yes,Inorganic (NPK),2.07,No,Maize,High,Adequate,Yes,Yes,17.8,Loam,7.13,2.73,37.1,12.7,256.5,23.6,107.9,68.7,7.6,9.7,116.1,16.84
2020,Season A,January,Ruhuha,Beans,0.47,0.4,40.0,Flat,Improved (RWR 2245),Partial,Inorganic (NPK),0.25,Yes,Rice,High,Sufficient,Yes,Yes,24.1,Sandy Loam,7.04,2.67,61.0,15.1,177.4,20.4,90.2,73.7,8.0,11.3,117.3,13.23
2023,Season A,November,Nyamata,Rice,0.42,0.28,28.0,Flat,Improved (IR64 / NERICA),No,None,0.0,Yes,Fallow,Low,Adequate,No,No,16.7,Clay Soil,7.0,3.36,72.7,24.4,254.9,23.2,86.8,76.3,6.1,10.4,90.5,34.97
2021,Season A,November,Gashora,Rice,0.83,0.53,53.0,Valley,Local Variety,Partial,Inorganic (NPK),0.36,Yes,Rice,Medium,Limited,Yes,No,24.5,Loam,6.4,2.23,51.0,23.3,199.9,22.9,101.0,75.0,8.3,11.9,95.9,21.18
2024,Season A,January,Juru,Rice,2.45,1.76,176.0,Flat,Hybrid (Komboka),Partial,Organic (Compost),0.15,Yes,Beans,Low,Sufficient,Yes,No,16.8,Sandy Loam,6.99,2.45,46.4,25.0,162.1,22.0,44.3,60.4,7.2,11.7,96.5,23.2
2023,Season B,May,Nyarugenge,Rice,1.42,1.03,103.0,Flat,Local Variety,No,None,0.0,No,Cassava,Low,Sufficient,Yes,No,8.6,Clay Soil,6.13,2.29,41.1,21.9,196.6,23.5,84.9,79.1,7.6,10.8,112.3,18.3
2021,Season B,April,Juru,Maize,2.53,1.74,174.0,Flat,Hybrid (H614D),No,None,0.0,Yes,Fallow,Low,Sufficient,No,Yes,13.9,Sandy Loam,6.98,2.87,48.4,20.0,180.5,23.0,136.8,78.2,6.9,10.0,100.1,22.28
2020,Season B,March,Mareba,Beans,2.78,2.27,227.0,Flat,Local Variety,No,None,0.0,No,Beans,High,Sufficient,No,Yes,9.9,Sandy Loam,7.07,2.76,63.2,12.6,238.6,24.9,107.6,66.7,8.2,10.8,119.0,4.83
2020,Season A,October,Mwogo,Rice,1.6,0.99,99.0,Valley,Local Variety,No,None,0.0,Partial,Rice,Low,Adequate,No,Yes,22.2,Sandy Soil,5.95,2.13,60.7,19.4,172.3,25.4,88.8,76.8,6.0,10.8,87.4,21.76
2022,Season A,November,Rilima,Rice,1.3,1.03,103.0,Valley,Hybrid (Komboka),Yes,Mixed (Organic + Inorganic),1.33,No,Maize,Low,Limited,No,Yes,23.7,Sandy Soil,6.0,1.83,43.2,18.5,212.6,22.6,100.6,77.1,7.1,10.7,106.4,26.03
2024,Season A,September,Ruhuha,Maize,0.41,0.25,25.0,Hillside,Improved (WH507),Yes,Organic (Compost),0.0,No,Maize,Low,Adequate,No,No,18.0,Sandy Loam,7.01,2.61,59.4,21.4,169.6,23.3,54.6,80.5,7.4,12.3,117.9,17.9
2023,Season A,October,Ntarama,Rice,1.31,1.3,130.0,Valley,Improved (IR64 / NERICA),Yes,Inorganic (NPK),2.57,No,Maize,Low,Limited,Yes,Yes,23.1,Sandy Soil,7.02,2.81,61.0,10.6,242.0,24.5,120.9,83.2,6.8,10.0,101.8,35.84
2024,Season B,March,Nyamata,Rice,2.86,2.78,278.0,Flat,Improved (IR64 / NERICA),Yes,Inorganic (NPK),0.52,No,Rice,Medium,Sufficient,Yes,No,21.1,Clay Soil,7.12,3.1,79.8,24.0,251.4,22.8,85.5,72.4,7.5,11.2,107.8,27.33
2022,Season B,March,Nyamata,Rice,2.81,1.84,184.0,Flat,Hybrid (Komboka),Partial,Organic (Compost),0.46,No,Beans,Medium,Adequate,Yes,Yes,8.5,Clay Soil,7.14,3.1,71.2,25.7,251.6,23.1,88.0,77.7,7.5,12.1,104.7,25.88
2023,Season B,June,Mayange,Rice,1.43,1.06,106.0,Flat,Local Variety,No,None,0.0,No,Beans,Low,Adequate,No,No,14.9,Sandy Loam,5.96,2.77,61.2,11.3,191.8,24.4,40.0,68.8,8.3,12.8,105.4,14.81
2020,Season A,September,Nyamata,Maize,0.73,0.48,48.0,Flat,Improved (WH507),Partial,Organic (Compost),0.56,No,Maize,Medium,Adequate,No,Yes,5.1,Clay Soil,7.17,3.44,74.6,25.4,250.7,22.2,102.3,76.9,7.4,10.6,117.7,17.45
2021,Season A,November,Shyara,Maize,1.47,1.19,119.0,Flat,Local Variety,Yes,Organic (Compost),0.0,No,Rice,Low,Adequate,Yes,No,14.9,Sandy Loam,6.1,2.41,60.5,22.8,262.2,22.0,142.5,70.4,7.0,10.0,117.8,16.92
2023,Season A,January,Mareba,Rice,0.8,0.56,56.0,Flat,Improved (IR64 / NERICA),No,None,0.0,No,Maize,Medium,Limited,Yes,Yes,9.3,Sandy Loam,7.18,3.17,63.6,10.7,241.5,22.3,58.5,69.9,7.9,10.8,109.7,22.77
2023,Season B,April,Shyara,Beans,1.24,0.98,98.0,Valley,Hybrid (MAC 44),Yes,Organic (Compost),0.0,No,Fallow,Low,Sufficient,Yes,No,12.4,Sandy Loam,6.01,2.04,52.8,20.8,261.9,22.9,147.6,83.5,6.5,8.6,114.1,10.25
2021,Season B,February,Ngeruka,Beans,0.88,0.6,60.0,Flat,Hybrid (MAC 44),Partial,Inorganic (NPK),0.68,Partial,Beans,Low,Sufficient,Yes,Yes,9.4,Loam,6.99,2.68,71.2,19.8,188.0,23.5,67.2,62.6,7.3,12.6,121.4,10.01
2023,Season A,January,Musenyi,Beans,1.18,0.73,73.0,Hillside,Improved (RWR 2245),Yes,Inorganic (NPK),0.72,Partial,Maize,Medium,Adequate,Yes,No,5.7,Loam,7.28,2.44,40.0,12.7,259.4,23.8,54.3,80.2,8.6,13.1,109.1,15.09
2022,Season B,May,Rilima,Rice,1.44,1.12,112.0,Flat,Improved (IR64 / NERICA),Partial,Inorganic (NPK),0.8,No,Beans,Low,Limited,No,Yes,12.3,Sandy Soil,6.18,1.75,39.0,13.7,218.6,21.8,78.7,74.7,7.2,12.1,108.9,30.93
2024,Season B,May,Mayange,Beans,1.54,1.31,131.0,Valley,Improved (RWR 2245),No,None,0.0,No,Maize,Low,Adequate,Yes,No,5.9,Sandy Loam,6.12,2.52,62.9,14.3,209.2,24.5,70.1,69.2,7.2,10.7,90.7,11.73
2022,Season A,September,Juru,Rice,2.58,2.53,253.0,Valley,Hybrid (Komboka),Partial,Inorganic (NPK),0.21,No,Beans,High,Adequate,Yes,No,11.8,Sandy Loam,7.05,2.3,47.8,24.2,172.2,23.0,94.3,74.6,6.7,11.3,99.4,24.98
2021,Season A,September,Mareba,Rice,0.68,0.5,50.0,Flat,Improved (IR64 / NERICA),No,None,0.0,Yes,Rice,Medium,Sufficient,Yes,No,5.6,Sandy Loam,7.16,3.11,59.4,10.7,235.3,24.1,54.0,72.3,6.2,11.7,98.7,28.65
2022,Season A,October,Gashora,Maize,2.84,2.69,269.0,Valley,Local Variety,No,None,0.0,No,Maize,Medium,Limited,No,No,21.5,Loam,6.4,2.1,51.0,25.7,190.5,22.3,152.8,76.6,6.4,10.0,88.6,11.11
2024,Season B,March,Shyara,Maize,2.79,2.1,210.0,Valley,Local Variety,Yes,Organic (Compost),0.0,Yes,Maize,Low,Adequate,No,Yes,22.9,Sandy Loam,6.26,2.17,51.3,21.9,260.6,22.7,110.5,79.6,7.6,10.0,114.1,15.19
2021,Season A,December,Mayange,Rice,2.09,1.75,175.0,Flat,Hybrid (Komboka),No,None,0.0,No,Maize,Low,Limited,No,No,22.7,Sandy Loam,6.04,2.61,65.8,16.1,198.0,23.0,116.1,75.0,6.9,10.8,105.3,27.52
2020,Season A,December,Rilima,Beans,2.27,1.48,148.0,Valley,Local Variety,No,None,0.0,No,Beans,High,Sufficient,No,No,16.6,Sandy Soil,6.01,1.67,42.1,17.4,207.2,21.8,58.4,79.0,8.1,12.5,110.6,5.36
2020,Season A,September,Ngeruka,Maize,1.64,1.56,156.0,Flat,Hybrid (H614D),No,None,0.0,Yes,Maize,High,Adequate,Yes,No,22.6,Loam,6.9,2.82,75.6,21.6,186.4,22.9,88.7,78.2,6.8,12.7,129.5,22.0
2021,Season A,November,Ruhuha,Maize,0.4,0.37,37.0,Hillside,Hybrid (H614D),Yes,Inorganic (NPK),0.71,No,Beans,Low,Adequate,No,No,19.9,Sandy Loam,6.91,2.27,53.6,18.3,192.2,24.2,78.0,80.4,7.7,10.4,116.5,29.06
2021,Season A,September,Mareba,Maize,2.85,1.74,174.0,Valley,Improved (WH507),No,None,0.0,No,Maize,High,Sufficient,No,Yes,9.7,Sandy Loam,7.17,2.97,59.0,11.8,213.2,22.0,70.1,74.9,6.6,12.6,98.4,12.73
2020,Season A,November,Rweru,Maize,0.19,0.14,14.0,Flat,Improved (WH507),Partial,Inorganic (NPK),0.28,No,Beans,Low,Adequate,No,Yes,23.7,Clay Soil,7.05,2.41,64.5,11.0,195.6,21.7,93.2,84.9,6.9,10.6,90.6,19.04
2024,Season B,February,Gashora,Maize,1.33,1.33,133.0,Hillside,Local Variety,Yes,Mixed (Organic + Inorganic),1.46,Yes,Beans,High,Adequate,Yes,No,5.7,Loam,6.54,1.63,50.5,23.4,179.6,21.9,72.9,64.4,8.2,10.5,122.5,16.45
2020,Season A,December,Musenyi,Maize,0.56,0.35,35.0,Valley,Improved (WH507),Yes,Mixed (Organic + Inorganic),1.06,Yes,Maize,High,Adequate,No,No,8.2,Loam,6.85,2.62,44.3,17.5,257.1,21.8,104.5,82.4,8.4,11.4,105.6,18.55
2020,Season B,May,Gashora,Maize,2.33,1.99,199.0,Flat,Local Variety,No,None,0.0,No,Cassava,High,Limited,No,Yes,15.0,Loam,6.54,2.35,46.3,23.0,193.7,21.1,99.2,81.2,7.4,11.5,119.5,9.47
2020,Season A,October,Gashora,Maize,2.28,1.75,175.0,Flat,Improved (WH507),No,None,0.0,No,Rice,Medium,Adequate,Yes,No,11.6,Loam,6.43,2.08,54.7,23.8,200.7,22.9,78.2,85.8,6.7,10.1,93.6,17.38
2023,Season B,February,Shyara,Maize,0.78,0.5,50.0,Flat,Improved (WH507),No,None,0.0,Partial,Maize,Medium,Adequate,Yes,Yes,17.8,Sandy Loam,6.24,2.2,53.5,20.4,263.5,23.2,53.4,70.2,7.2,9.1,102.1,14.69
2021,Season B,February,Kamabuye,Rice,0.67,0.56,56.0,Flat,Local Variety,No,None,0.0,Yes,Beans,High,Limited,Yes,No,11.2,Clay Soil,7.23,2.22,44.2,21.2,212.6,22.4,45.6,75.7,8.0,10.5,110.6,13.64
2022,Season B,March,Shyara,Maize,2.13,1.35,135.0,Hillside,Local Variety,Yes,Organic (Compost),0.0,Partial,Beans,Low,Adequate,No,Yes,21.7,Sandy Loam,6.2,2.11,59.0,24.7,267.5,22.0,112.8,82.6,7.0,8.9,111.9,17.49
2022,Season A,December,Musenyi,Maize,2.04,1.7,170.0,Flat,Local Variety,No,None,0.0,Partial,Beans,Medium,Adequate,No,Yes,5.4,Loam,7.2,2.74,41.4,15.1,243.0,24.1,84.6,71.7,6.9,12.3,102.7,13.45
2022,Season A,September,Ngeruka,Beans,1.65,1.0,100.0,Flat,Hybrid (MAC 44),Yes,Mixed (Organic + Inorganic),0.72,Partial,Cassava,Medium,Sufficient,Yes,No,5.5,Loam,6.96,2.65,75.2,24.6,182.9,23.9,69.5,70.8,7.3,11.3,101.4,11.94
2024,Season A,January,Ruhuha,Maize,1.68,1.07,107.0,Hillside,Local Variety,No,None,0.0,No,Maize,Medium,Adequate,Yes,No,23.7,Sandy Loam,7.2,2.63,63.5,19.8,201.3,22.7,71.1,61.2,7.9,10.4,94.4,11.65
2023,Season B,February,Kamabuye,Beans,0.4,0.32,32.0,Flat,Local Variety,No,None,0.0,Partial,Maize,High,Adequate,Yes,No,10.9,Clay Soil,7.1,2.28,47.8,19.7,202.5,24.2,58.3,74.6,7.7,12.5,99.7,5.08
2023,Season A,September,Kamabuye,Maize,1.03,0.69,69.0,Flat,Hybrid (H614D),No,None,0.0,No,Beans,Low,Adequate,No,Yes,20.1,Clay Soil,7.16,2.1,39.3,18.9,213.9,24.0,51.4,76.9,7.4,12.9,125.9,19.87
2020,Season B,March,Ntarama,Beans,0.24,0.15,15.0,Hillside,Local Variety,Partial,Inorganic (NPK),0.27,Yes,Maize,Medium,Adequate,No,Yes,18.4,Sandy Soil,6.99,3.07,58.8,11.2,240.8,21.4,108.8,73.3,6.9,10.1,128.8,7.55
2022,Season A,December,Juru,Maize,2.96,1.92,192.0,Flat,Hybrid (H614D),No,None,0.0,Yes,Beans,Low,Adequate,Yes,No,12.9,Sandy Loam,6.93,2.61,48.4,23.2,172.6,23.9,83.6,66.3,7.8,9.3,110.1,25.52
2021,Season A,September,Gashora,Rice,2.78,1.85,185.0,Hillside,Hybrid (Komboka),Yes,Mixed (Organic + Inorganic),2.48,Partial,Beans,Low,Limited,Yes,No,7.6,Loam,6.36,2.02,47.2,26.0,187.3,25.3,107.3,72.8,7.4,11.9,108.7,36.4
2024,Season B,March,Gashora,Maize,1.57,1.53,153.0,Hillside,Hybrid (H614D),Yes,Mixed (Organic + Inorganic),1.41,Yes,Fallow,Medium,Limited,No,No,13.8,Loam,6.6,2.24,45.3,24.1,186.3,21.8,108.2,77.8,7.5,9.9,102.9,26.83
2020,Season B,June,Shyara,Maize,0.89,0.58,58.0,Flat,Improved (WH507),Partial,Organic (Compost),0.45,No,Maize,Medium,Sufficient,Yes,No,22.5,Sandy Loam,6.11,2.42,58.4,18.2,283.3,24.5,33.1,75.3,8.0,11.4,129.6,11.91
2021,Season B,February,Ngeruka,Beans,1.48,1.33,133.0,Valley,Improved (RWR 2245),No,None,0.0,Yes,Rice,Medium,Limited,Yes,No,11.2,Loam,6.97,2.61,72.8,21.0,219.4,22.2,68.0,75.2,7.4,11.4,108.5,13.28
2024,Season A,January,Mareba,Maize,0.76,0.74,74.0,Flat,Improved (WH507),Partial,Organic (Compost),0.49,No,Maize,Low,Limited,Yes,Yes,20.3,Sandy Loam,7.08,3.21,60.4,10.5,226.5,21.3,67.0,70.3,7.5,10.5,105.0,15.52
2020,Season B,March,Mareba,Maize,2.19,2.14,214.0,Hillside,Improved (WH507),No,None,0.0,No,Maize,Low,Adequate,Yes,Yes,5.4,Sandy Loam,7.1,3.18,62.5,13.3,233.8,22.5,111.9,76.4,7.0,11.3,111.5,15.98
2023,Season A,December,Juru,Beans,2.57,1.73,173.0,Valley,Hybrid (MAC 44),Partial,Inorganic (NPK),0.23,No,Beans,Medium,Adequate,Yes,No,8.5,Sandy Loam,6.98,2.8,48.4,25.4,179.6,23.2,93.6,72.6,8.9,11.1,102.3,10.83
2024,Season A,November,Gashora,Rice,2.19,1.92,192.0,Valley,Local Variety,No,None,0.0,No,Maize,Medium,Adequate,Yes,Yes,16.4,Loam,6.71,2.02,48.2,26.8,190.9,24.3,109.6,69.1,7.4,11.2,89.3,20.34
2023,Season B,April,Ngeruka,Rice,1.91,1.54,154.0,Valley,Improved (IR64 / NERICA),Yes,Organic (Compost),0.0,No,Maize,Medium,Adequate,Yes,Yes,24.8,Loam,6.77,2.79,75.6,17.7,192.7,23.3,69.7,78.9,6.3,11.0,116.7,25.59
2024,Season B,May,Kamabuye,Maize,1.22,0.88,88.0,Valley,Improved (WH507),Yes,Inorganic (NPK),1.63,No,Beans,Low,Adequate,Yes,Yes,18.8,Clay Soil,7.01,2.39,40.0,21.2,216.6,24.5,66.0,84.1,6.6,13.4,114.7,18.27
2021,Season A,November,Kamabuye,Beans,1.08,0.68,68.0,Hillside,Improved (RWR 2245),Partial,Organic (Compost),0.36,Partial,Fallow,Low,Adequate,No,Yes,9.2,Clay Soil,7.17,2.1,34.4,19.6,215.2,21.9,123.0,77.4,7.0,11.6,90.1,13.8
2024,Season B,April,Shyara,Rice,0.3,0.29,29.0,Valley,Hybrid (Komboka),Yes,Organic (Compost),0.0,No,Fallow,Low,Limited,No,Yes,10.2,Sandy Loam,6.15,2.19,52.6,17.9,269.3,24.7,138.1,82.1,7.7,12.7,111.9,27.96
2023,Season B,May,Mayange,Rice,2.44,2.1,210.0,Valley,Hybrid (Komboka),Yes,Inorganic (NPK),0.92,Partial,Maize,High,Limited,No,No,23.9,Sandy Loam,6.12,2.89,62.6,10.4,189.5,23.4,55.7,80.0,6.0,11.1,113.6,17.7
2022,Season B,February,Juru,Rice,2.21,1.77,177.0,Valley,Improved (IR64 / NERICA),Partial,Organic (Compost),0.17,No,Maize,Medium,Adequate,Yes,Yes,18.6,Sandy Loam,6.96,2.96,47.7,24.4,167.7,21.8,90.8,76.4,6.7,10.9,103.4,28.42
2022,Season B,June,Mayange,Maize,1.0,0.83,83.0,Flat,Improved (WH507),No,None,0.0,No,Cassava,High,Adequate,Yes,No,17.5,Sandy Loam,5.88,2.72,65.2,12.5,203.3,21.9,29.0,68.4,8.4,13.8,112.4,11.83
2020,Season A,December,Ntarama,Maize,0.83,0.61,61.0,Flat,Local Variety,No,None,0.0,No,Beans,High,Adequate,Yes,No,22.6,Sandy Soil,6.93,2.84,61.1,11.3,240.5,21.6,60.0,73.9,7.0,11.9,107.4,10.81
2020,Season A,September,Nyarugenge,Maize,1.24,0.93,93.0,Hillside,Improved (WH507),Yes,Organic (Compost),0.0,Yes,Rice,Low,Adequate,Yes,No,19.2,Clay Soil,6.22,2.15,42.3,19.3,203.9,23.3,93.0,75.7,7.8,11.2,120.9,24.92
2020,Season A,January,Ruhuha,Maize,0.83,0.53,53.0,Flat,Local Variety,No,None,0.0,No,Fallow,Low,Limited,Yes,No,13.1,Sandy Loam,7.0,2.3,59.4,14.7,189.4,21.9,56.5,67.6,7.6,12.1,95.8,10.12
2022,Season A,November,Gashora,Rice,1.34,1.19,119.0,Valley,Improved (IR64 / NERICA),No,None,0.0,No,Maize,High,Limited,Yes,Yes,23.3,Loam,6.39,1.82,44.3,24.2,193.3,21.2,130.1,70.8,6.5,9.3,105.5,26.52
2023,Season A,September,Musenyi,Rice,1.63,1.59,159.0,Valley,Improved (IR64 / NERICA),No,None,0.0,Yes,Rice,Low,Limited,Yes,No,20.7,Loam,7.11,2.39,38.1,10.1,247.6,23.7,78.8,84.2,6.5,10.6,117.2,30.05
2022,Season B,February,Rweru,Beans,2.85,2.19,219.0,Valley,Hybrid (MAC 44),Yes,Inorganic (NPK),0.75,Yes,Maize,Low,Sufficient,Yes,No,20.6,Clay Soil,7.02,2.57,60.8,13.1,180.1,23.7,53.9,71.9,7.7,12.3,104.4,10.56
2023,Season A,December,Ruhuha,Maize,0.23,0.19,19.0,Valley,Local Variety,Yes,Mixed (Organic + Inorganic),2.06,Yes,Beans,Low,Adequate,Yes,No,21.5,Sandy Loam,6.92,2.41,58.0,24.6,192.3,22.0,111.1,73.1,7.8,10.4,119.8,19.15
2022,Season B,May,Gashora,Rice,0.39,0.29,29.0,Flat,Improved (IR64 / NERICA),Yes,Organic (Compost),0.0,No,Beans,Low,Sufficient,No,Yes,5.8,Loam,6.5,2.0,54.2,24.8,187.9,22.9,65.2,72.8,7.1,10.7,117.7,31.67
2024,Season A,December,Rweru,Maize,0.17,0.15,15.0,Flat,Hybrid (H614D),Yes,Organic (Compost),0.0,Partial,Cassava,Low,Adequate,No,No,21.3,Clay Soil,6.86,2.52,67.4,13.6,191.3,23.4,101.7,71.5,7.4,11.2,123.9,29.76
2024,Season B,February,Ntarama,Beans,1.96,1.22,122.0,Hillside,Local Variety,Yes,Organic (Compost),0.0,No,Beans,Low,Adequate,Yes,No,15.2,Sandy Soil,7.09,2.77,62.9,11.0,246.5,22.7,45.2,73.8,7.4,10.1,106.2,5.83
2020,Season A,December,Mwogo,Rice,0.35,0.32,32.0,Hillside,Hybrid (Komboka),No,None,0.0,Partial,Beans,Low,Adequate,No,Yes,15.4,Sandy Soil,6.04,1.91,68.2,20.0,158.9,20.4,93.4,70.6,7.9,10.8,115.7,27.24
2021,Season B,March,Gashora,Beans,0.71,0.64,64.0,Flat,Hybrid (MAC 44),Partial,Inorganic (NPK),0.74,No,Rice,High,Adequate,Yes,Yes,16.3,Loam,6.66,2.03,53.6,28.2,189.2,23.4,106.7,69.5,6.6,10.1,121.3,7.98
2020,Season B,March,Nyarugenge,Beans,0.84,0.75,75.0,Valley,Local Variety,Yes,Mixed (Organic + Inorganic),1.05,No,Beans,High,Sufficient,No,No,15.9,Clay Soil,6.18,2.5,37.5,24.3,207.7,22.9,73.1,82.6,7.3,11.3,104.7,6.38
2024,Season B,February,Ntarama,Rice,1.88,1.69,169.0,Valley,Hybrid (Komboka),Partial,Inorganic (NPK),0.61,No,Maize,Low,Limited,No,No,6.1,Sandy Soil,7.01,2.9,63.3,12.4,239.4,22.2,73.6,74.7,7.2,12.1,119.2,17.65
2020,Season A,January,Ngeruka,Maize,0.22,0.14,14.0,Hillside,Hybrid (H614D),Yes,Inorganic (NPK),2.4,No,Maize,Low,Adequate,No,No,8.7,Loam,7.03,2.56,75.9,22.4,191.3,23.8,53.6,75.6,8.1,12.5,104.2,21.25
2021,Season A,January,Nyamata,Rice,0.34,0.21,21.0,Flat,Hybrid (Komboka),No,None,0.0,No,Beans,Low,Adequate,No,No,20.1,Clay Soil,7.37,3.13,75.0,25.6,260.5,21.3,83.3,73.4,7.7,11.2,118.8,21.58
2021,Season B,March,Rweru,Maize,1.36,0.84,84.0,Valley,Improved (WH507),Yes,Inorganic (NPK),2.16,No,Rice,High,Adequate,No,Yes,24.0,Clay Soil,7.04,2.6,63.1,13.0,202.4,23.2,76.7,77.7,8.2,9.4,97.7,16.15
2024,Season A,December,Mayange,Maize,1.72,1.4,140.0,Flat,Local Variety,No,None,0.0,No,Beans,Low,Adequate,No,No,24.5,Sandy Loam,5.97,2.76,65.9,13.6,200.1,22.7,110.7,75.1,8.0,11.8,95.4,15.84
2024,Season A,November,Nyamata,Rice,2.26,1.82,182.0,Valley,Improved (IR64 / NERICA),No,None,0.0,No,Rice,High,Adequate,Yes,No,10.9,Clay Soil,7.04,3.36,73.4,24.4,247.2,22.1,119.8,71.1,7.0,10.3,100.1,28.58
2024,Season A,October,Musenyi,Rice,0.17,0.11,11.0,Flat,Local Variety,Yes,Mixed (Organic + Inorganic),1.19,No,Cassava,Low,Limited,No,No,20.2,Loam,7.28,2.5,45.2,13.3,255.8,24.2,94.8,81.8,6.3,11.2,113.2,20.58
2022,Season A,January,Ruhuha,Maize,1.0,0.65,65.0,Valley,Improved (WH507),Yes,Organic (Compost),0.0,No,Beans,Medium,Adequate,No,No,10.4,Sandy Loam,7.03,2.45,59.8,18.7,181.6,23.1,61.6,66.3,8.1,10.3,110.1,20.36
2024,Season A,December,Nyamata,Rice,1.3,0.84,84.0,Valley,Hybrid (Komboka),No,None,0.0,No,Beans,High,Limited,No,Yes,7.7,Clay Soil,7.16,3.06,74.3,26.4,260.2,20.4,58.1,67.1,6.5,11.0,113.1,16.67
2024,Season A,October,Rilima,Rice,0.19,0.15,15.0,Valley,Improved (IR64 / NERICA),Partial,Inorganic (NPK),0.24,Yes,Maize,Low,Limited,No,No,15.1,Sandy Soil,6.12,1.66,42.2,13.1,217.3,23.3,134.7,81.5,6.1,9.2,102.2,37.27
2022,Season B,March,Shyara,Maize,0.94,0.7,70.0,Hillside,Improved (WH507),No,None,0.0,No,Beans,High,Sufficient,Yes,No,19.0,Sandy Loam,6.03,2.07,56.4,20.4,261.0,22.2,72.3,74.8,5.8,11.2,112.2,14.59
2022,Season A,November,Mayange,Rice,0.46,0.37,37.0,Flat,Hybrid (Komboka),No,None,0.0,Yes,Maize,Medium,Adequate,No,Yes,19.4,Sandy Loam,6.1,2.83,66.7,12.6,194.8,23.7,106.7,73.7,7.2,9.6,111.0,29.43
2022,Season B,May,Ngeruka,Beans,2.17,1.54,154.0,Hillside,Hybrid (MAC 44),Partial,Inorganic (NPK),0.18,No,Beans,Medium,Sufficient,No,Yes,10.6,Loam,7.07,2.81,73.8,22.1,205.3,24.3,77.6,88.1,6.3,9.9,111.7,9.01
2024,Season B,March,Mwogo,Beans,2.42,2.42,242.0,Valley,Hybrid (MAC 44),Yes,Inorganic (NPK),1.15,No,Beans,Low,Adequate,No,No,24.5,Sandy Soil,6.05,2.09,69.8,20.8,177.0,23.0,104.7,73.4,7.3,10.9,112.7,10.14
2024,Season A,October,Nyarugenge,Rice,0.67,0.58,58.0,Valley,Hybrid (Komboka),No,None,0.0,No,Maize,High,Limited,Yes,Yes,20.5,Clay Soil,6.25,2.09,36.6,23.2,202.0,21.4,127.2,76.6,6.1,11.5,105.2,21.72
2023,Season A,January,Ntarama,Beans,0.28,0.25,25.0,Flat,Improved (RWR 2245),Yes,Organic (Compost),0.0,No,Beans,Low,Sufficient,No,No,14.7,Sandy Soil,7.08,2.85,63.6,14.0,239.6,22.1,52.2,64.6,7.4,11.3,113.9,12.91
2021,Season B,March,Ntarama,Beans,0.51,0.41,41.0,Hillside,Local Variety,Yes,Organic (Compost),0.0,No,Maize,Low,Limited,No,No,14.7,Sandy Soil,6.98,2.65,62.2,10.3,242.8,21.4,131.8,73.0,6.0,11.0,104.0,6.76
2023,Season B,April,Rweru,Rice,1.82,1.55,155.0,Flat,Hybrid (Komboka),Yes,Inorganic (NPK),1.27,Yes,Maize,Low,Adequate,Yes,No,22.5,Clay Soil,7.06,2.43,65.8,9.7,183.3,22.4,135.2,71.6,7.2,11.4,112.6,27.41
2021,Season B,June,Mwogo,Maize,1.88,1.19,119.0,Valley,Improved (WH507),Partial,Inorganic (NPK),0.68,Yes,Maize,Medium,Limited,Yes,No,16.6,Sandy Soil,5.97,2.14,65.6,19.5,159.4,24.3,28.0,63.0,7.9,12.9,133.1,13.53
2022,Season B,April,Rweru,Maize,0.73,0.63,63.0,Flat,Hybrid (H614D),No,None,0.0,No,Maize,Low,Sufficient,Yes,No,20.0,Clay Soil,7.02,2.58,66.1,12.4,192.3,23.6,76.9,86.1,7.3,11.9,113.7,19.13
2020,Season B,June,Mayange,Maize,1.81,1.4,140.0,Hillside,Hybrid (H614D),Partial,Organic (Compost),0.38,No,Rice,Medium,Sufficient,No,No,19.5,Sandy Loam,6.12,2.7,68.1,12.2,193.9,22.2,23.9,70.2,8.0,12.1,115.4,17.94
2024,Season A,October,Nyamata,Maize,0.5,0.45,45.0,Flat,Improved (WH507),Yes,Mixed (Organic + Inorganic),0.4,Yes,Beans,Medium,Adequate,No,No,19.0,Clay Soil,7.07,3.17,75.1,24.3,246.3,25.9,102.2,83.3,6.6,10.0,110.6,20.44
2022,Season B,March,Nyarugenge,Maize,2.25,1.46,146.0,Hillside,Hybrid (H614D),Yes,Mixed (Organic + Inorganic),2.49,Yes,Rice,Low,Sufficient,Yes,No,9.1,Clay Soil,6.16,1.92,37.5,19.2,180.2,23.0,127.2,86.5,6.5,10.6,114.2,35.0
2022,Season A,November,Rilima,Beans,1.15,0.7,70.0,Flat,Improved (RWR 2245),Partial,Organic (Compost),0.45,No,Beans,High,Limited,No,No,24.6,Sandy Soil,6.19,1.85,44.7,15.1,208.7,25.6,119.3,71.8,7.1,11.4,115.8,9.09
2021,Season A,January,Nyamata,Maize,2.71,2.01,201.0,Flat,Local Variety,Yes,Organic (Compost),0.0,No,Rice,Low,Sufficient,Yes,No,8.4,Clay Soil,7.25,2.95,77.9,24.0,256.3,23.2,51.0,74.1,8.4,12.8,109.5,12.45
2023,Season A,November,Nyamata,Maize,2.77,2.38,238.0,Flat,Hybrid (H614D),Yes,Organic (Compost),0.0,No,Maize,Low,Limited,No,No,15.5,Clay Soil,7.09,3.24,80.5,23.9,260.9,21.5,127.8,75.1,7.7,10.7,94.6,22.02
2021,Season A,December,Shyara,Maize,0.83,0.78,78.0,Flat,Improved (WH507),Yes,Organic (Compost),0.0,No,Beans,Medium,Sufficient,Yes,No,14.7,Sandy Loam,6.24,2.31,54.1,20.9,263.0,23.1,82.4,78.5,8.4,10.4,110.5,22.0
2021,Season B,June,Kamabuye,Rice,0.78,0.72,72.0,Flat,Hybrid (Komboka),No,None,0.0,Yes,Beans,Low,Limited,No,No,8.1,Clay Soil,7.1,2.06,40.3,17.8,183.1,23.8,48.7,75.9,8.0,12.3,123.9,18.59
2024,Season A,December,Rilima,Rice,1.14,0.97,97.0,Valley,Improved (IR64 / NERICA),No,None,0.0,No,Beans,Medium,Adequate,No,No,9.3,Sandy Soil,6.13,1.89,47.7,15.4,218.6,22.5,64.5,77.0,7.3,11.1,112.3,30.05
2024,Season B,April,Rweru,Rice,2.87,2.05,205.0,Flat,Improved (IR64 / NERICA),No,None,0.0,No,Maize,Low,Adequate,No,Yes,19.4,Clay Soil,6.9,2.56,62.5,11.5,187.1,25.1,82.6,80.1,7.9,11.2,92.5,30.87
2023,Season A,December,Musenyi,Rice,2.83,2.79,279.0,Flat,Improved (IR64 / NERICA),No,None,0.0,Partial,Beans,Low,Limited,Yes,Yes,8.9,Loam,7.1,2.48,38.8,15.0,244.0,24.3,77.0,73.6,7.6,10.9,112.6,27.41
2024,Season B,June,Nyamata,Beans,2.38,2.11,211.0,Flat,Local Variety,Yes,Mixed (Organic + Inorganic),1.15,Yes,Maize,Medium,Adequate,Yes,No,12.4,Clay Soil,7.14,3.04,75.3,24.5,244.0,21.3,45.9,68.5,8.0,13.1,127.5,6.63
2020,Season A,November,Musenyi,Maize,2.15,1.38,138.0,Hillside,Local Variety,No,None,0.0,Yes,Maize,High,Sufficient,No,No,15.6,Loam,7.05,2.55,42.9,9.3,271.3,21.1,64.0,74.6,7.1,8.9,106.4,9.72
2024,Season B,June,Mareba,Maize,1.86,1.35,135.0,Hillside,Improved (WH507),Partial,Inorganic (NPK),0.63,Yes,Cassava,Low,Adequate,Yes,Yes,18.7,Sandy Loam,7.18,3.04,64.4,10.0,227.5,22.7,46.3,69.0,8.1,12.0,116.0,16.51
2023,Season A,November,Rweru,Beans,1.37,0.9,90.0,Flat,Local Variety,No,None,0.0,No,Rice,Medium,Adequate,No,No,10.5,Clay Soil,6.98,2.43,65.6,15.0,190.6,24.6,106.3,73.1,7.2,10.1,113.9,6.39
2021,Season A,January,Musenyi,Maize,2.38,2.05,205.0,Flat,Local Variety,No,None,0.0,No,Maize,High,Adequate,Yes,Yes,21.8,Loam,6.99,2.38,40.9,13.5,255.9,25.7,86.1,77.8,7.8,10.5,102.9,9.74
2021,Season B,May,Ruhuha,Maize,1.74,1.05,105.0,Valley,Improved (WH507),Partial,Organic (Compost),0.19,No,Beans,Low,Adequate,Yes,Yes,11.4,Sandy Loam,7.08,2.56,64.4,19.8,201.5,22.8,52.4,75.9,6.3,11.5,97.1,15.44
2021,Season B,April,Nyarugenge,Maize,1.22,1.12,112.0,Flat,Hybrid (H614D),No,None,0.0,No,Fallow,Medium,Sufficient,Yes,Yes,24.4,Clay Soil,6.09,2.19,38.8,24.1,191.2,22.2,73.4,79.5,5.9,8.9,100.1,20.24
2021,Season A,October,Mareba,Beans,2.6,2.46,246.0,Hillside,Improved (RWR 2245),No,None,0.0,No,Beans,High,Sufficient,No,No,8.3,Sandy Loam,7.18,2.82,58.2,9.4,236.1,24.5,79.1,85.0,6.6,10.0,94.1,10.49
2020,Season B,May,Rweru,Rice,0.92,0.9,90.0,Valley,Improved (IR64 / NERICA),No,None,0.0,No,Beans,Medium,Adequate,No,Yes,20.0,Clay Soil,7.01,2.79,66.4,13.6,190.1,21.7,56.9,71.7,6.4,10.6,112.7,23.91
2022,Season B,May,Mwogo,Maize,1.94,1.44,144.0,Hillside,Improved (WH507),No,None,0.0,No,Maize,Low,Adequate,Yes,Yes,11.3,Sandy Soil,5.9,2.0,65.0,20.9,165.8,26.2,105.1,75.3,6.7,10.2,115.5,18.15
2023,Season B,March,Mayange,Maize,1.17,0.78,78.0,Valley,Improved (WH507),Partial,Inorganic (NPK),0.79,No,Rice,Low,Adequate,Yes,No,15.1,Sandy Loam,6.08,2.88,66.5,11.8,202.6,22.1,124.7,67.0,6.9,10.6,104.3,18.92
2023,Season A,December,Kamabuye,Beans,2.66,1.79,179.0,Valley,Local Variety,Yes,Organic (Compost),0.0,No,Cassava,Medium,Adequate,No,Yes,18.8,Clay Soil,7.14,2.35,42.8,18.4,200.0,21.6,85.0,78.9,7.9,11.9,120.4,7.68
2021,Season B,February,Ruhuha,Rice,1.83,1.14,114.0,Valley,Improved (IR64 / NERICA),Partial,Organic (Compost),0.51,No,Rice,Medium,Limited,No,No,16.3,Sandy Loam,7.07,2.45,62.4,16.0,203.3,24.1,85.1,77.7,8.3,11.6,98.3,28.34
2021,Season B,February,Mareba,Beans,2.56,2.55,255.0,Flat,Hybrid (MAC 44),Yes,Organic (Compost),0.0,Yes,Beans,Low,Adequate,Yes,No,22.2,Sandy Loam,7.27,2.85,65.9,9.6,228.9,24.0,67.0,80.9,8.2,11.1,110.3,10.69
2024,Season A,October,Kamabuye,Rice,1.2,0.91,91.0,Valley,Improved (IR64 / NERICA),Partial,Organic (Compost),0.25,No,Maize,Low,Sufficient,Yes,No,9.0,Clay Soil,7.22,2.24,39.9,17.6,196.7,23.2,66.7,76.5,5.7,9.8,114.7,30.98
2023,Season B,March,Nyamata,Maize,2.93,2.04,204.0,Hillside,Local Variety,Partial,Inorganic (NPK),0.61,No,Rice,Medium,Limited,Yes,Yes,18.0,Clay Soil,7.25,3.33,75.9,24.2,251.8,25.6,62.2,81.0,6.9,9.2,111.1,11.87
2024,Season A,November,Juru,Maize,0.26,0.23,23.0,Valley,Local Variety,Yes,Organic (Compost),0.0,No,Cassava,High,Limited,No,No,8.4,Sandy Loam,6.95,2.6,50.6,22.7,181.7,22.4,110.5,74.5,7.6,10.6,119.3,11.82
2024,Season A,October,Rweru,Beans,0.14,0.11,11.0,Valley,Hybrid (MAC 44),Partial,Organic (Compost),0.75,Partial,Maize,Low,Adequate,No,No,22.6,Clay Soil,7.1,2.62,63.8,11.8,186.9,25.0,148.3,79.7,6.7,10.0,99.6,9.21
2023,Season B,April,Ruhuha,Maize,1.32,1.23,123.0,Valley,Hybrid (H614D),No,None,0.0,Partial,Cassava,Low,Adequate,No,No,16.6,Sandy Loam,6.96,2.19,59.9,21.6,189.3,25.0,85.1,79.5,6.2,10.2,109.1,20.54
2022,Season B,May,Shyara,Rice,0.27,0.26,26.0,Flat,Improved (IR64 / NERICA),Yes,Inorganic (NPK),0.44,No,Beans,Medium,Sufficient,Yes,Yes,6.2,Sandy Loam,6.21,2.53,58.2,22.6,257.3,22.7,69.4,80.1,7.4,9.6,100.4,29.4
2021,Season B,February,Rilima,Beans,0.29,0.26,26.0,Flat,Improved (RWR 2245),Yes,Organic (Compost),0.0,No,Cassava,Low,Sufficient,No,No,5.5,Sandy Soil,6.18,1.77,42.6,18.3,210.2,22.7,74.4,64.7,7.3,12.4,108.0,14.27
2021,Season A,January,Rweru,Beans,2.54,1.71,171.0,Hillside,Improved (RWR 2245),Yes,Mixed (Organic + Inorganic),0.92,Yes,Maize,Medium,Sufficient,Yes,No,9.8,Clay Soil,7.05,2.52,62.5,13.5,197.6,21.5,86.8,65.6,8.8,11.3,123.4,17.17
2022,Season B,April,Musenyi,Rice,2.9,1.76,176.0,Valley,Hybrid (Komboka),Partial,Inorganic (NPK),0.39,No,Beans,High,Adequate,No,No,10.7,Loam,7.26,2.38,40.1,16.1,247.0,24.0,112.1,82.1,7.4,10.0,98.0,23.45
2021,Season B,April,Juru,Maize,2.36,1.97,197.0,Hillside,Hybrid (H614D),Yes,Mixed (Organic + Inorganic),0.95,No,Rice,Low,Sufficient,Yes,No,23.7,Sandy Loam,6.89,2.54,50.0,22.9,180.3,21.3,136.3,84.4,7.3,11.2,112.2,28.74
2021,Season B,June,Rweru,Rice,2.83,2.01,201.0,Valley,Local Variety,No,None,0.0,No,Beans,Medium,Adequate,No,No,21.7,Clay Soil,7.01,2.69,70.0,14.1,190.7,21.8,41.5,75.9,8.5,11.5,110.6,12.7
2022,Season B,April,Rweru,Maize,2.04,1.78,178.0,Flat,Hybrid (H614D),Yes,Mixed (Organic + Inorganic),0.67,Yes,Maize,High,Sufficient,Yes,No,17.9,Clay Soil,6.86,2.5,68.8,13.2,201.2,24.7,104.2,66.8,6.4,9.8,106.9,23.7
2022,Season A,December,Musenyi,Maize,1.3,0.9,90.0,Flat,Improved (WH507),Yes,Organic (Compost),0.0,No,Beans,Low,Adequate,No,Yes,20.9,Loam,7.07,2.6,45.6,12.0,240.0,20.1,87.8,75.5,8.3,12.1,116.0,20.39
2024,Season B,May,Rilima,Rice,0.32,0.27,27.0,Flat,Hybrid (Komboka),Yes,Mixed (Organic + Inorganic),2.21,No,Rice,Low,Adequate,Yes,No,10.3,Sandy Soil,6.01,1.78,43.0,16.4,210.4,23.0,54.5,80.9,6.6,9.8,115.9,23.07
2023,Season A,October,Juru,Rice,2.82,2.39,239.0,Valley,Hybrid (Komboka),Partial,Organic (Compost),0.28,No,Beans,Low,Sufficient,No,No,15.9,Sandy Loam,7.09,2.49,50.3,23.2,170.0,22.7,122.2,81.7,5.8,10.9,94.3,28.77
2023,Season A,December,Nyamata,Rice,0.34,0.24,24.0,Flat,Hybrid (Komboka),Partial,Inorganic (NPK),0.51,No,Beans,Medium,Adequate,Yes,No,24.0,Clay Soil,7.32,3.21,78.8,22.1,243.9,23.0,82.4,78.7,8.2,11.0,99.8,27.5
2020,Season A,October,Ntarama,Maize,0.55,0.54,54.0,Hillside,Local Variety,Yes,Mixed (Organic + Inorganic),1.84,No,Maize,Low,Sufficient,Yes,No,24.2,Sandy Soil,6.94,2.83,67.0,10.0,245.1,25.1,82.6,78.3,6.2,10.1,109.6,17.51
2023,Season A,December,Nyamata,Maize,0.59,0.47,47.0,Hillside,Improved (WH507),Yes,Inorganic (NPK),2.43,No,Maize,Low,Adequate,Yes,Yes,23.1,Clay Soil,7.19,3.41,79.3,23.6,254.1,22.4,82.4,72.0,7.2,10.4,99.2,22.63
2024,Season A,September,Nyarugenge,Maize,1.92,1.56,156.0,Flat,Improved (WH507),Yes,Inorganic (NPK),0.45,Partial,Beans,Medium,Adequate,No,Yes,9.5,Clay Soil,6.32,2.22,38.3,18.6,201.8,24.4,50.8,81.6,6.8,10.3,130.7,18.0
2023,Season B,April,Mayange,Maize,1.25,1.02,102.0,Flat,Local Variety,Yes,Inorganic (NPK),2.45,Partial,Beans,Low,Adequate,No,Yes,23.5,Sandy Loam,5.92,2.91,64.7,15.8,207.7,21.0,150.8,76.9,6.8,10.4,103.0,16.38
2023,Season B,May,Mareba,Rice,0.78,0.66,66.0,Valley,Hybrid (Komboka),No,None,0.0,No,Fallow,Low,Adequate,No,No,19.5,Sandy Loam,7.17,3.01,61.8,9.6,229.9,22.9,101.1,77.9,7.1,12.1,114.0,21.76
2020,Season A,January,Mareba,Rice,0.24,0.21,21.0,Valley,Local Variety,Partial,Inorganic (NPK),0.56,No,Maize,High,Adequate,Yes,No,20.0,Sandy Loam,7.04,3.18,67.9,13.1,248.3,21.7,87.4,68.2,8.0,11.9,114.8,18.08
2020,Season B,April,Gashora,Beans,0.81,0.68,68.0,Valley,Local Variety,No,None,0.0,Yes,Beans,Medium,Limited,Yes,No,22.8,Loam,6.46,2.16,50.1,22.2,185.7,22.6,150.8,78.0,6.3,10.2,121.2,6.01
2023,Season A,September,Nyarugenge,Beans,0.85,0.68,68.0,Hillside,Local Variety,No,None,0.0,Partial,Beans,High,Sufficient,Yes,Yes,13.7,Clay Soil,6.09,2.37,36.7,24.6,206.1,24.6,59.2,75.3,7.3,10.8,105.3,5.11
2022,Season B,April,Mwogo,Beans,0.49,0.45,45.0,Hillside,Improved (RWR 2245),No,None,0.0,No,Beans,Low,Adequate,Yes,No,10.1,Sandy Soil,6.06,1.93,64.8,19.9,171.4,25.5,72.4,78.1,6.2,10.4,107.2,11.49
2023,Season B,April,Kamabuye,Rice,2.29,1.46,146.0,Valley,Hybrid (Komboka),Yes,Mixed (Organic + Inorganic),1.25,No,Maize,Low,Adequate,No,No,14.8,Clay Soil,7.18,2.78,42.9,21.4,204.3,24.5,68.6,83.1,7.4,10.9,109.0,22.9
2022,Season B,June,Nyarugenge,Rice,1.17,0.97,97.0,Valley,Hybrid (Komboka),Yes,Inorganic (NPK),1.43,Partial,Rice,Low,Adequate,No,No,7.2,Clay Soil,6.31,2.53,35.0,21.0,197.7,22.0,26.6,64.6,8.1,13.1,120.9,21.03
2022,Season A,November,Gashora,Rice,1.05,0.79,79.0,Hillside,Improved (IR64 / NERICA),Yes,Mixed (Organic + Inorganic),0.73,No,Maize,Medium,Sufficient,Yes,No,14.0,Loam,6.36,2.15,50.1,26.8,183.1,24.0,122.0,83.5,7.0,11.8,91.8,38.54
2023,Season A,September,Mayange,Maize,1.37,0.95,95.0,Flat,Local Variety,Partial,Inorganic (NPK),0.37,No,Beans,Low,Sufficient,Yes,Yes,23.8,Sandy Loam,5.88,3.08,66.9,12.0,212.8,23.0,60.2,77.8,7.5,11.8,100.8,15.44
2023,Season B,March,Mayange,Rice,1.65,1.43,143.0,Flat,Improved (IR64 / NERICA),No,None,0.0,Yes,Cassava,High,Limited,No,Yes,7.3,Sandy Loam,6.22,2.65,68.0,12.4,202.3,22.7,66.9,63.7,7.2,10.8,99.4,20.57
2022,Season B,May,Mwogo,Beans,0.64,0.41,41.0,Valley,Hybrid (MAC 44),Partial,Organic (Compost),0.77,Partial,Rice,Medium,Adequate,No,No,7.5,Sandy Soil,6.04,1.96,69.7,20.7,176.0,25.5,78.5,76.3,6.8,11.7,111.2,9.34
2021,Season B,February,Ntarama,Maize,1.05,0.9,90.0,Flat,Improved (WH507),No,None,0.0,No,Beans,Low,Adequate,No,No,6.8,Sandy Soil,7.21,2.94,63.1,9.6,234.4,22.8,49.3,67.5,7.1,10.6,114.5,15.6
2024,Season B,June,Juru,Maize,2.0,1.42,142.0,Hillside,Improved (WH507),No,None,0.0,No,Beans,Low,Adequate,No,No,24.4,Sandy Loam,6.95,2.5,49.0,23.9,188.4,21.8,41.3,66.8,8.1,11.2,126.0,12.56
2021,Season B,March,Gashora,Rice,0.73,0.65,65.0,Flat,Improved (IR64 / NERICA),Partial,Organic (Compost),0.33,No,Fallow,Low,Sufficient,No,Yes,7.9,Loam,6.45,2.05,49.6,23.6,181.3,24.9,85.7,80.7,7.0,10.4,107.7,31.43
2021,Season B,March,Nyarugenge,Maize,2.92,2.9,290.0,Flat,Hybrid (H614D),No,None,0.0,No,Beans,Medium,Adequate,No,Yes,7.5,Clay Soil,6.33,2.62,36.9,19.3,200.9,23.2,70.4,76.2,7.2,10.4,106.5,21.54
2021,Season A,December,Ruhuha,Beans,0.24,0.18,18.0,Valley,Local Variety,Yes,Organic (Compost),0.0,Yes,Maize,Low,Sufficient,Yes,No,5.0,Sandy Loam,7.15,2.3,58.0,18.7,187.5,23.1,59.7,66.2,7.5,11.6,98.9,7.38
2022,Season B,June,Mwogo,Rice,0.4,0.25,25.0,Hillside,Hybrid (Komboka),Partial,Inorganic (NPK),0.38,No,Maize,Low,Sufficient,Yes,Yes,11.4,Sandy Soil,6.18,2.13,73.1,21.0,175.2,22.6,38.1,65.3,8.4,10.6,128.6,21.23
2021,Season B,May,Shyara,Maize,0.53,0.52,52.0,Hillside,Local Variety,Partial,Inorganic (NPK),0.66,Partial,Beans,Low,Adequate,Yes,No,18.5,Sandy Loam,6.01,2.3,53.5,22.1,253.7,21.3,50.7,80.0,6.7,10.2,115.4,12.34
2022,Season A,January,Mayange,Maize,1.46,0.93,93.0,Valley,Hybrid (H614D),Yes,Mixed (Organic + Inorganic),2.17,Yes,Cassava,High,Limited,No,No,6.5,Sandy Loam,6.02,2.8,64.4,14.5,206.7,23.4,69.6,77.8,7.9,11.2,103.0,23.53
2020,Season B,March,Musenyi,Maize,1.46,0.99,99.0,Flat,Improved (WH507),Yes,Inorganic (NPK),1.27,No,Rice,Medium,Adequate,Yes,Yes,21.3,Loam,7.03,2.35,40.2,11.2,259.2,21.4,86.5,69.1,7.3,11.3,97.7,19.67
2021,Season A,September,Ngeruka,Maize,2.53,2.53,253.0,Valley,Hybrid (H614D),No,None,0.0,No,Beans,Low,Sufficient,Yes,No,15.1,Loam,7.18,2.65,73.4,19.4,192.8,22.3,81.8,69.8,8.1,13.0,115.6,25.36
2023,Season A,September,Nyamata,Rice,2.24,1.46,146.0,Valley,Hybrid (Komboka),No,None,0.0,No,Cassava,Medium,Sufficient,Yes,Yes,15.3,Clay Soil,7.16,3.43,75.6,23.3,234.5,25.4,57.9,73.5,7.1,12.2,130.8,22.4
2023,Season A,January,Nyarugenge,Beans,1.0,0.91,91.0,Flat,Local Variety,Yes,Mixed (Organic + Inorganic),0.55,No,Maize,High,Adequate,Yes,No,15.4,Clay Soil,6.25,2.19,38.4,20.5,185.8,21.3,59.0,78.8,7.8,10.4,105.3,6.78
2022,Season A,September,Mareba,Rice,2.4,2.09,209.0,Flat,Local Variety,Yes,Inorganic (NPK),1.79,Partial,Beans,Low,Limited,Yes,No,24.9,Sandy Loam,7.0,2.83,59.6,13.1,231.8,23.7,80.4,75.5,7.8,11.2,108.5,21.61
2023,Season A,November,Kamabuye,Maize,2.86,2.38,238.0,Flat,Local Variety,Yes,Mixed (Organic + Inorganic),1.09,No,Beans,Low,Limited,Yes,No,9.4,Clay Soil,7.26,2.32,38.3,16.3,205.5,23.7,84.3,77.1,7.1,11.2,103.0,16.67
2020,Season A,November,Kamabuye,Rice,2.8,2.52,252.0,Valley,Hybrid (Komboka),Yes,Inorganic (NPK),2.28,No,Cassava,Low,Sufficient,Yes,No,14.3,Clay Soil,7.05,2.61,45.5,19.1,203.5,25.6,129.6,73.3,7.3,11.7,119.4,32.66
2022,Season A,November,Juru,Maize,1.91,1.51,151.0,Flat,Improved (WH507),Partial,Organic (Compost),0.52,No,Beans,Low,Adequate,No,Yes,7.1,Sandy Loam,6.9,2.79,50.1,25.7,186.9,23.7,86.9,81.3,7.5,9.7,119.4,21.96
2022,Season B,June,Kamabuye,Rice,1.72,1.23,123.0,Hillside,Local Variety,No,None,0.0,No,Fallow,High,Limited,No,Yes,9.4,Clay Soil,7.02,2.58,38.2,16.5,212.8,21.9,26.9,69.6,8.5,13.3,121.2,11.05
2021,Season B,February,Musenyi,Rice,2.61,2.61,261.0,Valley,Improved (IR64 / NERICA),No,None,0.0,No,Beans,Medium,Sufficient,No,No,18.7,Loam,6.92,2.45,40.2,13.1,252.8,22.6,85.5,73.5,7.1,11.1,115.6,26.55
2020,Season A,November,Juru,Maize,2.82,2.78,278.0,Hillside,Hybrid (H614D),No,None,0.0,No,Cassava,Medium,Sufficient,Yes,No,6.2,Sandy Loam,6.98,2.65,46.0,24.8,169.7,22.2,140.3,76.9,6.8,11.6,101.3,22.06
2020,Season B,February,Mareba,Beans,1.97,1.72,172.0,Flat,Hybrid (MAC 44),Partial,Inorganic (NPK),0.78,No,Rice,Low,Adequate,Yes,No,5.6,Sandy Loam,7.26,3.05,57.0,12.3,239.3,22.4,77.4,77.3,6.6,11.0,119.5,10.94
2022,Season B,February,Gashora,Rice,2.71,1.77,177.0,Flat,Improved (IR64 / NERICA),No,None,0.0,Yes,Fallow,Low,Sufficient,No,No,19.9,Loam,6.45,2.1,53.7,27.0,202.1,22.0,98.6,78.7,7.2,11.9,107.9,29.48
2023,Season A,October,Rilima,Maize,0.28,0.23,23.0,Valley,Local Variety,No,None,0.0,Partial,Beans,High,Sufficient,Yes,No,21.2,Sandy Soil,5.98,1.87,44.9,13.8,212.5,22.0,117.4,89.3,7.4,11.5,116.3,12.0
2020,Season B,March,Nyarugenge,Rice,0.83,0.73,73.0,Valley,Local Variety,Yes,Inorganic (NPK),0.9,No,Fallow,Low,Sufficient,Yes,No,5.4,Clay Soil,6.38,2.23,45.4,22.9,196.9,24.1,99.4,73.0,7.2,11.5,116.1,21.9
2023,Season B,April,Musenyi,Rice,0.86,0.69,69.0,Flat,Hybrid (Komboka),Yes,Organic (Compost),0.0,Yes,Rice,Medium,Adequate,Yes,Yes,16.6,Loam,7.08,2.34,42.4,12.9,257.1,23.3,99.1,74.5,6.7,11.0,92.2,25.74
2023,Season A,November,Ngeruka,Maize,1.84,1.22,122.0,Valley,Hybrid (H614D),No,None,0.0,No,Rice,Low,Limited,No,Yes,8.6,Loam,6.91,2.49,78.4,19.5,196.5,22.7,104.0,73.4,6.1,10.0,108.5,20.32
2021,Season B,June,Ngeruka,Maize,1.82,1.64,164.0,Valley,Improved (WH507),No,None,0.0,No,Fallow,High,Limited,Yes,No,20.8,Loam,6.92,2.57,77.9,21.3,196.7,21.7,27.2,63.5,8.0,12.3,124.4,9.44
2020,Season A,January,Juru,Beans,2.47,2.25,225.0,Valley,Hybrid (MAC 44),No,None,0.0,Yes,Maize,Medium,Adequate,Yes,No,15.2,Sandy Loam,6.95,2.64,51.0,26.8,178.1,22.5,58.6,63.9,7.6,10.8,116.7,9.93
2023,Season B,March,Rweru,Beans,0.28,0.19,19.0,Flat,Hybrid (MAC 44),Partial,Inorganic (NPK),0.67,Yes,Rice,Low,Sufficient,Yes,No,18.5,Clay Soil,7.02,2.54,61.8,12.3,197.7,24.9,57.9,84.3,7.3,10.7,113.9,10.22
2022,Season A,January,Nyarugenge,Rice,2.9,2.13,213.0,Flat,Improved (IR64 / NERICA),Partial,Organic (Compost),0.48,No,Fallow,Medium,Adequate,Yes,No,7.5,Clay Soil,6.28,2.22,39.7,22.5,186.5,21.5,43.4,76.9,7.6,11.6,98.7,30.48
2022,Season A,September,Kamabuye,Maize,2.65,2.25,225.0,Flat,Improved (WH507),Yes,Mixed (Organic + Inorganic),0.39,No,Maize,Low,Limited,No,No,15.7,Clay Soil,7.14,2.3,44.4,18.9,192.8,23.2,96.4,75.4,7.7,11.2,129.2,18.08
2020,Season B,May,Nyarugenge,Beans,2.71,1.71,171.0,Valley,Hybrid (MAC 44),No,None,0.0,Yes,Beans,Low,Sufficient,No,No,16.2,Clay Soil,6.12,2.12,40.3,24.5,201.9,24.1,49.9,69.8,7.0,9.6,99.2,8.01
2022,Season B,June,Juru,Rice,2.14,1.39,139.0,Valley,Improved (IR64 / NERICA),No,None,0.0,No,Fallow,Low,Limited,No,No,6.8,Sandy Loam,6.96,2.8,51.5,23.6,171.8,22.8,44.2,65.4,8.7,11.9,106.8,18.14
2023,Season B,June,Mareba,Maize,1.55,1.32,132.0,Flat,Local Variety,No,None,0.0,No,Beans,Low,Limited,Yes,No,23.5,Sandy Loam,7.25,3.23,64.5,11.0,231.1,24.4,22.2,82.8,8.1,12.9,114.9,9.06
2024,Season A,December,Rilima,Beans,0.21,0.15,15.0,Hillside,Local Variety,No,None,0.0,Yes,Beans,Medium,Limited,No,No,17.5,Sandy Soil,6.22,1.68,42.7,15.0,205.1,22.1,52.9,78.2,7.9,12.7,97.8,5.48
2023,Season A,October,Gashora,Rice,0.22,0.16,16.0,Flat,Improved (IR64 / NERICA),No,None,0.0,No,Beans,Low,Sufficient,No,No,13.4,Loam,6.46,2.07,45.2,21.9,188.3,23.6,99.1,82.0,6.3,9.6,87.0,32.8
2024,Season B,May,Ngeruka,Beans,2.05,1.33,133.0,Valley,Local Variety,Yes,Inorganic (NPK),0.38,No,Rice,Low,Adequate,Yes,Yes,12.5,Loam,7.14,2.61,74.5,20.2,193.2,23.1,96.2,76.7,7.6,11.0,104.1,8.72
2020,Season B,June,Shyara,Beans,0.1,0.09,9.0,Valley,Hybrid (MAC 44),Yes,Organic (Compost),0.0,No,Rice,Low,Sufficient,Yes,No,24.4,Sandy Loam,6.36,2.17,53.9,21.4,285.1,23.2,31.9,73.6,8.3,10.6,110.6,7.23
2024,Season B,April,Mwogo,Maize,0.52,0.37,37.0,Flat,Improved (WH507),Partial,Inorganic (NPK),0.55,No,Beans,Medium,Adequate,Yes,Yes,9.4,Sandy Soil,6.12,1.92,66.6,17.1,158.9,22.8,76.8,78.6,6.9,9.6,96.0,19.39
2022,Season B,June,Musenyi,Rice,2.09,1.93,193.0,Flat,Hybrid (Komboka),Yes,Mixed (Organic + Inorganic),2.59,No,Maize,Medium,Adequate,Yes,No,20.1,Loam,6.97,2.55,41.9,14.3,251.2,23.4,23.2,68.6,8.6,12.9,108.0,20.25
2024,Season B,May,Rweru,Rice,1.38,1.34,134.0,Valley,Hybrid (Komboka),Yes,Organic (Compost),0.0,No,Maize,High,Adequate,Yes,No,22.5,Clay Soil,6.94,2.5,59.5,15.0,174.9,22.7,99.9,73.1,7.9,11.5,107.0,21.1
2020,Season A,December,Nyarugenge,Rice,0.89,0.66,66.0,Hillside,Improved (IR64 / NERICA),Yes,Organic (Compost),0.0,Yes,Maize,Low,Adequate,Yes,Yes,8.3,Clay Soil,6.24,2.4,37.1,21.6,193.1,24.8,102.0,78.9,7.8,10.7,124.6,39.69
2021,Season B,April,Nyamata,Maize,0.43,0.27,27.0,Valley,Improved (WH507),No,None,0.0,Yes,Maize,Medium,Limited,No,No,16.4,Clay Soil,6.88,3.25,76.5,26.5,252.7,24.3,151.0,79.2,7.0,8.5,103.7,13.82
2021,Season B,May,Gashora,Maize,1.44,1.04,104.0,Flat,Local Variety,No,None,0.0,Partial,Rice,High,Adequate,Yes,Yes,22.4,Loam,6.58,1.95,47.6,26.9,197.3,22.5,80.7,72.4,7.6,11.1,101.1,11.7
2024,Season B,April,Mayange,Maize,1.3,0.82,82.0,Hillside,Local Variety,No,None,0.0,No,Maize,Medium,Adequate,No,No,11.2,Sandy Loam,6.04,2.72,65.5,13.8,195.2,25.1,78.8,77.9,7.3,9.2,100.1,11.94
2024,Season B,March,Shyara,Maize,1.39,0.88,88.0,Flat,Local Variety,Yes,Mixed (Organic + Inorganic),2.32,No,Fallow,Low,Adequate,No,No,17.8,Sandy Loam,5.97,2.15,56.8,21.7,259.2,22.0,60.4,84.8,7.5,11.9,111.1,16.73
2024,Season A,November,Ngeruka,Rice,2.56,1.92,192.0,Valley,Improved (IR64 / NERICA),Partial,Inorganic (NPK),0.67,Partial,Rice,Low,Sufficient,No,No,8.9,Loam,6.87,2.88,76.5,22.7,196.8,23.1,69.3,76.0,7.3,7.8,91.2,28.43
2020,Season B,February,Mareba,Rice,1.9,1.82,182.0,Flat,Improved (IR64 / NERICA),No,None,0.0,No,Cassava,Low,Adequate,No,No,14.7,Sandy Loam,7.09,3.18,63.0,12.0,227.0,23.0,53.4,73.7,7.8,10.5,119.4,23.29
2022,Season B,February,Mwogo,Maize,2.24,1.81,181.0,Valley,Improved (WH507),No,None,0.0,No,Maize,Low,Adequate,No,No,20.7,Sandy Soil,5.95,2.13,66.8,20.9,163.2,25.4,57.5,69.2,7.3,12.7,108.1,13.14
2021,Season B,March,Mwogo,Beans,1.55,1.16,116.0,Valley,Hybrid (MAC 44),Yes,Inorganic (NPK),1.07,Partial,Cassava,Medium,Limited,Yes,No,5.8,Sandy Soil,6.08,2.12,71.9,20.7,153.8,23.1,125.0,77.7,7.0,10.7,108.3,10.14
2024,Season A,October,Nyarugenge,Rice,0.19,0.12,12.0,Valley,Hybrid (Komboka),Partial,Inorganic (NPK),0.22,No,Maize,High,Limited,Yes,No,10.3,Clay Soil,6.18,2.5,46.6,22.2,193.4,23.0,148.4,79.0,7.1,13.1,87.2,22.19
2023,Season B,April,Mwogo,Maize,1.05,0.65,65.0,Flat,Local Variety,Yes,Mixed (Organic + Inorganic),0.32,Yes,Maize,Low,Limited,Yes,Yes,15.9,Sandy Soil,6.05,1.86,65.0,20.9,165.1,25.4,73.8,79.2,6.7,10.9,95.5,13.72
2024,Season B,March,Ngeruka,Rice,1.77,1.28,128.0,Valley,Local Variety,Yes,Organic (Compost),0.0,No,Rice,Medium,Sufficient,No,No,7.0,Loam,6.98,3.01,70.7,23.1,202.5,22.5,95.7,73.6,8.1,11.0,102.0,16.51
2020,Season A,November,Musenyi,Maize,0.78,0.56,56.0,Flat,Local Variety,Yes,Organic (Compost),0.0,No,Fallow,Low,Adequate,Yes,No,24.6,Loam,7.06,2.44,41.2,14.8,262.2,23.6,61.7,73.3,6.6,11.2,93.3,14.16
2021,Season B,April,Mwogo,Beans,2.99,2.05,205.0,Flat,Local Variety,Partial,Organic (Compost),0.78,No,Maize,Low,Adequate,No,No,21.9,Sandy Soil,5.99,2.11,68.9,19.6,161.8,22.8,91.7,91.3,6.3,9.2,116.9,6.72
2024,Season B,June,Rweru,Maize,2.54,2.26,226.0,Hillside,Improved (WH507),Yes,Mixed (Organic + Inorganic),2.47,No,Beans,Low,Adequate,No,No,9.3,Clay Soil,7.18,2.69,66.0,13.8,183.0,24.4,41.5,68.1,9.4,13.2,116.3,15.62
2022,Season B,April,Nyarugenge,Beans,2.36,1.43,143.0,Flat,Hybrid (MAC 44),Yes,Mixed (Organic + Inorganic),1.09,Yes,Cassava,Low,Limited,Yes,No,24.2,Clay Soil,6.32,2.23,46.5,21.7,210.7,24.3,135.8,78.4,5.8,11.3,100.0,10.15
2022,Season B,April,Ruhuha,Beans,2.05,1.95,195.0,Hillside,Improved (RWR 2245),Yes,Inorganic (NPK),0.69,Yes,Fallow,Low,Limited,No,Yes,14.5,Sandy Loam,7.01,2.47,61.9,18.8,180.5,22.6,111.1,63.0,7.5,10.3,116.0,13.51
2024,Season A,September,Mayange,Rice,1.25,0.86,86.0,Valley,Hybrid (Komboka),Partial,Organic (Compost),0.75,No,Rice,Low,Adequate,Yes,No,13.7,Sandy Loam,5.72,2.88,61.9,11.4,200.6,23.8,72.5,73.4,7.4,10.8,118.3,25.9
2022,Season A,November,Mareba,Maize,1.73,1.12,112.0,Flat,Improved (WH507),No,None,0.0,No,Beans,Medium,Limited,No,No,23.9,Sandy Loam,7.16,3.13,65.7,12.7,227.6,23.5,133.9,74.8,6.9,8.9,99.5,17.1
2022,Season A,December,Mayange,Beans,0.77,0.48,48.0,Hillside,Local Variety,Yes,Organic (Compost),0.0,Yes,Maize,Medium,Sufficient,No,No,13.6,Sandy Loam,6.1,2.77,68.2,14.8,212.4,25.1,107.9,73.2,8.0,11.5,106.6,6.91
2024,Season A,September,Juru,Maize,2.44,1.91,191.0,Flat,Local Variety,Yes,Inorganic (NPK),1.54,No,Beans,Low,Limited,Yes,Yes,16.4,Sandy Loam,6.92,2.67,42.8,22.9,174.0,23.0,100.6,75.0,7.4,11.1,130.9,16.36
2022,Season B,April,Mwogo,Maize,1.18,1.0,100.0,Valley,Hybrid (H614D),No,None,0.0,Yes,Maize,Low,Limited,No,No,10.4,Sandy Soil,5.96,1.9,65.6,22.2,167.2,24.6,81.6,77.8,6.8,10.4,106.7,22.85
2023,Season B,May,Nyamata,Beans,1.28,0.88,88.0,Flat,Hybrid (MAC 44),No,None,0.0,Partial,Rice,Low,Limited,No,No,22.0,Clay Soil,6.99,3.16,77.5,24.5,261.4,24.3,89.5,78.6,7.2,9.3,91.2,8.63
2024,Season A,January,Kamabuye,Maize,0.19,0.15,15.0,Flat,Improved (WH507),No,None,0.0,Yes,Maize,Medium,Adequate,No,Yes,11.3,Clay Soil,7.11,2.01,44.0,18.3,216.4,23.9,90.4,65.5,7.2,11.6,123.7,17.27
2024,Season B,June,Ntarama,Rice,1.7,1.16,116.0,Valley,Hybrid (Komboka),Partial,Organic (Compost),0.19,No,Rice,Medium,Limited,Yes,Yes,12.7,Sandy Soil,7.1,3.27,63.0,6.5,251.2,21.0,25.7,69.8,7.9,12.6,114.0,15.64
2023,Season B,March,Ngeruka,Rice,2.92,1.88,188.0,Hillside,Hybrid (Komboka),Yes,Inorganic (NPK),1.15,No,Rice,Low,Adequate,No,Yes,12.6,Loam,7.13,2.76,78.2,21.3,194.8,24.2,93.6,72.6,7.4,10.6,98.9,25.82
2024,Season A,January,Ruhuha,Beans,0.73,0.51,51.0,Valley,Hybrid (MAC 44),No,None,0.0,No,Fallow,Low,Adequate,Yes,No,24.4,Sandy Loam,7.11,2.79,62.5,17.7,177.0,21.3,60.7,66.6,8.5,10.7,96.4,8.91
2022,Season B,March,Mwogo,Rice,0.32,0.2,20.0,Valley,Local Variety,Partial,Organic (Compost),0.17,No,Beans,Medium,Adequate,No,No,14.2,Sandy Soil,6.06,1.76,68.1,24.5,156.1,22.1,70.6,71.2,6.6,11.0,104.2,17.86
2020,Season B,March,Nyarugenge,Rice,0.29,0.26,26.0,Flat,Improved (IR64 / NERICA),No,None,0.0,No,Rice,High,Adequate,No,No,17.7,Clay Soil,6.19,2.12,40.8,21.0,193.7,22.0,99.0,71.9,7.9,11.0,99.2,25.1
2021,Season B,May,Nyamata,Beans,1.22,0.83,83.0,Hillside,Improved (RWR 2245),No,None,0.0,No,Beans,Low,Limited,Yes,No,13.2,Clay Soil,6.99,3.43,77.2,26.1,246.7,22.6,62.1,71.4,8.0,11.8,106.2,9.7
2021,Season B,May,Nyarugenge,Beans,1.67,1.4,140.0,Flat,Hybrid (MAC 44),Partial,Organic (Compost),0.65,No,Maize,Low,Adequate,Yes,Yes,18.5,Clay Soil,6.1,2.3,39.2,24.2,189.8,23.5,97.5,74.8,6.9,9.3,102.5,9.95
2020,Season A,December,Kamabuye,Rice,2.89,1.92,192.0,Flat,Hybrid (Komboka),Yes,Organic (Compost),0.0,No,Maize,Medium,Limited,No,Yes,11.2,Clay Soil,7.24,2.45,44.2,18.1,206.9,23.6,77.7,80.4,7.8,10.1,106.7,19.28
2022,Season B,February,Ngeruka,Rice,0.21,0.17,17.0,Valley,Improved (IR64 / NERICA),Partial,Inorganic (NPK),0.75,No,Beans,Low,Adequate,Yes,No,15.7,Loam,7.1,2.69,69.0,18.3,197.6,23.3,59.2,78.5,7.5,11.6,104.0,28.14
2021,Season A,November,Nyamata,Maize,2.64,2.37,237.0,Hillside,Local Variety,Yes,Inorganic (NPK),2.08,No,Fallow,High,Sufficient,Yes,No,18.0,Clay Soil,6.95,3.19,75.4,20.4,255.9,23.6,118.5,79.2,7.1,9.4,92.2,14.68
2023,Season B,February,Shyara,Maize,2.7,1.68,168.0,Valley,Improved (WH507),No,None,0.0,Yes,Maize,Medium,Sufficient,Yes,No,21.3,Sandy Loam,6.16,2.44,52.1,23.1,281.9,22.4,98.1,69.2,7.2,10.9,117.2,17.84
2024,Season A,December,Shyara,Rice,0.75,0.74,74.0,Flat,Improved (IR64 / NERICA),Partial,Organic (Compost),0.2,No,Beans,Low,Adequate,Yes,No,14.3,Sandy Loam,6.25,2.04,56.4,26.0,277.1,23.5,102.4,74.6,8.1,10.5,100.6,38.67
2021,Season A,January,Juru,Maize,1.1,0.79,79.0,Flat,Improved (WH507),Partial,Organic (Compost),0.57,Partial,Maize,High,Adequate,Yes,No,17.8,Sandy Loam,7.01,2.55,48.0,23.6,181.6,23.2,73.7,68.0,7.7,11.4,110.1,15.89
2020,Season B,February,Ruhuha,Maize,0.31,0.3,30.0,Flat,Improved (WH507),No,None,0.0,No,Maize,Medium,Adequate,Yes,No,20.0,Sandy Loam,6.95,2.31,60.0,16.5,185.2,23.8,80.3,70.8,7.5,11.1,118.6,15.88
2024,Season B,May,Kamabuye,Beans,0.77,0.63,63.0,Hillside,Improved (RWR 2245),Yes,Inorganic (NPK),0.6,No,Beans,Medium,Sufficient,No,No,23.2,Clay Soil,6.96,2.09,42.4,15.2,207.7,24.4,63.3,78.4,7.6,10.4,98.6,12.51
2023,Season B,May,Mareba,Beans,1.36,1.14,114.0,Valley,Hybrid (MAC 44),Yes,Mixed (Organic + Inorganic),0.71,Partial,Fallow,Medium,Adequate,Yes,No,6.5,Sandy Loam,7.24,2.92,64.4,11.2,239.0,23.1,55.3,76.7,6.1,9.0,119.1,9.59
2020,Season A,October,Juru,Maize,1.6,1.45,145.0,Valley,Local Variety,No,None,0.0,Yes,Beans,High,Adequate,No,No,10.3,Sandy Loam,6.93,2.59,50.3,25.0,187.4,23.3,77.4,67.0,6.6,10.8,111.3,11.1
2020,Season B,February,Musenyi,Rice,1.24,0.89,89.0,Valley,Hybrid (Komboka),No,None,0.0,Yes,Maize,High,Adequate,Yes,Yes,17.1,Loam,7.12,2.35,38.7,11.0,245.3,20.7,97.1,69.0,6.8,10.2,124.9,18.4
2023,Season B,April,Mareba,Rice,2.36,1.69,169.0,Valley,Improved (IR64 / NERICA),No,None,0.0,Partial,Beans,Low,Adequate,No,Yes,23.7,Sandy Loam,7.15,3.32,56.4,11.4,221.6,24.5,94.7,67.5,7.3,10.3,108.0,32.43
2020,Season A,January,Ruhuha,Beans,0.58,0.39,39.0,Valley,Improved (RWR 2245),No,None,0.0,No,Rice,Medium,Adequate,Yes,No,6.6,Sandy Loam,6.93,2.39,62.0,18.5,180.1,21.5,73.1,74.7,7.5,10.6,122.8,12.49
2022,Season A,October,Rilima,Beans,2.86,2.22,222.0,Flat,Improved (RWR 2245),No,None,0.0,No,Fallow,Medium,Limited,Yes,Yes,21.4,Sandy Soil,6.18,1.92,43.9,17.0,206.5,25.7,130.9,74.0,6.6,8.1,114.1,10.76
2021,Season A,October,Mayange,Beans,1.89,1.25,125.0,Hillside,Improved (RWR 2245),No,None,0.0,No,Beans,Low,Adequate,Yes,Yes,14.2,Sandy Loam,6.1,2.95,63.9,16.4,213.9,25.3,77.4,74.4,7.3,9.2,91.2,12.13
2024,Season B,February,Kamabuye,Maize,1.7,1.16,116.0,Valley,Local Variety,Yes,Organic (Compost),0.0,Yes,Rice,Low,Adequate,Yes,No,22.1,Clay Soil,7.1,2.43,42.4,20.4,200.8,21.8,85.4,69.4,7.4,11.3,110.5,15.65
2020,Season A,November,Ntarama,Rice,1.0,0.77,77.0,Flat,Hybrid (Komboka),Yes,Inorganic (NPK),2.79,Yes,Beans,Low,Adequate,No,No,20.9,Sandy Soil,7.02,2.84,64.6,7.3,244.5,24.0,81.7,85.1,7.6,10.4,99.1,29.04
2021,Season B,May,Gashora,Maize,0.14,0.1,10.0,Hillside,Local Variety,No,None,0.0,Partial,Cassava,Medium,Sufficient,Yes,Yes,24.3,Loam,6.46,2.18,51.8,24.4,205.3,22.8,97.6,74.3,7.5,11.0,104.5,13.36
2021,Season A,November,Nyarugenge,Rice,2.75,1.95,195.0,Valley,Hybrid (Komboka),Partial,Inorganic (NPK),0.1,No,Maize,High,Adequate,Yes,Yes,15.8,Clay Soil,6.21,2.14,30.6,18.8,200.1,24.6,91.1,75.3,6.0,9.2,95.9,24.35
2023,Season B,June,Mwogo,Rice,1.43,1.35,135.0,Valley,Improved (IR64 / NERICA),Partial,Inorganic (NPK),0.52,Yes,Maize,Medium,Sufficient,Yes,Yes,17.9,Sandy Soil,5.9,2.09,62.5,19.5,160.4,23.9,23.6,72.4,7.9,12.0,121.9,29.24
2022,Season B,March,Musenyi,Beans,0.48,0.38,38.0,Valley,Local Variety,No,None,0.0,Yes,Beans,Low,Sufficient,No,No,17.7,Loam,7.2,2.5,36.5,15.1,255.6,24.1,72.4,72.5,6.8,10.9,108.9,6.68
2023,Season A,December,Shyara,Beans,0.77,0.6,60.0,Flat,Local Variety,Yes,Inorganic (NPK),0.58,Partial,Beans,Medium,Limited,No,Yes,22.3,Sandy Loam,6.04,2.45,58.0,23.4,261.3,21.1,75.6,76.9,7.8,12.2,111.5,6.69
2022,Season A,January,Mayange,Beans,0.33,0.32,32.0,Flat,Improved (RWR 2245),No,None,0.0,No,Beans,High,Adequate,Yes,No,24.5,Sandy Loam,5.79,3.05,62.0,13.8,212.6,22.3,67.6,68.8,8.3,11.6,105.3,10.62
2020,Season B,March,Nyamata,Maize,1.46,1.38,138.0,Flat,Improved (WH507),No,None,0.0,No,Beans,Medium,Adequate,Yes,Yes,10.4,Clay Soil,7.18,3.32,78.4,28.0,253.4,22.4,119.3,72.8,8.0,11.8,126.7,16.55
2021,Season A,January,Ngeruka,Rice,1.85,1.2,120.0,Flat,Hybrid (Komboka),No,None,0.0,No,Fallow,Medium,Adequate,No,No,20.5,Loam,6.87,2.91,75.7,20.8,196.7,21.1,85.5,77.2,7.1,10.3,108.7,21.33
2022,Season A,October,Musenyi,Maize,2.49,2.33,233.0,Hillside,Local Variety,No,None,0.0,Partial,Beans,High,Adequate,Yes,Yes,8.2,Loam,7.18,2.29,45.3,16.0,251.5,25.5,132.1,75.4,6.9,9.7,111.0,11.32
2022,Season B,March,Rweru,Maize,2.92,2.88,288.0,Hillside,Hybrid (H614D),No,None,0.0,Yes,Beans,Low,Adequate,No,No,13.9,Clay Soil,7.11,2.8,64.3,9.7,187.1,21.4,69.4,65.0,7.5,11.8,102.6,21.63
2023,Season A,September,Mareba,Beans,1.07,0.67,67.0,Flat,Hybrid (MAC 44),Yes,Mixed (Organic + Inorganic),0.92,Yes,Rice,Medium,Sufficient,No,No,23.7,Sandy Loam,7.22,3.23,61.2,8.6,237.8,22.7,52.7,69.5,6.6,13.1,113.9,10.35
2020,Season B,May,Rweru,Maize,1.34,1.12,112.0,Flat,Improved (WH507),Yes,Mixed (Organic + Inorganic),1.88,Partial,Rice,High,Limited,Yes,Yes,22.2,Clay Soil,6.98,2.68,72.0,9.7,181.8,23.7,59.2,72.7,6.1,11.8,98.9,15.23
2024,Season A,November,Ngeruka,Maize,1.7,1.44,144.0,Hillside,Local Variety,No,None,0.0,No,Maize,High,Limited,No,No,7.7,Loam,6.98,2.89,77.5,22.3,187.6,24.0,127.9,82.3,7.4,10.9,92.3,9.76
2023,Season A,November,Juru,Beans,0.45,0.34,34.0,Valley,Hybrid (MAC 44),No,None,0.0,Yes,Maize,High,Limited,Yes,No,13.4,Sandy Loam,7.01,2.73,44.8,23.1,165.8,23.4,131.4,73.5,7.1,10.3,103.3,7.41
2021,Season B,March,Musenyi,Beans,0.34,0.26,26.0,Flat,Improved (RWR 2245),Yes,Mixed (Organic + Inorganic),1.48,Yes,Fallow,Low,Adequate,No,No,5.2,Loam,7.15,2.64,44.4,14.2,254.3,22.2,107.3,76.2,6.8,10.1,120.9,14.51
2020,Season B,April,Gashora,Maize,2.93,2.18,218.0,Flat,Hybrid (H614D),No,None,0.0,No,Beans,Low,Limited,Yes,No,17.4,Loam,6.48,2.16,48.7,25.9,183.9,23.1,139.9,70.4,7.7,10.0,121.1,22.98
2020,Season B,March,Nyarugenge,Rice,2.58,2.18,218.0,Flat,Hybrid (Komboka),No,None,0.0,Yes,Maize,Low,Adequate,No,Yes,7.9,Clay Soil,6.33,2.23,42.2,23.5,202.3,23.3,87.9,78.1,6.2,10.7,107.3,24.43
2022,Season A,November,Mwogo,Rice,0.24,0.18,18.0,Valley,Improved (IR64 / NERICA),Yes,Mixed (Organic + Inorganic),1.29,Partial,Beans,Medium,Adequate,No,No,9.7,Sandy Soil,5.98,1.82,72.3,22.1,155.9,24.9,94.2,74.3,6.5,11.5,92.3,40.07
2022,Season A,October,Rweru,Rice,2.23,1.95,195.0,Flat,Local Variety,No,None,0.0,Yes,Rice,High,Adequate,Yes,No,11.9,Clay Soil,7.01,2.62,66.9,13.6,191.1,21.8,84.7,73.2,6.4,9.9,98.1,16.22
2021,Season A,October,Musenyi,Beans,0.41,0.26,26.0,Flat,Hybrid (MAC 44),No,None,0.0,No,Cassava,High,Adequate,Yes,No,7.3,Loam,7.15,2.6,42.3,13.9,250.0,23.2,154.0,84.4,6.6,10.3,89.9,7.82
2020,Season B,June,Rilima,Beans,0.57,0.57,57.0,Flat,Hybrid (MAC 44),Yes,Inorganic (NPK),0.46,No,Rice,High,Adequate,No,No,22.6,Sandy Soil,6.04,1.72,39.6,12.6,220.6,22.9,48.8,68.8,8.5,12.3,102.0,6.96
2024,Season B,February,Kamabuye,Beans,2.1,1.29,129.0,Flat,Hybrid (MAC 44),Partial,Organic (Compost),0.59,Partial,Beans,Low,Adequate,No,Yes,23.5,Clay Soil,7.17,2.19,40.4,20.9,197.1,20.8,95.5,66.3,7.2,10.3,110.7,9.09
2024,Season A,November,Ngeruka,Maize,0.76,0.46,46.0,Flat,Hybrid (H614D),No,None,0.0,No,Beans,High,Adequate,Yes,No,13.6,Loam,7.03,2.72,72.7,16.7,199.8,22.5,94.0,77.5,7.1,10.7,102.3,21.62
2022,Season B,April,Ruhuha,Maize,0.15,0.15,15.0,Flat,Improved (WH507),No,None,0.0,No,Fallow,Low,Sufficient,Yes,No,16.1,Sandy Loam,7.06,2.52,60.1,17.0,186.7,21.8,99.0,71.8,6.7,11.8,103.8,18.46
2020,Season B,March,Mwogo,Beans,2.97,2.79,279.0,Flat,Improved (RWR 2245),No,None,0.0,Yes,Cassava,Medium,Limited,No,Yes,8.3,Sandy Soil,6.2,2.17,67.3,22.0,155.4,22.8,83.9,73.9,6.4,9.6,97.1,12.49
2020,Season A,November,Nyarugenge,Rice,1.19,1.13,113.0,Valley,Hybrid (Komboka),Yes,Inorganic (NPK),0.57,No,Beans,High,Adequate,Yes,No,19.3,Clay Soil,6.17,1.98,47.4,19.9,194.4,24.9,120.9,84.2,7.3,10.6,105.8,27.96
2023,Season B,February,Mayange,Maize,0.14,0.11,11.0,Flat,Improved (WH507),No,None,0.0,Yes,Maize,Low,Sufficient,Yes,No,6.0,Sandy Loam,6.12,3.18,63.6,15.8,202.9,22.1,66.7,68.1,8.0,11.5,112.9,17.12
2024,Season A,January,Ngeruka,Beans,0.72,0.46,46.0,Hillside,Local Variety,No,None,0.0,No,Fallow,Medium,Limited,Yes,No,17.8,Loam,6.98,2.71,76.4,21.7,198.6,23.1,85.8,76.8,8.0,13.0,123.6,5.86
2021,Season A,September,Ngeruka,Maize,1.37,1.16,116.0,Valley,Improved (WH507),No,None,0.0,No,Beans,Medium,Sufficient,Yes,Yes,15.1,Loam,7.04,2.7,70.5,20.3,199.9,22.7,84.3,71.0,6.8,9.8,106.3,19.28
2020,Season B,February,Ruhuha,Maize,2.36,2.02,202.0,Flat,Hybrid (H614D),No,None,0.0,Yes,Cassava,Medium,Adequate,No,No,12.4,Sandy Loam,7.08,2.37,59.7,16.4,188.6,20.5,66.7,76.9,7.5,9.9,99.6,19.02
2020,Season B,April,Ngeruka,Beans,0.77,0.57,57.0,Valley,Local Variety,No,None,0.0,No,Beans,Medium,Adequate,Yes,No,6.0,Loam,7.12,2.63,67.6,16.0,212.5,24.6,145.9,77.6,5.8,10.0,103.8,5.59
2020,Season A,October,Rilima,Beans,0.47,0.45,45.0,Hillside,Local Variety,No,None,0.0,No,Maize,Low,Adequate,No,No,23.6,Sandy Soil,6.03,1.81,42.2,18.2,220.9,22.9,143.4,81.6,7.2,9.9,105.2,6.02
2022,Season B,February,Ruhuha,Beans,0.27,0.21,21.0,Hillside,Local Variety,No,None,0.0,No,Beans,Low,Sufficient,Yes,Yes,6.1,Sandy Loam,7.02,2.46,61.8,17.1,190.2,21.0,48.5,72.4,6.7,9.9,111.2,6.11
2023,Season A,December,Ruhuha,Maize,2.62,1.59,159.0,Valley,Improved (WH507),Partial,Organic (Compost),0.16,No,Maize,Low,Sufficient,Yes,Yes,16.5,Sandy Loam,7.01,2.65,62.6,15.8,193.9,21.0,69.1,70.1,8.3,10.6,93.9,17.69
2021,Season A,November,Ruhuha,Maize,2.27,1.55,155.0,Hillside,Improved (WH507),No,None,0.0,Yes,Maize,Medium,Adequate,No,No,5.4,Sandy Loam,6.82,2.47,63.8,18.0,197.2,27.9,110.8,71.0,7.0,11.0,99.2,16.81
2021,Season A,September,Juru,Rice,2.32,1.77,177.0,Flat,Improved (IR64 / NERICA),Partial,Inorganic (NPK),0.61,No,Maize,Low,Adequate,No,No,18.1,Sandy Loam,6.7,2.48,48.5,24.1,161.1,23.5,94.9,71.6,7.7,10.3,116.0,32.08
2024,Season B,March,Ntarama,Rice,0.38,0.36,36.0,Valley,Hybrid (Komboka),No,None,0.0,No,Rice,Low,Adequate,Yes,No,24.2,Sandy Soil,7.02,2.67,63.6,12.7,240.2,22.5,100.7,74.7,6.8,10.0,112.2,19.64
2020,Season A,September,Musenyi,Rice,1.3,0.86,86.0,Flat,Hybrid (Komboka),No,None,0.0,No,Maize,Low,Limited,No,No,14.1,Loam,7.17,2.4,39.2,14.5,260.0,23.5,86.3,79.9,8.6,11.8,114.3,20.46
2023,Season B,April,Rweru,Beans,1.84,1.34,134.0,Flat,Improved (RWR 2245),Yes,Mixed (Organic + Inorganic),1.15,Yes,Beans,Low,Sufficient,Yes,No,10.7,Clay Soil,6.99,2.54,65.7,11.2,185.7,24.1,104.5,67.9,5.9,10.9,95.4,14.65
2024,Season A,October,Ngeruka,Beans,2.28,2.21,221.0,Flat,Hybrid (MAC 44),Yes,Inorganic (NPK),0.75,No,Maize,Medium,Adequate,Yes,Yes,9.8,Loam,7.04,2.72,70.3,18.6,193.7,23.2,95.0,82.0,7.3,11.5,88.2,10.71
2023,Season B,February,Juru,Rice,1.4,1.03,103.0,Valley,Improved (IR64 / NERICA),Yes,Organic (Compost),0.0,No,Beans,Low,Adequate,Yes,Yes,24.4,Sandy Loam,6.73,2.59,51.1,22.0,166.7,20.9,88.1,72.5,7.8,10.2,110.8,32.46
2021,Season B,May,Musenyi,Rice,1.77,1.44,144.0,Flat,Hybrid (Komboka),Yes,Mixed (Organic + Inorganic),1.77,No,Rice,Low,Limited,No,Yes,11.9,Loam,7.0,2.47,41.2,12.5,257.1,23.5,83.6,75.9,5.8,11.8,99.8,22.79
2024,Season A,October,Mwogo,Beans,2.41,2.17,217.0,Valley,Improved (RWR 2245),Partial,Inorganic (NPK),0.62,Yes,Beans,Low,Limited,No,No,21.4,Sandy Soil,6.03,1.93,69.5,19.7,153.7,26.1,85.0,81.0,6.8,11.6,106.4,13.06
2024,Season A,November,Ngeruka,Beans,0.22,0.16,16.0,Valley,Hybrid (MAC 44),No,None,0.0,No,Rice,Medium,Limited,Yes,Yes,23.7,Loam,6.96,2.75,75.1,20.2,200.9,22.5,131.7,77.4,7.9,9.8,93.1,8.86
2023,Season B,June,Musenyi,Beans,2.12,1.28,128.0,Valley,Improved (RWR 2245),Yes,Mixed (Organic + Inorganic),0.93,No,Beans,Low,Sufficient,No,Yes,15.8,Loam,7.05,2.41,39.3,14.3,255.7,20.8,46.6,63.6,7.9,11.1,129.9,9.82
2021,Season B,March,Gashora,Rice,0.23,0.23,23.0,Flat,Local Variety,No,None,0.0,Yes,Cassava,Medium,Sufficient,Yes,Yes,15.6,Loam,6.44,2.26,55.1,27.1,210.1,22.7,84.8,82.2,7.3,10.9,105.8,20.31
2022,Season B,February,Kamabuye,Beans,0.19,0.14,14.0,Hillside,Hybrid (MAC 44),Partial,Inorganic (NPK),0.63,No,Beans,Low,Adequate,Yes,Yes,10.7,Clay Soil,7.09,2.18,44.4,17.4,218.4,21.3,78.2,79.8,7.1,11.3,125.4,10.31
2024,Season B,February,Ruhuha,Beans,1.08,1.03,103.0,Flat,Hybrid (MAC 44),No,None,0.0,No,Maize,Medium,Limited,Yes,Yes,15.8,Sandy Loam,7.07,2.5,61.4,17.6,191.9,23.1,88.9,77.8,7.7,10.6,96.1,8.37
2022,Season B,May,Nyarugenge,Beans,0.32,0.32,32.0,Flat,Local Variety,Yes,Organic (Compost),0.0,No,Beans,Low,Adequate,Yes,No,12.3,Clay Soil,6.23,2.14,36.6,23.3,203.8,20.7,94.3,74.7,7.6,9.9,100.8,7.81
2020,Season B,May,Mareba,Rice,1.67,1.26,126.0,Valley,Hybrid (Komboka),Yes,Inorganic (NPK),0.8,No,Fallow,Low,Sufficient,Yes,No,7.3,Sandy Loam,6.95,3.21,67.0,12.9,237.2,21.5,64.5,74.1,7.4,11.2,116.6,19.11
2023,Season A,October,Nyamata,Beans,2.64,1.97,197.0,Flat,Hybrid (MAC 44),Partial,Inorganic (NPK),0.57,No,Rice,Low,Sufficient,Yes,No,15.4,Clay Soil,7.15,3.12,73.8,22.6,264.5,23.1,73.3,76.1,6.6,9.7,97.0,11.69
2021,Season A,December,Ruhuha,Rice,2.01,1.79,179.0,Valley,Hybrid (Komboka),Yes,Mixed (Organic + Inorganic),0.66,Partial,Beans,Medium,Adequate,No,No,18.2,Sandy Loam,7.01,2.63,63.9,16.9,195.3,22.4,96.6,72.8,7.5,10.4,114.1,26.84
2021,Season A,October,Kamabuye,Beans,2.94,1.79,179.0,Flat,Local Variety,No,None,0.0,No,Maize,Medium,Sufficient,Yes,No,21.9,Clay Soil,7.1,2.23,35.7,15.5,201.0,24.1,66.7,70.2,6.1,10.8,101.4,6.13
2022,Season B,June,Ruhuha,Rice,0.77,0.7,70.0,Valley,Improved (IR64 / NERICA),No,None,0.0,No,Maize,Medium,Adequate,Yes,No,13.8,Sandy Loam,7.04,2.56,63.9,17.9,183.0,21.9,32.3,66.3,8.3,11.1,133.2,20.6
2023,Season B,May,Nyarugenge,Rice,0.15,0.13,13.0,Flat,Improved (IR64 / NERICA),No,None,0.0,Yes,Maize,Medium,Sufficient,No,No,7.4,Clay Soil,6.2,2.09,39.7,21.3,187.6,25.3,89.3,76.3,7.0,10.0,104.7,34.05
2020,Season A,January,Mareba,Beans,0.58,0.57,57.0,Flat,Hybrid (MAC 44),Partial,Inorganic (NPK),0.51,Yes,Maize,High,Limited,No,No,8.1,Sandy Loam,7.16,2.96,63.3,8.9,245.1,24.5,53.4,70.7,7.8,10.7,105.6,7.13
2020,Season A,January,Mwogo,Beans,1.85,1.82,182.0,Hillside,Hybrid (MAC 44),Yes,Organic (Compost),0.0,No,Beans,Medium,Sufficient,Yes,Yes,22.8,Sandy Soil,6.03,2.05,64.7,19.1,177.5,23.3,75.4,74.6,7.4,11.7,99.0,10.8
2020,Season A,September,Mwogo,Maize,2.47,1.55,155.0,Flat,Local Variety,Partial,Inorganic (NPK),0.48,No,Maize,Low,Adequate,Yes,No,20.2,Sandy Soil,5.76,1.94,68.4,21.5,146.1,23.4,53.0,72.6,7.4,12.2,114.4,11.72
2021,Season A,December,Rilima,Beans,2.75,2.34,234.0,Flat,Improved (RWR 2245),No,None,0.0,Yes,Maize,Low,Adequate,Yes,No,9.2,Sandy Soil,6.24,1.88,43.3,18.9,213.9,24.7,52.7,67.8,6.8,12.2,105.5,12.28
2021,Season A,December,Nyamata,Maize,0.46,0.29,29.0,Hillside,Local Variety,Partial,Inorganic (NPK),0.56,Partial,Beans,Medium,Adequate,Yes,No,21.8,Clay Soil,7.22,3.18,83.2,23.1,269.0,23.9,113.8,71.4,7.6,11.7,99.6,14.67
2024,Season A,October,Kamabuye,Rice,1.05,0.68,68.0,Hillside,Hybrid (Komboka),No,None,0.0,No,Maize,High,Adequate,No,No,8.9,Clay Soil,6.98,2.25,40.5,20.7,200.7,25.6,135.9,82.1,6.5,11.7,109.3,23.25
2022,Season B,May,Shyara,Rice,0.95,0.58,58.0,Valley,Improved (IR64 / NERICA),No,None,0.0,No,Fallow,High,Sufficient,Yes,No,24.0,Sandy Loam,6.32,2.43,50.5,22.3,262.1,22.0,48.3,76.5,7.8,11.7,88.9,23.82
2021,Season A,January,Rweru,Maize,1.13,0.89,89.0,Flat,Improved (WH507),No,None,0.0,No,Cassava,Medium,Adequate,Yes,Yes,21.9,Clay Soil,7.06,2.56,66.4,14.4,185.7,22.4,41.0,73.4,7.7,10.0,98.9,14.97
2020,Season A,September,Mayange,Rice,2.54,2.25,225.0,Flat,Improved (IR64 / NERICA),Yes,Organic (Compost),0.0,Partial,Beans,Medium,Sufficient,Yes,No,9.5,Sandy Loam,6.15,2.77,63.1,8.8,194.6,24.0,67.8,66.7,7.8,8.7,128.4,33.9
2024,Season B,April,Mayange,Rice,0.3,0.26,26.0,Valley,Improved (IR64 / NERICA),No,None,0.0,No,Beans,Low,Limited,Yes,No,7.7,Sandy Loam,6.08,2.62,62.4,11.4,205.8,21.1,90.3,84.8,6.9,9.7,118.1,26.1
2021,Season A,December,Shyara,Maize,1.96,1.35,135.0,Flat,Improved (WH507),Yes,Inorganic (NPK),2.02,No,Beans,High,Adequate,No,No,9.8,Sandy Loam,6.04,2.07,58.7,22.0,286.3,20.2,60.7,72.2,7.1,11.7,94.7,17.99
2023,Season A,January,Nyamata,Maize,0.7,0.5,50.0,Hillside,Improved (WH507),No,None,0.0,Partial,Maize,Low,Adequate,No,No,11.8,Clay Soil,7.06,3.24,78.1,24.3,244.0,22.2,82.0,65.5,7.2,10.5,95.4,18.48
2020,Season B,February,Rilima,Beans,1.1,1.03,103.0,Hillside,Local Variety,Yes,Organic (Compost),0.0,Yes,Maize,Medium,Adequate,No,Yes,22.3,Sandy Soil,6.03,1.7,43.6,19.8,212.2,23.9,43.4,73.6,7.0,12.8,110.2,6.12
2021,Season B,March,Musenyi,Beans,0.16,0.15,15.0,Flat,Hybrid (MAC 44),No,None,0.0,No,Maize,Medium,Adequate,Yes,No,10.9,Loam,7.17,2.37,35.5,14.2,237.7,24.2,112.2,83.3,6.8,10.9,118.8,8.64
2023,Season B,June,Juru,Beans,2.89,2.5,250.0,Hillside,Improved (RWR 2245),No,None,0.0,Yes,Beans,Low,Adequate,Yes,No,23.1,Sandy Loam,7.04,2.6,46.3,29.5,166.3,21.4,47.1,70.7,9.1,12.3,129.6,11.28
2022,Season A,November,Ngeruka,Maize,2.55,1.74,174.0,Hillside,Improved (WH507),No,None,0.0,No,Maize,Medium,Adequate,Yes,Yes,21.4,Loam,6.94,2.78,73.1,22.0,199.1,22.6,99.2,80.9,6.8,11.2,103.5,17.36
2022,Season B,April,Nyarugenge,Beans,0.42,0.4,40.0,Flat,Hybrid (MAC 44),Partial,Inorganic (NPK),0.31,Partial,Beans,Medium,Adequate,No,No,7.0,Clay Soil,6.25,2.07,40.8,25.6,184.3,24.7,123.0,76.5,7.4,9.4,106.3,8.19
2023,Season B,May,Nyarugenge,Beans,0.22,0.17,17.0,Flat,Improved (RWR 2245),Partial,Organic (Compost),0.78,Partial,Maize,Medium,Sufficient,Yes,No,18.0,Clay Soil,6.3,2.08,41.2,25.1,181.7,21.6,78.4,78.9,7.4,11.7,93.2,14.01
2020,Season B,March,Nyarugenge,Beans,1.81,1.47,147.0,Flat,Improved (RWR 2245),Yes,Inorganic (NPK),0.83,No,Beans,Low,Sufficient,Yes,No,24.2,Clay Soil,6.07,2.33,37.1,23.6,197.5,23.6,109.1,80.6,7.9,10.8,121.8,14.52
2024,Season A,September,Shyara,Beans,2.23,1.36,136.0,Hillside,Improved (RWR 2245),No,None,0.0,No,Cassava,High,Sufficient,No,No,11.2,Sandy Loam,6.17,2.47,58.0,19.3,239.7,23.1,89.4,67.7,7.4,10.9,110.9,10.98
2020,Season A,October,Mayange,Maize,2.44,1.67,167.0,Flat,Improved (WH507),Yes,Organic (Compost),0.0,No,Maize,High,Adequate,No,Yes,23.1,Sandy Loam,6.14,2.74,65.8,13.0,199.4,23.8,103.2,78.5,7.9,11.4,98.6,20.06
2024,Season A,September,Shyara,Rice,2.1,1.83,183.0,Hillside,Improved (IR64 / NERICA),No,None,0.0,No,Fallow,Low,Adequate,Yes,No,14.6,Sandy Loam,6.06,2.45,52.0,21.9,268.9,24.3,106.5,74.9,7.7,11.6,99.2,37.4
2021,Season B,April,Mwogo,Maize,1.24,1.08,108.0,Flat,Local Variety,No,None,0.0,No,Fallow,High,Limited,Yes,Yes,12.4,Sandy Soil,6.0,1.84,62.3,23.3,158.6,24.4,66.5,82.6,8.5,10.9,119.1,9.24
2020,Season B,May,Juru,Maize,0.92,0.58,58.0,Valley,Improved (WH507),Yes,Organic (Compost),0.0,No,Rice,High,Adequate,No,No,22.7,Sandy Loam,6.84,2.58,47.5,21.5,172.4,23.8,89.1,65.3,6.5,9.7,100.3,16.59
2020,Season B,April,Mareba,Beans,2.8,2.61,261.0,Flat,Hybrid (MAC 44),No,None,0.0,Yes,Beans,Low,Sufficient,Yes,No,8.9,Sandy Loam,6.99,3.13,58.7,11.9,230.8,22.0,149.2,75.4,7.2,9.8,100.0,8.84
2020,Season B,June,Nyarugenge,Rice,1.25,1.12,112.0,Hillside,Improved (IR64 / NERICA),No,None,0.0,No,Rice,High,Sufficient,Yes,Yes,21.2,Clay Soil,6.14,2.11,42.0,25.4,192.7,23.6,26.5,66.2,8.0,12.5,129.2,20.03
2023,Season B,May,Kamabuye,Beans,0.62,0.43,43.0,Valley,Local Variety,No,None,0.0,Yes,Beans,High,Limited,No,Yes,14.6,Clay Soil,7.05,2.4,35.7,15.8,210.1,24.0,57.4,77.8,6.4,10.7,102.2,4.43
2020,Season A,January,Kamabuye,Beans,1.72,1.57,157.0,Flat,Hybrid (MAC 44),No,None,0.0,No,Fallow,Low,Adequate,Yes,No,7.7,Clay Soil,7.2,2.44,40.7,21.7,205.5,21.0,53.6,69.9,8.2,11.6,92.5,9.05
2023,Season B,March,Rilima,Maize,2.63,2.49,249.0,Flat,Hybrid (H614D),Yes,Mixed (Organic + Inorganic),0.52,No,Beans,Medium,Limited,Yes,No,20.6,Sandy Soil,6.05,1.61,45.4,15.8,206.3,22.4,77.7,85.6,7.4,11.7,122.0,25.71
2024,Season B,May,Mayange,Rice,2.96,1.89,189.0,Hillside,Improved (IR64 / NERICA),No,None,0.0,Yes,Fallow,Medium,Sufficient,Yes,No,11.0,Sandy Loam,5.96,2.79,65.6,12.0,198.0,23.0,101.5,78.7,6.6,12.0,103.4,30.36
2023,Season A,November,Kamabuye,Maize,2.16,1.88,188.0,Flat,Local Variety,Partial,Organic (Compost),0.59,No,Rice,Low,Adequate,No,Yes,16.6,Clay Soil,7.1,2.42,43.2,20.1,206.1,20.8,97.4,79.9,7.6,11.3,94.7,13.32
2022,Season A,October,Mareba,Rice,1.06,0.65,65.0,Valley,Local Variety,Partial,Organic (Compost),0.22,Partial,Beans,Low,Adequate,Yes,Yes,8.3,Sandy Loam,7.15,2.96,60.6,10.2,233.7,24.9,103.0,82.2,6.1,9.6,104.4,25.97
2021,Season A,December,Kamabuye,Rice,1.18,0.93,93.0,Valley,Local Variety,No,None,0.0,No,Cassava,High,Sufficient,Yes,No,11.5,Clay Soil,6.86,2.4,38.7,20.8,209.5,23.6,70.2,73.5,7.6,12.8,111.1,15.42
2022,Season A,October,Ngeruka,Rice,2.0,1.93,193.0,Valley,Improved (IR64 / NERICA),No,None,0.0,No,Maize,Low,Adequate,Yes,Yes,11.9,Loam,7.17,2.77,72.8,21.1,202.2,25.8,117.5,82.1,6.4,10.6,109.3,33.92
2024,Season A,November,Rilima,Rice,1.44,1.13,113.0,Flat,Improved (IR64 / NERICA),No,None,0.0,No,Beans,High,Sufficient,No,No,14.5,Sandy Soil,6.12,1.85,39.7,13.8,205.9,21.9,122.9,72.5,8.0,10.4,107.6,28.86
2022,Season A,October,Rweru,Rice,1.88,1.53,153.0,Valley,Local Variety,Yes,Organic (Compost),0.0,No,Beans,Low,Sufficient,No,No,9.7,Clay Soil,6.97,2.43,66.4,13.3,189.4,21.7,104.1,79.7,6.8,8.4,113.4,22.57
2021,Season A,December,Musenyi,Maize,2.94,2.27,227.0,Flat,Improved (WH507),Yes,Mixed (Organic + Inorganic),1.02,Yes,Maize,Low,Adequate,Yes,Yes,21.5,Loam,7.1,2.72,40.2,7.4,238.7,20.5,84.6,75.6,6.7,10.9,115.6,20.54
2021,Season B,March,Ruhuha,Maize,1.39,1.11,111.0,Hillside,Hybrid (H614D),Partial,Organic (Compost),0.25,No,Cassava,High,Adequate,Yes,Yes,13.0,Sandy Loam,7.1,2.56,62.9,21.3,175.7,22.2,129.5,72.8,6.7,9.1,103.2,22.59
2021,Season B,February,Musenyi,Beans,0.82,0.63,63.0,Valley,Local Variety,Yes,Mixed (Organic + Inorganic),0.97,No,Rice,Low,Limited,No,Yes,17.3,Loam,7.2,2.7,42.5,17.5,258.7,23.3,100.8,79.1,8.6,11.1,95.8,7.69
2020,Season B,May,Rweru,Beans,2.88,2.18,218.0,Hillside,Local Variety,Yes,Inorganic (NPK),1.12,Yes,Beans,Medium,Sufficient,No,No,18.4,Clay Soil,7.1,2.56,58.9,13.2,190.5,25.4,66.1,74.0,7.9,10.3,103.0,7.1
2021,Season B,June,Rilima,Maize,0.42,0.4,40.0,Hillside,Hybrid (H614D),No,None,0.0,No,Cassava,Medium,Sufficient,Yes,No,19.7,Sandy Soil,6.01,1.89,46.1,15.8,214.8,24.2,27.9,68.3,8.1,11.8,110.2,16.02
2023,Season A,December,Musenyi,Beans,1.31,0.81,81.0,Flat,Hybrid (MAC 44),Partial,Organic (Compost),0.66,No,Maize,High,Sufficient,No,No,22.4,Loam,6.99,2.51,39.0,15.1,273.4,23.5,59.0,70.2,7.5,10.5,102.5,8.1
2022,Season A,December,Ngeruka,Rice,0.38,0.35,35.0,Hillside,Improved (IR64 / NERICA),Yes,Inorganic (NPK),0.85,Partial,Beans,Medium,Adequate,Yes,No,22.6,Loam,7.14,2.58,75.4,20.5,196.3,22.2,69.5,75.1,7.8,11.7,119.3,29.22
2022,Season A,December,Ntarama,Maize,1.84,1.46,146.0,Valley,Hybrid (H614D),Yes,Organic (Compost),0.0,Yes,Cassava,Low,Adequate,Yes,Yes,17.0,Sandy Soil,7.11,2.89,67.3,12.8,249.6,23.3,108.8,68.4,7.3,10.8,107.8,31.02
2020,Season A,October,Mwogo,Maize,1.11,0.83,83.0,Valley,Improved (WH507),No,None,0.0,No,Fallow,Low,Limited,No,No,14.2,Sandy Soil,5.93,1.99,69.6,21.1,161.4,21.9,71.8,75.9,6.2,9.4,101.5,16.34
2022,Season A,November,Shyara,Maize,1.35,0.9,90.0,Hillside,Improved (WH507),No,None,0.0,Yes,Beans,Low,Adequate,Yes,No,18.3,Sandy Loam,6.04,2.35,56.9,17.2,284.1,24.1,119.9,77.6,7.0,11.4,97.4,20.78
2023,Season B,April,Rweru,Beans,0.59,0.47,47.0,Hillside,Hybrid (MAC 44),No,None,0.0,No,Beans,Low,Limited,Yes,No,24.3,Clay Soil,6.97,2.68,65.7,11.1,181.2,22.9,75.1,72.2,6.5,10.0,110.8,8.61
2024,Season A,January,Rweru,Beans,0.26,0.21,21.0,Hillside,Local Variety,Yes,Mixed (Organic + Inorganic),1.33,No,Cassava,High,Adequate,Yes,Yes,8.9,Clay Soil,6.87,2.39,61.4,12.3,165.5,20.5,87.5,78.9,8.8,12.8,122.5,6.52
2023,Season A,November,Ruhuha,Maize,1.86,1.25,125.0,Flat,Improved (WH507),Yes,Inorganic (NPK),0.81,No,Beans,Low,Sufficient,Yes,Yes,5.1,Sandy Loam,6.92,2.49,63.7,17.1,192.1,22.8,83.0,66.9,7.6,9.3,117.1,21.85
2023,Season B,May,Rilima,Rice,2.85,2.03,203.0,Valley,Hybrid (Komboka),Yes,Inorganic (NPK),0.47,No,Beans,Medium,Adequate,No,Yes,6.9,Sandy Soil,5.9,1.79,35.4,14.3,226.9,22.4,99.0,83.1,6.8,10.6,102.3,25.11
2024,Season B,March,Rilima,Rice,1.31,0.99,99.0,Flat,Improved (IR64 / NERICA),No,None,0.0,Yes,Maize,Medium,Sufficient,Yes,No,18.5,Sandy Soil,6.25,1.77,42.8,17.0,218.2,23.8,92.6,82.9,7.1,10.3,128.7,29.96
2023,Season A,October,Kamabuye,Rice,1.08,0.71,71.0,Valley,Improved (IR64 / NERICA),Partial,Inorganic (NPK),0.46,No,Cassava,Medium,Adequate,Yes,No,24.5,Clay Soil,6.95,2.42,42.5,20.4,202.1,25.1,75.1,81.6,6.4,10.1,94.3,31.72
2022,Season A,October,Musenyi,Beans,2.04,2.03,203.0,Valley,Improved (RWR 2245),No,None,0.0,No,Beans,Low,Adequate,No,Yes,14.0,Loam,7.31,2.42,40.2,13.6,249.4,22.3,67.1,84.8,6.6,8.9,91.7,12.26
2021,Season B,February,Ntarama,Rice,0.23,0.2,20.0,Flat,Improved (IR64 / NERICA),Partial,Inorganic (NPK),0.15,Yes,Beans,Low,Adequate,No,Yes,18.8,Sandy Soil,7.15,2.85,62.8,13.5,242.6,22.2,63.5,70.2,7.8,11.0,113.5,31.23
2023,Season A,January,Ngeruka,Beans,0.74,0.7,70.0,Flat,Local Variety,Yes,Inorganic (NPK),0.92,No,Beans,Low,Sufficient,Yes,No,15.6,Loam,7.0,2.53,78.5,21.8,196.1,22.0,76.0,72.4,7.6,12.1,95.9,7.98
2024,Season B,May,Mayange,Beans,1.74,1.47,147.0,Flat,Hybrid (MAC 44),Yes,Organic (Compost),0.0,No,Rice,Low,Adequate,Yes,Yes,6.6,Sandy Loam,5.89,2.57,62.2,8.9,192.8,23.9,97.8,70.8,6.6,10.3,112.7,9.84
2021,Season A,September,Nyarugenge,Maize,2.24,1.91,191.0,Flat,Local Variety,No,None,0.0,No,Rice,Medium,Adequate,Yes,No,9.7,Clay Soil,6.21,2.27,40.7,17.8,185.8,23.2,60.6,70.2,7.0,11.6,121.3,13.19
2023,Season A,October,Mareba,Beans,1.38,1.35,135.0,Hillside,Improved (RWR 2245),No,None,0.0,No,Fallow,Low,Adequate,No,Yes,10.0,Sandy Loam,7.06,2.75,62.4,13.9,254.9,23.2,91.5,75.1,7.0,10.5,92.1,12.61
2024,Season A,September,Ngeruka,Maize,1.03,0.68,68.0,Flat,Improved (WH507),Yes,Mixed (Organic + Inorganic),2.03,No,Beans,Low,Adequate,No,No,9.6,Loam,6.96,2.71,73.1,18.5,195.1,24.9,57.9,73.0,6.3,12.1,101.1,17.41
2021,Season B,April,Kamabuye,Rice,0.81,0.68,68.0,Flat,Hybrid (Komboka),Yes,Organic (Compost),0.0,No,Beans,Low,Adequate,No,Yes,17.1,Clay Soil,7.16,2.21,41.6,18.3,204.0,24.5,149.9,82.8,6.6,10.3,117.3,26.33
2020,Season B,April,Mwogo,Maize,0.37,0.26,26.0,Valley,Improved (WH507),Yes,Mixed (Organic + Inorganic),0.61,No,Cassava,Low,Sufficient,Yes,No,15.5,Sandy Soil,5.9,1.95,66.5,21.5,154.8,21.7,68.5,76.0,6.7,12.0,105.0,19.8
2023,Season A,October,Ntarama,Rice,2.34,1.78,178.0,Valley,Hybrid (Komboka),Partial,Inorganic (NPK),0.66,No,Beans,Low,Sufficient,Yes,No,18.1,Sandy Soil,7.3,3.05,61.7,10.3,244.0,22.7,113.2,76.2,6.7,8.2,102.4,28.67
2022,Season A,January,Rilima,Rice,0.14,0.09,9.0,Valley,Hybrid (Komboka),No,None,0.0,Yes,Beans,High,Limited,No,Yes,21.4,Sandy Soil,6.06,1.94,42.3,16.9,213.0,20.8,70.0,72.8,7.5,11.9,105.4,17.58
2022,Season A,September,Musenyi,Beans,2.61,2.57,257.0,Flat,Hybrid (MAC 44),No,None,0.0,No,Beans,Low,Limited,No,No,13.8,Loam,7.1,2.58,42.7,12.7,253.1,24.2,70.2,81.6,7.5,11.9,122.5,8.24
2021,Season B,June,Musenyi,Beans,2.37,1.48,148.0,Valley,Improved (RWR 2245),No,None,0.0,No,Maize,Medium,Adequate,No,Yes,16.5,Loam,7.07,2.5,40.5,16.0,260.6,21.7,41.0,72.1,8.1,11.8,116.6,9.37
2020,Season A,December,Shyara,Rice,0.61,0.5,50.0,Flat,Hybrid (Komboka),Partial,Inorganic (NPK),0.27,Yes,Cassava,Low,Adequate,No,No,20.2,Sandy Loam,5.89,2.3,60.5,18.7,271.9,22.6,73.3,72.9,7.5,12.7,109.5,24.85
2020,Season B,February,Juru,Maize,0.16,0.11,11.0,Flat,Improved (WH507),No,None,0.0,No,Rice,Medium,Adequate,Yes,No,15.8,Sandy Loam,7.1,2.63,47.8,22.3,166.6,23.4,62.4,71.5,7.6,10.8,99.7,14.44
2024,Season A,October,Ntarama,Rice,1.17,1.09,109.0,Flat,Hybrid (Komboka),Yes,Inorganic (NPK),1.67,Yes,Beans,Low,Adequate,No,No,24.9,Sandy Soil,6.98,2.76,63.7,11.0,255.7,23.0,69.5,71.9,6.8,10.4,92.4,27.93
2022,Season B,February,Rweru,Beans,2.19,1.37,137.0,Hillside,Hybrid (MAC 44),No,None,0.0,No,Cassava,Low,Adequate,Yes,No,16.9,Clay Soil,7.11,2.67,65.7,12.8,193.8,21.5,71.4,73.5,6.8,10.1,119.0,8.92
2022,Season B,April,Kamabuye,Maize,0.82,0.68,68.0,Valley,Hybrid (H614D),Yes,Organic (Compost),0.0,Partial,Beans,Low,Sufficient,No,No,16.1,Clay Soil,7.04,2.47,47.8,17.9,215.7,23.6,80.7,84.6,6.3,9.3,102.7,26.8
2020,Season A,December,Juru,Beans,1.56,1.41,141.0,Valley,Improved (RWR 2245),Yes,Inorganic (NPK),0.56,No,Beans,Low,Adequate,No,No,6.9,Sandy Loam,7.07,2.62,46.6,23.2,162.3,22.1,63.1,85.8,7.5,13.4,122.2,14.22
2024,Season A,January,Rilima,Beans,2.27,2.22,222.0,Valley,Improved (RWR 2245),Yes,Mixed (Organic + Inorganic),0.97,Yes,Beans,Medium,Sufficient,Yes,Yes,13.1,Sandy Soil,6.23,1.86,40.4,12.9,210.7,22.4,44.7,64.7,8.0,10.9,112.6,12.36
2021,Season A,December,Rweru,Rice,0.13,0.11,11.0,Valley,Improved (IR64 / NERICA),Partial,Organic (Compost),0.67,No,Maize,High,Adequate,Yes,No,13.6,Clay Soil,7.0,2.68,67.8,12.9,191.9,22.2,65.6,69.7,7.6,12.1,102.1,25.38
2022,Season A,December,Mayange,Maize,0.68,0.5,50.0,Hillside,Hybrid (H614D),No,None,0.0,Yes,Beans,Medium,Adequate,No,Yes,8.8,Sandy Loam,5.99,2.99,70.3,10.8,212.7,22.5,52.6,73.4,9.6,10.6,94.4,22.04
2024,Season B,February,Rilima,Beans,0.12,0.08,8.0,Valley,Hybrid (MAC 44),Yes,Inorganic (NPK),0.54,No,Rice,Low,Limited,Yes,No,7.9,Sandy Soil,6.02,2.08,39.1,18.3,195.6,22.6,91.2,75.5,7.5,10.6,103.9,11.22
2021,Season A,September,Nyarugenge,Beans,1.24,1.02,102.0,Hillside,Improved (RWR 2245),Partial,Inorganic (NPK),0.67,No,Beans,Low,Sufficient,Yes,No,9.6,Clay Soil,6.2,1.96,41.4,21.8,193.5,21.7,77.3,73.7,7.6,10.3,128.0,15.05
2020,Season A,October,Ntarama,Maize,0.25,0.23,23.0,Valley,Hybrid (H614D),Partial,Organic (Compost),0.28,No,Beans,Low,Sufficient,Yes,Yes,11.3,Sandy Soil,7.18,2.73,53.5,9.4,252.7,23.7,75.4,76.1,6.5,11.8,95.4,25.55
2021,Season B,April,Mwogo,Rice,1.27,1.25,125.0,Hillside,Hybrid (Komboka),Partial,Organic (Compost),0.68,No,Maize,Low,Limited,Yes,No,16.3,Sandy Soil,6.0,1.9,69.2,19.3,171.4,23.0,112.2,84.5,7.2,9.9,115.1,27.56
2022,Season A,December,Musenyi,Rice,1.86,1.54,154.0,Flat,Improved (IR64 / NERICA),Yes,Inorganic (NPK),2.7,No,Beans,High,Adequate,Yes,Yes,22.4,Loam,6.98,2.68,40.4,13.8,252.7,22.2,114.4,82.6,7.6,11.8,121.8,35.38
2021,Season A,November,Mareba,Beans,2.55,2.08,208.0,Flat,Local Variety,No,None,0.0,Yes,Rice,Low,Sufficient,No,Yes,24.7,Sandy Loam,7.02,2.9,64.4,14.0,248.0,22.7,90.3,83.7,7.2,10.2,95.5,7.71
2023,Season B,March,Nyamata,Beans,2.09,1.89,189.0,Flat,Improved (RWR 2245),Yes,Organic (Compost),0.0,No,Beans,High,Sufficient,Yes,Yes,23.2,Clay Soil,7.02,3.36,77.9,21.0,259.2,23.2,90.6,79.0,6.5,10.0,114.5,10.82
2022,Season A,January,Mareba,Beans,2.67,2.11,211.0,Flat,Local Variety,No,None,0.0,Partial,Beans,Low,Adequate,Yes,Yes,13.6,Sandy Loam,7.09,3.01,64.8,11.9,242.5,23.0,45.2,75.4,7.5,8.9,97.8,5.77
2021,Season B,March,Nyarugenge,Beans,0.7,0.65,65.0,Flat,Hybrid (MAC 44),Yes,Inorganic (NPK),0.97,Yes,Beans,Low,Limited,No,No,8.8,Clay Soil,6.35,2.13,40.2,22.6,197.7,24.0,100.0,76.5,6.2,10.8,112.1,9.84
2024,Season A,January,Mareba,Beans,2.57,2.54,254.0,Flat,Local Variety,Yes,Organic (Compost),0.0,Yes,Maize,Low,Limited,Yes,Yes,13.3,Sandy Loam,7.3,3.04,58.9,11.7,242.2,22.2,73.6,70.4,7.3,10.4,96.8,7.52
2021,Season B,February,Mayange,Maize,2.8,2.18,218.0,Hillside,Improved (WH507),Partial,Organic (Compost),0.46,No,Rice,Medium,Limited,No,No,9.9,Sandy Loam,5.93,2.95,68.2,13.6,202.7,21.5,65.9,76.4,7.8,10.0,113.1,15.6
2022,Season B,March,Shyara,Beans,0.49,0.33,33.0,Hillside,Local Variety,Yes,Mixed (Organic + Inorganic),0.97,No,Cassava,Medium,Adequate,Yes,No,24.0,Sandy Loam,6.02,2.35,56.2,21.1,267.3,22.7,84.7,79.4,7.7,10.9,101.4,8.04
2020,Season A,November,Mwogo,Beans,0.69,0.48,48.0,Hillside,Improved (RWR 2245),Partial,Organic (Compost),0.53,No,Fallow,Low,Sufficient,No,No,19.6,Sandy Soil,5.73,1.96,65.6,22.1,163.1,25.6,107.4,75.1,6.7,9.9,105.1,13.3
2022,Season B,June,Nyamata,Beans,0.77,0.63,63.0,Flat,Local Variety,Partial,Inorganic (NPK),0.76,No,Beans,High,Adequate,Yes,No,13.0,Clay Soil,7.19,3.19,73.8,24.4,242.5,23.2,36.3,62.1,8.3,10.7,132.5,4.3
2024,Season B,February,Mayange,Maize,1.84,1.24,124.0,Flat,Improved (WH507),Partial,Organic (Compost),0.42,Partial,Beans,Low,Adequate,No,No,12.1,Sandy Loam,6.1,2.75,62.7,13.5,216.9,21.4,45.9,71.4,7.1,10.1,112.5,16.91
2020,Season A,December,Ruhuha,Maize,2.5,2.5,250.0,Flat,Improved (WH507),Partial,Organic (Compost),0.64,Yes,Maize,Low,Limited,Yes,No,10.3,Sandy Loam,6.98,2.58,66.4,16.8,182.8,23.2,67.4,73.1,8.6,11.5,103.4,18.08
2021,Season B,June,Mayange,Maize,2.34,2.08,208.0,Flat,Improved (WH507),No,None,0.0,No,Rice,Low,Adequate,Yes,Yes,8.5,Sandy Loam,6.09,2.86,65.1,12.9,217.4,24.0,24.9,67.4,7.1,12.9,104.6,13.5
2024,Season B,March,Ntarama,Rice,0.93,0.63,63.0,Flat,Hybrid (Komboka),No,None,0.0,No,Beans,High,Adequate,No,No,21.5,Sandy Soil,6.92,2.75,61.7,9.4,258.0,23.4,112.6,71.0,6.2,11.0,112.2,22.34
2022,Season B,March,Juru,Maize,0.55,0.37,37.0,Flat,Improved (WH507),No,None,0.0,Yes,Maize,Low,Sufficient,No,No,19.8,Sandy Loam,6.75,2.74,48.7,25.0,173.3,24.5,89.9,72.4,8.3,10.6,95.8,17.37
2022,Season A,November,Ruhuha,Maize,2.74,2.18,218.0,Flat,Improved (WH507),No,None,0.0,No,Beans,High,Sufficient,Yes,No,19.4,Sandy Loam,6.9,2.57,63.9,17.6,196.9,23.1,120.1,79.2,6.9,9.9,91.2,16.78
2023,Season B,June,Rilima,Rice,1.11,0.8,80.0,Valley,Hybrid (Komboka),Yes,Inorganic (NPK),2.01,No,Maize,Low,Adequate,Yes,Yes,19.5,Sandy Soil,6.02,2.22,36.2,14.3,218.4,22.3,39.7,76.5,8.7,12.6,123.4,20.93
2022,Season A,January,Ngeruka,Beans,2.69,2.39,239.0,Flat,Hybrid (MAC 44),Yes,Mixed (Organic + Inorganic),1.47,Partial,Maize,High,Adequate,Yes,No,16.0,Loam,6.98,2.73,74.9,17.1,186.2,20.4,69.8,67.9,8.8,11.1,106.3,9.76
2021,Season B,April,Rweru,Beans,0.96,0.96,96.0,Hillside,Hybrid (MAC 44),No,None,0.0,No,Fallow,Low,Adequate,Yes,No,10.8,Clay Soil,6.9,2.63,62.5,7.9,189.5,23.8,141.8,82.9,6.9,10.9,106.6,9.29
2023,Season A,October,Kamabuye,Rice,1.97,1.86,186.0,Flat,Hybrid (Komboka),No,None,0.0,No,Maize,Low,Sufficient,No,Yes,21.3,Clay Soil,7.01,2.22,43.9,16.0,209.3,24.0,122.0,88.2,6.7,9.3,111.6,25.25
2020,Season A,October,Mwogo,Beans,0.79,0.58,58.0,Valley,Local Variety,Yes,Mixed (Organic + Inorganic),0.36,No,Beans,Low,Adequate,Yes,Yes,21.5,Sandy Soil,6.04,1.68,69.8,24.2,171.6,23.6,119.1,79.5,6.0,11.2,105.1,7.56
2021,Season A,January,Mareba,Rice,0.47,0.35,35.0,Valley,Local Variety,Partial,Inorganic (NPK),0.57,No,Beans,High,Limited,Yes,No,19.2,Sandy Loam,7.17,2.83,64.4,11.3,235.6,22.6,48.8,72.2,7.8,10.4,96.2,14.56
2024,Season A,January,Shyara,Beans,0.62,0.55,55.0,Hillside,Hybrid (MAC 44),No,None,0.0,No,Cassava,Medium,Adequate,Yes,No,17.3,Sandy Loam,6.16,2.36,56.9,21.3,284.1,25.0,41.7,71.3,8.1,10.3,95.5,7.3
2021,Season B,April,Mwogo,Beans,1.32,0.94,94.0,Flat,Hybrid (MAC 44),Yes,Organic (Compost),0.0,No,Beans,Medium,Limited,Yes,No,17.3,Sandy Soil,5.99,1.97,71.5,20.6,158.3,22.7,129.2,82.1,7.4,10.6,101.5,8.84
2021,Season B,May,Kamabuye,Beans,2.14,1.31,131.0,Valley,Local Variety,No,None,0.0,No,Maize,Medium,Limited,Yes,Yes,21.8,Clay Soil,7.36,2.3,40.3,21.3,203.4,24.1,68.1,78.5,6.5,9.8,115.2,5.63
2024,Season A,January,Juru,Rice,2.23,1.65,165.0,Flat,Hybrid (Komboka),No,None,0.0,No,Cassava,Low,Sufficient,Yes,Yes,14.1,Sandy Loam,6.77,2.5,49.4,23.1,174.3,23.7,51.0,61.5,7.8,10.4,112.5,21.95
2021,Season A,January,Mayange,Maize,2.32,2.02,202.0,Hillside,Local Variety,No,None,0.0,No,Fallow,Medium,Adequate,No,Yes,19.3,Sandy Loam,5.96,2.7,68.1,18.2,202.1,22.8,76.4,74.9,7.7,12.8,120.1,12.81
2023,Season A,January,Mareba,Beans,2.63,2.59,259.0,Valley,Hybrid (MAC 44),No,None,0.0,No,Maize,Low,Sufficient,Yes,Yes,9.6,Sandy Loam,7.29,2.92,55.4,11.6,246.4,21.3,62.0,76.1,7.8,11.3,123.6,9.96
2024,Season B,April,Musenyi,Maize,2.88,2.42,242.0,Flat,Local Variety,No,None,0.0,No,Beans,Low,Adequate,Yes,No,24.9,Loam,7.31,2.51,43.4,14.3,250.8,25.1,93.7,81.5,7.0,11.5,112.3,12.39
2022,Season B,April,Kamabuye,Beans,0.88,0.63,63.0,Hillside,Improved (RWR 2245),No,None,0.0,Partial,Cassava,Low,Limited,No,No,16.7,Clay Soil,7.15,2.35,38.3,17.6,212.8,23.7,131.8,80.4,5.8,10.7,114.6,9.97
2020,Season B,June,Mareba,Beans,1.12,0.99,99.0,Flat,Hybrid (MAC 44),No,None,0.0,No,Beans,Low,Adequate,No,No,12.7,Sandy Loam,6.85,2.94,58.5,12.7,233.6,22.0,30.5,66.3,9.2,11.8,107.7,6.79
2023,Season A,January,Rweru,Rice,0.19,0.15,15.0,Valley,Improved (IR64 / NERICA),No,None,0.0,Yes,Maize,High,Adequate,No,Yes,11.5,Clay Soil,7.07,2.76,62.5,13.4,185.1,22.5,51.7,77.3,7.6,13.1,103.1,24.32
2021,Season B,June,Mareba,Beans,0.34,0.3,30.0,Valley,Hybrid (MAC 44),Yes,Inorganic (NPK),1.32,No,Maize,High,Adequate,No,No,21.0,Sandy Loam,7.08,3.08,63.4,9.8,241.5,23.2,28.2,65.2,8.1,9.9,126.1,6.41
2020,Season B,April,Juru,Maize,1.93,1.8,180.0,Hillside,Improved (WH507),No,None,0.0,Yes,Fallow,High,Adequate,No,Yes,13.1,Sandy Loam,7.1,2.5,46.8,28.0,169.3,23.8,109.4,82.4,6.9,10.2,115.8,17.13
2023,Season A,November,Mayange,Rice,2.87,2.39,239.0,Flat,Hybrid (Komboka),Yes,Inorganic (NPK),2.66,No,Beans,Low,Limited,Yes,Yes,15.8,Sandy Loam,5.97,2.75,64.5,11.4,207.2,23.0,141.3,72.9,7.9,11.0,110.1,30.02
2022,Season B,June,Ntarama,Beans,2.2,1.79,179.0,Hillside,Improved (RWR 2245),Yes,Organic (Compost),0.0,Partial,Beans,Low,Sufficient,No,Yes,19.5,Sandy Soil,7.08,2.62,67.2,10.5,246.4,24.6,42.1,70.1,7.8,11.0,115.3,9.61
2024,Season B,June,Kamabuye,Maize,1.89,1.58,158.0,Flat,Improved (WH507),No,None,0.0,No,Maize,High,Sufficient,Yes,Yes,20.8,Clay Soil,7.14,2.32,44.7,17.1,212.6,23.1,23.9,64.3,8.8,10.4,132.9,10.6
2021,Season A,January,Gashora,Rice,2.58,2.14,214.0,Flat,Local Variety,No,None,0.0,No,Rice,Low,Sufficient,Yes,No,7.2,Loam,6.67,2.03,49.8,25.2,181.8,23.1,78.1,75.0,7.6,12.9,110.0,18.35
2024,Season B,May,Kamabuye,Maize,0.28,0.24,24.0,Valley,Local Variety,Partial,Organic (Compost),0.68,Yes,Beans,High,Adequate,Yes,No,17.0,Clay Soil,7.19,2.45,39.2,17.8,198.7,23.1,102.7,74.7,6.4,10.7,117.2,13.64
2024,Season A,January,Mayange,Maize,0.83,0.57,57.0,Flat,Local Variety,Partial,Inorganic (NPK),0.71,Yes,Cassava,Low,Sufficient,Yes,No,14.3,Sandy Loam,5.97,2.75,63.5,10.2,197.6,21.6,46.9,67.1,7.6,12.6,112.5,14.0
2024,Season B,May,Ruhuha,Maize,1.85,1.26,126.0,Hillside,Local Variety,No,None,0.0,No,Cassava,Low,Limited,No,Yes,7.0,Sandy Loam,6.98,2.32,60.7,17.2,196.8,24.1,107.9,80.6,6.8,9.0,109.9,11.96
2023,Season A,September,Ruhuha,Rice,2.51,1.67,167.0,Valley,Improved (IR64 / NERICA),No,None,0.0,No,Cassava,Low,Adequate,Yes,No,14.3,Sandy Loam,6.94,2.7,65.5,21.2,170.7,25.9,47.7,70.8,8.0,10.8,129.3,29.72
2022,Season A,January,Nyarugenge,Rice,0.7,0.49,49.0,Valley,Hybrid (Komboka),No,None,0.0,No,Rice,Low,Adequate,Yes,No,9.0,Clay Soil,6.22,2.44,43.0,22.4,202.5,22.5,64.3,75.8,7.8,12.7,94.6,19.87
2021,Season B,March,Musenyi,Maize,0.91,0.61,61.0,Flat,Local Variety,Yes,Inorganic (NPK),0.52,Partial,Beans,Low,Sufficient,Yes,Yes,21.9,Loam,7.13,2.24,41.4,14.3,237.1,22.6,63.7,80.6,6.7,12.2,96.7,13.81
2023,Season B,June,Nyarugenge,Beans,1.05,0.7,70.0,Flat,Improved (RWR 2245),No,None,0.0,No,Rice,Low,Adequate,No,No,12.9,Clay Soil,6.28,2.09,39.7,21.1,197.2,23.2,22.0,64.1,9.0,12.3,124.6,8.7
2024,Season A,September,Rilima,Rice,0.81,0.8,80.0,Valley,Improved (IR64 / NERICA),Yes,Organic (Compost),0.0,No,Maize,High,Adequate,Yes,Yes,11.0,Sandy Soil,6.09,1.77,38.5,16.0,222.1,23.7,86.2,71.0,7.7,11.5,107.0,31.34
2020,Season B,March,Musenyi,Rice,0.37,0.36,36.0,Valley,Improved (IR64 / NERICA),Partial,Organic (Compost),0.64,Yes,Maize,Low,Adequate,No,Yes,21.2,Loam,7.1,2.31,42.5,12.7,260.6,23.5,61.0,74.7,6.3,10.8,114.3,30.22
2020,Season A,November,Ntarama,Maize,0.63,0.39,39.0,Valley,Improved (WH507),Yes,Mixed (Organic + Inorganic),0.64,Yes,Beans,Low,Adequate,Yes,No,12.4,Sandy Soil,6.98,2.9,61.7,10.6,249.1,25.1,118.7,82.3,7.5,11.0,108.0,23.41
2022,Season B,June,Rilima,Beans,2.33,1.84,184.0,Hillside,Improved (RWR 2245),No,None,0.0,No,Rice,Low,Adequate,No,No,14.4,Sandy Soil,6.1,1.63,43.6,14.3,220.4,23.2,41.4,57.4,8.3,13.1,102.9,8.9
2020,Season B,May,Mayange,Rice,2.08,1.84,184.0,Valley,Improved (IR64 / NERICA),Partial,Organic (Compost),0.57,No,Rice,Low,Adequate,Yes,Yes,18.8,Sandy Loam,6.05,2.65,67.2,13.4,202.6,23.6,108.3,79.3,6.9,9.2,88.8,37.12
2022,Season A,September,Shyara,Beans,0.12,0.09,9.0,Valley,Improved (RWR 2245),No,None,0.0,No,Beans,Low,Limited,Yes,No,13.0,Sandy Loam,5.98,2.32,55.2,19.6,267.5,24.2,68.1,75.8,7.7,13.6,106.4,11.14
2024,Season B,June,Ngeruka,Beans,1.67,1.44,144.0,Hillside,Local Variety,Yes,Organic (Compost),0.0,Partial,Beans,Low,Limited,No,No,16.7,Loam,6.88,2.51,79.6,20.3,204.1,21.0,25.2,59.2,8.3,10.0,119.7,4.99
2022,Season A,October,Mareba,Maize,2.18,1.82,182.0,Flat,Local Variety,Yes,Inorganic (NPK),1.16,Yes,Cassava,Medium,Adequate,Yes,No,22.7,Sandy Loam,7.16,2.92,60.8,11.8,240.1,24.8,153.0,81.0,6.6,10.3,99.0,16.04
2020,Season A,January,Mwogo,Rice,0.59,0.45,45.0,Flat,Improved (IR64 / NERICA),Partial,Inorganic (NPK),0.43,Partial,Beans,Low,Sufficient,Yes,Yes,6.7,Sandy Soil,6.12,2.15,68.0,21.3,162.1,21.3,39.7,74.1,7.1,10.7,115.7,34.47
2024,Season A,November,Nyarugenge,Rice,0.15,0.13,13.0,Valley,Improved (IR64 / NERICA),Yes,Mixed (Organic + Inorganic),0.77,Yes,Maize,Medium,Adequate,Yes,Yes,22.3,Clay Soil,6.21,2.04,41.8,22.3,177.7,25.3,114.1,81.3,7.0,10.8,108.1,42.53
2020,Season B,May,Shyara,Beans,0.51,0.39,39.0,Flat,Improved (RWR 2245),No,None,0.0,Yes,Fallow,Low,Sufficient,Yes,No,9.8,Sandy Loam,5.91,2.23,55.9,20.8,268.5,21.3,47.4,73.2,7.0,8.9,105.6,11.4
2020,Season A,January,Kamabuye,Beans,2.59,2.24,224.0,Hillside,Local Variety,Yes,Mixed (Organic + Inorganic),1.38,No,Maize,Medium,Adequate,Yes,No,23.6,Clay Soil,7.06,2.37,36.7,18.6,205.3,22.8,66.3,68.0,7.8,10.8,114.0,7.66
2024,Season A,November,Mwogo,Beans,0.31,0.25,25.0,Valley,Improved (RWR 2245),Partial,Inorganic (NPK),0.24,Partial,Beans,Medium,Adequate,No,Yes,18.1,Sandy Soil,5.92,2.01,62.2,22.8,179.8,20.6,116.1,84.2,7.6,10.3,112.2,12.85
2021,Season A,October,Mayange,Rice,0.4,0.39,39.0,Valley,Improved (IR64 / NERICA),Partial,Organic (Compost),0.57,Yes,Maize,Low,Adequate,No,No,13.9,Sandy Loam,6.15,2.71,63.0,14.1,199.4,23.7,91.9,75.5,6.5,10.4,100.5,40.07
2020,Season A,October,Mwogo,Maize,2.77,2.3,230.0,Hillside,Hybrid (H614D),Yes,Inorganic (NPK),0.9,No,Beans,Low,Adequate,Yes,No,17.5,Sandy Soil,6.17,2.25,69.9,18.2,159.6,22.1,130.8,82.4,6.5,9.6,99.7,33.63
2021,Season A,January,Kamabuye,Maize,2.68,2.29,229.0,Flat,Hybrid (H614D),Yes,Organic (Compost),0.0,Yes,Beans,Low,Adequate,No,No,10.3,Clay Soil,7.09,2.55,43.1,15.6,200.9,23.8,88.5,71.0,9.2,10.7,100.1,30.59
2020,Season B,June,Rilima,Maize,1.82,1.29,129.0,Flat,Local Variety,Yes,Organic (Compost),0.0,No,Beans,High,Adequate,Yes,Yes,9.9,Sandy Soil,6.17,1.74,41.3,17.8,209.6,23.4,46.6,73.6,8.0,11.8,98.8,10.18
2020,Season B,March,Ruhuha,Beans,0.49,0.42,42.0,Flat,Improved (RWR 2245),No,None,0.0,No,Cassava,Low,Adequate,No,Yes,7.5,Sandy Loam,6.97,2.57,63.5,18.3,176.9,23.2,60.6,70.1,6.8,13.0,116.7,10.98
2024,Season A,December,Shyara,Beans,1.93,1.24,124.0,Valley,Hybrid (MAC 44),Yes,Inorganic (NPK),0.6,Partial,Maize,Medium,Adequate,No,No,10.0,Sandy Loam,6.0,2.56,57.9,22.5,259.5,22.5,59.4,75.8,7.6,12.0,124.2,11.39
2024,Season A,September,Ngeruka,Maize,2.34,2.06,206.0,Valley,Improved (WH507),No,None,0.0,No,Fallow,Low,Adequate,No,No,5.0,Loam,6.92,3.04,73.4,20.1,188.3,23.9,68.8,87.9,7.9,10.4,124.8,15.03
2024,Season B,April,Mwogo,Maize,1.51,1.0,100.0,Hillside,Local Variety,Yes,Mixed (Organic + Inorganic),0.52,No,Beans,Low,Adequate,Yes,No,20.0,Sandy Soil,5.87,1.91,69.1,21.7,168.3,26.1,109.0,80.2,7.5,9.7,119.1,15.73
2021,Season A,November,Mayange,Maize,2.61,2.18,218.0,Flat,Local Variety,No,None,0.0,No,Rice,Low,Adequate,Yes,No,23.6,Sandy Loam,5.99,2.7,68.6,14.3,209.5,23.8,78.5,67.5,7.6,11.1,111.8,13.85
2022,Season A,January,Nyarugenge,Maize,1.76,1.12,112.0,Valley,Hybrid (H614D),Yes,Organic (Compost),0.0,No,Beans,Medium,Sufficient,Yes,No,9.7,Clay Soil,6.43,2.3,41.8,21.1,212.0,22.4,65.5,68.1,7.7,11.1,100.7,27.03
2022,Season A,October,Nyamata,Beans,2.37,1.99,199.0,Flat,Local Variety,Partial,Inorganic (NPK),0.56,No,Maize,Medium,Adequate,Yes,Yes,14.8,Clay Soil,7.16,3.19,79.5,23.1,259.4,21.9,79.1,76.3,6.6,8.5,112.5,7.53
2021,Season A,January,Gashora,Rice,2.38,2.36,236.0,Valley,Hybrid (Komboka),Yes,Inorganic (NPK),2.17,No,Maize,Medium,Adequate,Yes,Yes,14.6,Loam,6.64,2.15,49.0,21.2,180.8,20.7,59.7,75.1,7.3,10.6,123.5,21.29
2024,Season A,October,Musenyi,Maize,2.16,2.12,212.0,Valley,Local Variety,Yes,Organic (Compost),0.0,Partial,Rice,High,Adequate,Yes,No,14.1,Loam,7.21,2.23,39.6,10.2,249.2,23.0,89.5,77.8,6.4,10.4,89.0,13.27
2020,Season B,May,Mwogo,Rice,2.1,1.76,176.0,Flat,Improved (IR64 / NERICA),Partial,Inorganic (NPK),0.74,No,Beans,Medium,Adequate,No,Yes,24.8,Sandy Soil,6.02,2.11,64.8,21.6,151.3,22.9,101.8,77.3,7.6,11.7,97.0,33.02
2022,Season B,March,Rilima,Maize,0.44,0.3,30.0,Hillside,Improved (WH507),No,None,0.0,No,Beans,Medium,Adequate,No,Yes,15.2,Sandy Soil,5.93,2.06,43.7,19.7,220.7,24.2,61.8,73.8,6.8,11.6,96.5,17.63
2021,Season B,June,Gashora,Beans,2.15,1.74,174.0,Flat,Improved (RWR 2245),No,None,0.0,Yes,Beans,High,Sufficient,No,No,14.2,Loam,6.54,2.23,47.2,24.5,197.6,21.0,41.5,69.1,6.9,12.6,127.5,9.05
2024,Season A,January,Musenyi,Maize,2.22,1.37,137.0,Flat,Improved (WH507),Yes,Inorganic (NPK),0.5,Yes,Beans,High,Adequate,Yes,No,21.1,Loam,7.15,2.88,41.3,15.9,267.4,23.1,57.9,82.6,7.6,10.9,92.3,17.26
2023,Season A,December,Juru,Maize,2.65,2.21,221.0,Hillside,Local Variety,No,None,0.0,Partial,Maize,High,Adequate,Yes,Yes,23.3,Sandy Loam,6.96,2.68,50.4,24.7,199.5,22.9,79.1,70.5,8.3,10.5,94.8,11.11
2022,Season B,May,Mayange,Beans,0.73,0.56,56.0,Flat,Hybrid (MAC 44),No,None,0.0,Partial,Cassava,Medium,Limited,No,No,18.6,Sandy Loam,5.93,2.77,59.8,10.7,199.1,23.8,96.5,82.6,6.7,9.8,95.6,8.56
2020,Season A,October,Ngeruka,Beans,0.51,0.47,47.0,Hillside,Local Variety,Yes,Organic (Compost),0.0,Partial,Maize,Medium,Sufficient,No,No,23.5,Loam,7.18,2.7,72.9,20.3,196.3,25.3,88.4,80.6,5.3,10.0,109.7,7.11
2023,Season B,June,Musenyi,Beans,2.81,2.3,230.0,Flat,Improved (RWR 2245),Yes,Mixed (Organic + Inorganic),0.32,Yes,Rice,Low,Sufficient,Yes,No,18.3,Loam,6.94,2.5,40.2,15.4,252.9,22.6,40.7,61.0,7.7,11.5,117.4,11.79
2020,Season A,September,Nyamata,Rice,2.48,2.12,212.0,Valley,Hybrid (Komboka),No,None,0.0,No,Cassava,Low,Sufficient,No,No,14.6,Clay Soil,6.99,2.88,74.2,22.5,261.8,21.8,81.2,69.4,6.8,13.0,126.4,21.41
2024,Season B,May,Shyara,Rice,1.49,1.32,132.0,Valley,Local Variety,Yes,Organic (Compost),0.0,No,Beans,Low,Limited,Yes,Yes,22.9,Sandy Loam,6.09,2.53,52.0,22.7,278.4,23.7,48.7,66.5,7.9,11.2,106.0,19.03
2023,Season A,October,Shyara,Rice,1.28,1.14,114.0,Valley,Hybrid (Komboka),Partial,Organic (Compost),0.53,No,Beans,Medium,Adequate,Yes,Yes,17.9,Sandy Loam,6.0,2.06,60.4,21.4,256.1,23.7,150.2,79.9,6.1,9.4,93.6,32.11
2021,Season A,November,Shyara,Beans,2.35,1.79,179.0,Hillside,Hybrid (MAC 44),Yes,Organic (Compost),0.0,Yes,Maize,Low,Sufficient,Yes,No,23.7,Sandy Loam,6.04,2.35,56.9,21.1,258.4,23.0,142.0,83.4,6.6,11.9,92.2,11.62
2021,Season A,September,Ngeruka,Rice,2.49,2.37,237.0,Hillside,Local Variety,Yes,Inorganic (NPK),1.37,No,Beans,Low,Sufficient,Yes,No,10.8,Loam,7.01,2.63,76.8,19.5,185.8,23.2,59.1,70.9,7.0,11.9,113.5,21.19
2024,Season A,January,Ntarama,Rice,2.55,1.53,153.0,Valley,Hybrid (Komboka),Yes,Mixed (Organic + Inorganic),1.3,No,Maize,Medium,Adequate,Yes,No,19.3,Sandy Soil,7.2,2.88,62.1,13.9,257.3,21.4,67.6,77.4,6.6,12.1,113.1,24.19
2023,Season B,June,Ruhuha,Beans,0.53,0.49,49.0,Flat,Local Variety,No,None,0.0,Yes,Maize,Low,Adequate,Yes,No,21.3,Sandy Loam,6.92,2.49,65.5,20.9,184.1,24.4,46.3,66.9,8.0,14.1,116.0,5.8
2021,Season B,May,Rweru,Beans,0.42,0.39,39.0,Flat,Local Variety,Partial,Inorganic (NPK),0.33,No,Cassava,Medium,Adequate,No,No,21.3,Clay Soil,7.01,2.33,67.7,17.1,191.9,23.4,48.7,78.8,6.8,11.9,93.9,6.48
2020,Season A,October,Rilima,Maize,1.72,1.41,141.0,Flat,Improved (WH507),No,None,0.0,Partial,Beans,High,Adequate,No,No,20.9,Sandy Soil,6.17,1.99,39.6,17.6,226.4,24.7,141.2,85.7,6.7,10.9,94.0,15.81
2024,Season B,April,Rilima,Rice,0.99,0.59,59.0,Hillside,Hybrid (Komboka),Yes,Mixed (Organic + Inorganic),1.64,No,Maize,Medium,Adequate,Yes,Yes,7.0,Sandy Soil,6.15,1.66,49.6,19.1,229.6,24.2,80.3,80.4,6.6,8.9,99.5,30.14
2021,Season A,November,Shyara,Maize,2.94,2.46,246.0,Flat,Improved (WH507),Partial,Inorganic (NPK),0.53,No,Maize,Medium,Adequate,Yes,Yes,12.4,Sandy Loam,6.16,2.31,57.0,19.0,273.8,22.1,130.3,76.0,7.6,12.2,96.8,17.7
2024,Season B,May,Rilima,Maize,2.03,1.52,152.0,Hillside,Local Variety,No,None,0.0,Yes,Beans,Low,Sufficient,No,No,20.5,Sandy Soil,6.16,1.65,43.7,17.8,220.2,24.2,76.2,82.2,6.6,10.0,97.9,13.95
2022,Season A,January,Rilima,Beans,0.54,0.33,33.0,Flat,Hybrid (MAC 44),Partial,Inorganic (NPK),0.48,No,Maize,Low,Adequate,Yes,No,5.9,Sandy Soil,6.2,1.72,40.5,14.4,207.7,23.3,44.4,70.3,7.9,11.4,94.4,8.08
2021,Season B,February,Nyarugenge,Beans,0.27,0.17,17.0,Hillside,Improved (RWR 2245),Yes,Mixed (Organic + Inorganic),0.92,No,Cassava,Medium,Adequate,Yes,Yes,9.9,Clay Soil,6.15,2.29,44.4,26.3,203.9,22.5,95.6,77.9,7.6,10.6,105.1,14.64
2022,Season A,November,Ruhuha,Rice,0.21,0.16,16.0,Hillside,Hybrid (Komboka),No,None,0.0,No,Cassava,Medium,Limited,No,No,19.7,Sandy Loam,6.89,2.42,64.5,17.6,191.9,24.5,98.8,76.7,8.1,8.8,96.5,22.41
2020,Season A,December,Mayange,Rice,1.81,1.36,136.0,Flat,Hybrid (Komboka),Partial,Inorganic (NPK),0.25,No,Rice,Low,Adequate,Yes,No,5.4,Sandy Loam,6.0,2.94,65.5,11.7,195.8,20.9,81.4,69.8,7.5,12.2,115.1,26.76
2022,Season B,June,Nyamata,Rice,0.12,0.11,11.0,Flat,Hybrid (Komboka),Yes,Inorganic (NPK),1.45,Partial,Maize,High,Limited,Yes,Yes,12.9,Clay Soil,7.14,3.28,76.9,23.0,243.9,22.6,25.0,68.0,8.8,11.1,124.7,19.14
2022,Season A,November,Ngeruka,Rice,1.92,1.73,173.0,Flat,Hybrid (Komboka),Partial,Inorganic (NPK),0.16,No,Beans,Medium,Limited,Yes,Yes,20.2,Loam,7.12,2.87,74.9,20.8,190.6,23.5,124.7,83.5,7.3,8.4,116.6,27.71
2020,Season B,February,Mareba,Maize,1.78,1.33,133.0,Hillside,Improved (WH507),Yes,Organic (Compost),0.0,Partial,Fallow,Low,Sufficient,Yes,No,16.1,Sandy Loam,7.1,2.82,66.7,9.0,237.8,22.9,51.6,71.4,7.8,11.3,109.4,18.28
2021,Season A,September,Gashora,Rice,2.7,1.62,162.0,Flat,Local Variety,No,None,0.0,Yes,Rice,Low,Adequate,Yes,No,18.2,Loam,6.51,2.08,51.3,23.9,196.7,23.7,68.6,77.9,7.6,11.7,125.8,17.15
2021,Season A,December,Nyamata,Beans,2.81,2.72,272.0,Hillside,Improved (RWR 2245),No,None,0.0,No,Cassava,Low,Limited,Yes,Yes,9.3,Clay Soil,7.24,3.38,73.9,21.1,262.4,22.6,117.8,79.9,7.4,10.4,103.5,11.83
2020,Season B,June,Mareba,Beans,0.72,0.68,68.0,Valley,Improved (RWR 2245),Yes,Mixed (Organic + Inorganic),0.66,No,Cassava,Medium,Adequate,No,No,10.4,Sandy Loam,7.23,3.21,66.3,10.7,228.0,23.9,24.3,67.9,7.6,13.0,114.4,10.33
2022,Season B,April,Ruhuha,Maize,1.92,1.64,164.0,Hillside,Improved (WH507),No,None,0.0,No,Cassava,Low,Sufficient,No,No,9.0,Sandy Loam,7.13,2.55,64.6,17.7,207.4,20.9,110.2,80.6,5.9,11.2,95.9,16.37
2022,Season A,October,Kamabuye,Beans,0.65,0.62,62.0,Valley,Improved (RWR 2245),Yes,Organic (Compost),0.0,Yes,Beans,Low,Sufficient,Yes,No,11.5,Clay Soil,7.08,2.37,49.7,21.9,207.7,24.3,125.7,89.4,6.7,11.2,98.4,13.66
2024,Season B,May,Ntarama,Rice,0.79,0.47,47.0,Valley,Hybrid (Komboka),Yes,Mixed (Organic + Inorganic),0.68,No,Beans,Low,Sufficient,No,Yes,8.0,Sandy Soil,7.14,2.68,61.4,10.4,241.3,26.2,52.0,73.5,7.4,10.3,115.7,22.27
2021,Season B,June,Nyamata,Beans,2.18,1.49,149.0,Flat,Local Variety,Yes,Mixed (Organic + Inorganic),0.47,Yes,Beans,Low,Adequate,Yes,No,7.5,Clay Soil,7.14,3.22,76.1,24.3,247.4,24.1,45.4,70.4,8.6,12.7,110.3,6.28
2020,Season A,January,Ngeruka,Rice,1.32,1.23,123.0,Hillside,Improved (IR64 / NERICA),No,None,0.0,Yes,Maize,Medium,Adequate,Yes,No,16.1,Loam,7.01,2.76,73.8,20.6,197.2,23.1,44.0,65.7,7.4,10.8,107.9,29.3
2020,Season B,June,Mwogo,Beans,1.5,1.5,150.0,Flat,Hybrid (MAC 44),No,None,0.0,Yes,Rice,Low,Adequate,Yes,No,7.1,Sandy Soil,5.76,2.32,65.3,22.4,160.3,23.6,42.6,64.5,8.4,12.5,113.2,8.22
2024,Season B,May,Nyarugenge,Beans,0.4,0.28,28.0,Valley,Hybrid (MAC 44),No,None,0.0,Yes,Fallow,Medium,Sufficient,Yes,Yes,8.3,Clay Soil,6.29,2.13,42.6,21.3,186.6,24.6,104.2,81.0,6.6,8.3,103.1,8.69
2021,Season A,January,Ntarama,Rice,1.76,1.61,161.0,Valley,Improved (IR64 / NERICA),Yes,Organic (Compost),0.0,No,Beans,Medium,Adequate,No,Yes,8.9,Sandy Soil,7.13,2.86,69.2,11.8,238.4,23.4,55.0,67.4,8.5,13.1,104.8,30.56
2024,Season B,June,Ntarama,Beans,0.99,0.93,93.0,Flat,Local Variety,Yes,Mixed (Organic + Inorganic),1.29,No,Maize,Medium,Limited,No,No,21.6,Sandy Soil,7.17,2.96,67.0,13.0,246.4,23.6,36.5,67.6,7.9,11.8,111.7,4.81
2023,Season B,April,Ruhuha,Rice,0.73,0.63,63.0,Valley,Improved (IR64 / NERICA),No,None,0.0,No,Cassava,High,Limited,No,Yes,12.3,Sandy Loam,7.11,2.68,63.2,18.8,184.5,23.9,68.2,76.2,6.1,10.4,110.7,19.4
2022,Season A,September,Shyara,Maize,0.88,0.81,81.0,Valley,Improved (WH507),Partial,Inorganic (NPK),0.75,No,Rice,Low,Limited,Yes,No,11.6,Sandy Loam,5.99,2.3,55.6,21.5,263.5,25.3,50.2,68.3,7.8,10.8,99.1,14.0
2023,Season B,February,Juru,Maize,0.51,0.39,39.0,Valley,Improved (WH507),No,None,0.0,No,Rice,Medium,Limited,Yes,No,16.9,Sandy Loam,7.12,2.62,45.9,19.3,178.4,24.2,53.9,71.5,8.5,11.4,123.3,12.56
2023,Season B,March,Rweru,Beans,1.06,0.76,76.0,Hillside,Hybrid (MAC 44),Yes,Organic (Compost),0.0,Yes,Beans,High,Adequate,Yes,No,6.2,Clay Soil,7.03,2.64,66.6,11.1,170.8,23.9,126.1,74.0,6.7,10.2,99.7,8.24
2022,Season B,April,Mareba,Maize,2.63,1.9,190.0,Hillside,Local Variety,No,None,0.0,Partial,Cassava,Medium,Adequate,Yes,No,13.8,Sandy Loam,7.17,2.87,57.2,11.3,245.0,21.8,73.0,83.0,7.1,9.5,112.0,10.84
2020,Season B,April,Gashora,Beans,0.66,0.55,55.0,Valley,Hybrid (MAC 44),Yes,Inorganic (NPK),1.11,No,Cassava,Low,Adequate,Yes,Yes,24.9,Loam,6.49,2.17,50.9,21.2,189.7,24.2,98.5,78.2,6.6,10.2,117.3,10.87
2023,Season B,May,Mayange,Beans,2.49,2.47,247.0,Hillside,Improved (RWR 2245),Yes,Mixed (Organic + Inorganic),1.15,No,Maize,High,Sufficient,No,No,20.9,Sandy Loam,5.92,2.63,69.0,15.4,205.3,24.2,47.7,83.1,7.1,9.8,116.8,9.78
2021,Season B,March,Rilima,Maize,0.13,0.11,11.0,Flat,Local Variety,Partial,Inorganic (NPK),0.43,Partial,Beans,Low,Adequate,Yes,Yes,15.7,Sandy Soil,6.12,1.9,50.8,17.0,205.7,21.9,67.2,73.3,6.7,10.0,107.1,14.12
2020,Season A,December,Mwogo,Maize,2.46,2.21,221.0,Flat,Improved (WH507),Partial,Organic (Compost),0.49,Partial,Beans,Medium,Sufficient,Yes,No,19.1,Sandy Soil,5.95,1.92,67.5,21.3,165.9,23.0,96.0,73.0,7.2,10.6,107.3,22.31
2021,Season B,March,Shyara,Beans,1.86,1.67,167.0,Hillside,Improved (RWR 2245),Yes,Inorganic (NPK),0.7,Yes,Fallow,High,Adequate,Yes,Yes,22.0,Sandy Loam,6.03,2.25,54.0,18.9,272.9,21.2,123.7,79.7,6.5,10.0,95.9,13.3
2024,Season B,May,Nyamata,Beans,2.61,2.11,211.0,Flat,Improved (RWR 2245),No,None,0.0,Partial,Rice,Low,Sufficient,Yes,No,22.2,Clay Soil,7.16,3.41,78.3,23.1,250.3,24.1,52.2,70.8,7.0,9.8,97.8,11.56
2021,Season B,February,Nyamata,Maize,1.55,1.05,105.0,Flat,Local Variety,Yes,Mixed (Organic + Inorganic),1.51,Yes,Fallow,Low,Adequate,No,No,23.0,Clay Soil,7.13,3.45,73.1,25.0,264.8,24.4,91.4,76.7,7.3,11.2,110.3,15.98
2024,Season B,June,Mareba,Maize,0.98,0.83,83.0,Flat,Hybrid (H614D),No,None,0.0,No,Cassava,Medium,Sufficient,Yes,Yes,8.8,Sandy Loam,7.13,2.86,58.9,11.4,233.9,21.9,29.1,68.2,8.6,11.5,108.0,16.44
2021,Season A,November,Nyamata,Rice,1.76,1.44,144.0,Flat,Hybrid (Komboka),No,None,0.0,No,Beans,High,Sufficient,Yes,Yes,8.0,Clay Soil,7.28,3.09,73.9,22.2,248.4,24.4,110.4,78.1,6.5,10.9,110.2,26.45
2023,Season A,September,Mwogo,Beans,2.67,1.75,175.0,Valley,Improved (RWR 2245),Yes,Mixed (Organic + Inorganic),0.89,Yes,Beans,Low,Sufficient,No,No,16.9,Sandy Soil,6.27,1.82,67.3,19.2,165.7,24.1,86.0,72.3,6.9,12.3,105.8,16.46
2020,Season A,November,Musenyi,Beans,1.03,0.75,75.0,Valley,Improved (RWR 2245),No,None,0.0,No,Maize,Low,Sufficient,No,Yes,22.0,Loam,7.15,2.3,46.0,9.6,249.5,23.3,106.9,84.4,7.5,11.8,89.8,11.73
2021,Season B,April,Ngeruka,Rice,1.17,1.0,100.0,Valley,Hybrid (Komboka),Yes,Mixed (Organic + Inorganic),0.59,No,Beans,High,Adequate,Yes,Yes,11.6,Loam,6.96,2.67,72.6,18.5,212.3,22.1,141.8,80.8,6.6,11.7,117.9,26.04
2021,Season A,December,Nyamata,Beans,1.17,0.96,96.0,Flat,Hybrid (MAC 44),Yes,Mixed (Organic + Inorganic),1.49,No,Rice,High,Adequate,No,Yes,19.1,Clay Soil,7.02,3.28,77.6,21.6,248.9,24.4,115.2,74.9,7.8,10.8,101.5,9.25
2020,Season B,June,Mayange,Rice,0.92,0.71,71.0,Flat,Hybrid (Komboka),No,None,0.0,Partial,Beans,Low,Adequate,No,No,14.0,Sandy Loam,6.11,2.56,69.1,14.9,189.8,21.6,35.1,67.2,7.5,11.9,126.4,22.29
2021,Season B,March,Nyarugenge,Maize,1.82,1.35,135.0,Valley,Hybrid (H614D),Partial,Inorganic (NPK),0.52,No,Fallow,Medium,Adequate,No,No,8.9,Clay Soil,6.15,2.17,39.4,20.5,193.6,22.0,118.0,81.0,7.3,11.6,127.9,24.14
2021,Season A,September,Shyara,Maize,1.35,1.15,115.0,Valley,Improved (WH507),No,None,0.0,Yes,Rice,Low,Sufficient,Yes,No,24.6,Sandy Loam,6.07,2.12,55.1,22.8,261.1,24.2,82.7,68.2,8.4,12.7,114.1,18.43
2024,Season B,February,Ruhuha,Rice,0.13,0.1,10.0,Flat,Improved (IR64 / NERICA),Partial,Inorganic (NPK),0.48,Yes,Rice,High,Sufficient,No,No,5.5,Sandy Loam,7.0,2.69,64.1,15.9,183.1,20.0,54.4,68.8,6.4,12.8,99.1,22.02
2023,Season A,January,Ruhuha,Rice,0.5,0.34,34.0,Valley,Hybrid (Komboka),Yes,Inorganic (NPK),2.56,No,Maize,Low,Adequate,Yes,No,10.8,Sandy Loam,7.09,2.29,57.8,15.5,192.7,23.0,45.6,75.5,7.7,9.2,100.3,23.29
2020,Season B,February,Mayange,Beans,2.18,1.78,178.0,Flat,Hybrid (MAC 44),No,None,0.0,No,Rice,Low,Adequate,Yes,No,9.2,Sandy Loam,6.06,2.67,64.5,9.9,212.9,23.1,83.3,71.2,7.6,10.2,120.7,9.23
2024,Season B,April,Kamabuye,Rice,2.33,2.08,208.0,Valley,Improved (IR64 / NERICA),Yes,Organic (Compost),0.0,No,Maize,Medium,Adequate,No,Yes,14.3,Clay Soil,6.98,2.1,34.2,19.0,223.3,23.9,119.7,84.0,6.7,10.0,111.5,30.84
2024,Season B,June,Ntarama,Maize,2.56,2.48,248.0,Flat,Improved (WH507),No,None,0.0,Yes,Beans,Low,Sufficient,No,No,24.0,Sandy Soil,7.31,2.93,64.8,11.4,253.4,23.4,35.1,68.5,7.8,10.9,100.1,16.32
2022,Season B,February,Kamabuye,Maize,2.42,1.57,157.0,Hillside,Improved (WH507),Partial,Organic (Compost),0.72,No,Maize,Medium,Sufficient,No,No,24.4,Clay Soil,7.08,2.33,43.5,22.1,223.3,25.1,96.9,68.6,8.1,11.2,109.7,16.42
2023,Season A,September,Mayange,Maize,1.46,1.27,127.0,Flat,Improved (WH507),No,None,0.0,No,Fallow,Low,Sufficient,No,Yes,8.2,Sandy Loam,5.91,2.56,59.7,12.5,212.9,20.7,56.8,75.2,8.1,12.0,126.3,15.48
2024,Season A,November,Juru,Rice,2.37,1.87,187.0,Flat,Hybrid (Komboka),No,None,0.0,No,Fallow,Medium,Adequate,No,Yes,21.3,Sandy Loam,6.85,2.83,49.1,26.5,179.0,23.4,79.7,79.6,7.7,10.6,116.7,24.08
2020,Season A,December,Ntarama,Rice,2.46,2.38,238.0,Hillside,Local Variety,Partial,Inorganic (NPK),0.52,Yes,Beans,High,Adequate,Yes,No,14.0,Sandy Soil,7.29,3.0,63.1,9.5,251.3,21.6,81.2,70.6,7.0,12.2,117.7,20.77
2023,Season A,January,Kamabuye,Rice,0.87,0.8,80.0,Flat,Improved (IR64 / NERICA),No,None,0.0,Yes,Beans,Medium,Limited,No,No,18.6,Clay Soil,7.03,2.02,38.3,18.5,196.4,20.0,91.7,65.1,8.0,11.8,115.1,28.52
2022,Season A,November,Rweru,Maize,1.67,1.18,118.0,Hillside,Local Variety,Yes,Inorganic (NPK),1.49,Yes,Beans,Low,Limited,Yes,No,20.2,Clay Soil,7.13,2.8,60.6,11.2,184.1,25.7,139.0,77.8,7.1,11.4,97.1,15.73
2024,Season B,May,Ntarama,Maize,1.63,1.47,147.0,Flat,Local Variety,Yes,Mixed (Organic + Inorganic),1.7,Yes,Rice,High,Adequate,Yes,No,20.5,Sandy Soil,7.12,3.0,59.9,6.8,241.6,21.1,64.8,82.9,6.4,9.4,98.1,14.14
2022,Season A,January,Ngeruka,Maize,0.14,0.11,11.0,Flat,Improved (WH507),Partial,Inorganic (NPK),0.39,No,Rice,High,Adequate,No,No,12.4,Loam,6.98,2.86,75.1,20.1,203.3,20.0,47.1,71.3,7.7,11.0,113.9,12.94
2021,Season A,September,Nyarugenge,Maize,1.01,0.77,77.0,Hillside,Hybrid (H614D),Partial,Inorganic (NPK),0.38,Yes,Beans,High,Adequate,Yes,No,18.4,Clay Soil,6.35,2.23,38.6,25.6,196.4,23.4,83.5,68.3,6.8,10.1,117.6,27.36
2024,Season A,January,Gashora,Beans,1.11,0.9,90.0,Valley,Improved (RWR 2245),Partial,Inorganic (NPK),0.76,Partial,Maize,Low,Adequate,Yes,Yes,22.3,Loam,6.51,2.0,49.0,23.5,188.9,23.5,80.1,69.7,8.8,9.5,94.2,15.22
2024,Season A,January,Ngeruka,Beans,1.06,0.99,99.0,Hillside,Hybrid (MAC 44),Yes,Organic (Compost),0.0,Yes,Beans,Low,Adequate,Yes,No,20.1,Loam,7.16,2.62,70.7,21.3,197.4,22.7,56.9,80.0,7.5,10.3,105.7,9.97
2021,Season B,April,Shyara,Maize,2.13,1.6,160.0,Valley,Improved (WH507),No,None,0.0,Yes,Rice,Medium,Adequate,No,No,22.6,Sandy Loam,6.17,2.32,53.3,20.9,276.0,23.8,121.9,78.1,5.8,9.5,113.6,18.11
2024,Season B,May,Ngeruka,Beans,2.91,2.49,249.0,Flat,Improved (RWR 2245),Yes,Mixed (Organic + Inorganic),0.59,Partial,Beans,Low,Sufficient,No,No,24.8,Loam,7.08,2.84,73.2,18.2,201.8,25.0,52.3,93.8,6.5,10.0,90.6,11.87
2021,Season A,November,Nyamata,Beans,2.34,2.18,218.0,Flat,Hybrid (MAC 44),No,None,0.0,No,Rice,High,Adequate,Yes,No,8.2,Clay Soil,7.23,3.37,82.9,23.8,254.4,24.3,86.5,79.9,6.8,11.6,114.3,7.44
2023,Season B,May,Rilima,Maize,1.31,1.25,125.0,Flat,Hybrid (H614D),Yes,Organic (Compost),0.0,Partial,Maize,Low,Adequate,Yes,Yes,15.7,Sandy Soil,6.03,1.78,40.5,14.4,221.7,25.5,63.6,76.2,6.7,10.1,95.2,24.32
2023,Season A,September,Ngeruka,Beans,2.18,2.02,202.0,Valley,Local Variety,No,None,0.0,No,Maize,Medium,Adequate,Yes,No,20.0,Loam,6.95,2.57,68.4,15.6,192.9,23.9,56.4,77.6,6.9,10.8,127.3,5.9
2020,Season A,September,Ruhuha,Beans,1.08,0.81,81.0,Hillside,Hybrid (MAC 44),Yes,Organic (Compost),0.0,Yes,Rice,Medium,Adequate,No,No,10.8,Sandy Loam,7.01,2.37,58.6,16.8,187.8,24.7,66.2,71.5,7.7,13.6,101.3,11.31
2023,Season A,January,Mayange,Beans,1.2,0.72,72.0,Valley,Improved (RWR 2245),Yes,Inorganic (NPK),1.08,No,Beans,Medium,Limited,No,Yes,21.2,Sandy Loam,6.07,2.72,63.9,13.3,204.1,22.0,71.0,71.9,8.0,11.9,107.9,14.85
2023,Season A,January,Nyarugenge,Maize,0.5,0.41,41.0,Valley,Improved (WH507),Partial,Inorganic (NPK),0.58,Yes,Maize,Low,Adequate,No,Yes,18.8,Clay Soil,6.14,2.08,41.8,20.8,198.9,23.5,60.8,80.0,7.8,11.7,94.1,19.04
2021,Season B,April,Rilima,Rice,2.73,1.89,189.0,Hillside,Hybrid (Komboka),Yes,Mixed (Organic + Inorganic),0.6,No,Cassava,High,Sufficient,Yes,No,16.6,Sandy Soil,6.07,1.63,44.0,19.7,205.2,22.4,144.9,77.8,7.0,10.4,117.5,26.43
2020,Season A,October,Mwogo,Beans,2.88,2.4,240.0,Hillside,Hybrid (MAC 44),No,None,0.0,No,Maize,High,Sufficient,Yes,Yes,16.1,Sandy Soil,5.97,1.96,72.7,22.8,165.4,25.5,76.2,82.7,6.4,9.3,95.1,7.19
2022,Season B,April,Ruhuha,Maize,1.22,0.73,73.0,Flat,Hybrid (H614D),Partial,Organic (Compost),0.48,Partial,Rice,Low,Sufficient,No,Yes,23.1,Sandy Loam,7.1,2.71,62.8,17.3,193.2,24.6,133.3,84.5,6.6,8.8,111.1,23.18
2020,Season A,January,Nyamata,Maize,2.86,2.69,269.0,Hillside,Local Variety,Yes,Inorganic (NPK),1.46,Yes,Maize,Low,Sufficient,No,No,15.4,Clay Soil,7.05,3.14,78.4,28.7,257.2,22.1,86.9,78.3,7.2,12.7,98.2,16.85
2021,Season B,April,Nyarugenge,Beans,2.98,2.69,269.0,Flat,Hybrid (MAC 44),Yes,Mixed (Organic + Inorganic),1.47,No,Maize,Medium,Limited,Yes,No,5.3,Clay Soil,6.21,2.11,45.7,20.6,194.0,22.9,127.1,86.4,7.3,9.8,94.9,10.08
2023,Season A,October,Juru,Rice,2.2,2.11,211.0,Valley,Improved (IR64 / NERICA),Yes,Inorganic (NPK),0.62,No,Cassava,High,Adequate,Yes,Yes,10.7,Sandy Loam,6.95,2.47,50.2,22.5,184.2,23.9,120.5,79.0,6.5,10.8,100.3,31.19
2022,Season A,December,Nyamata,Rice,2.62,1.65,165.0,Flat,Improved (IR64 / NERICA),No,None,0.0,Yes,Cassava,High,Adequate,No,No,14.2,Clay Soil,7.1,3.29,78.1,23.8,255.5,23.0,115.4,73.0,7.2,10.5,97.2,33.1
2020,Season A,November,Nyarugenge,Maize,1.81,1.12,112.0,Hillside,Improved (WH507),No,None,0.0,No,Rice,Medium,Sufficient,Yes,Yes,5.5,Clay Soil,6.2,2.17,42.3,21.5,192.4,23.9,113.8,83.6,7.5,9.6,103.9,19.35
2024,Season A,October,Ngeruka,Beans,0.81,0.72,72.0,Hillside,Local Variety,No,None,0.0,Partial,Maize,Low,Adequate,Yes,No,5.8,Loam,6.98,2.89,72.1,21.3,192.6,25.6,151.6,87.4,6.4,9.9,95.5,6.22
2021,Season A,October,Nyarugenge,Beans,2.98,2.22,222.0,Flat,Improved (RWR 2245),No,None,0.0,No,Beans,Low,Limited,Yes,Yes,10.5,Clay Soil,6.08,2.15,39.1,21.0,193.1,24.6,114.7,78.1,5.8,11.5,88.5,9.86
2020,Season A,October,Nyarugenge,Rice,1.71,1.24,124.0,Valley,Local Variety,Yes,Mixed (Organic + Inorganic),1.68,No,Rice,Low,Limited,Yes,No,14.3,Clay Soil,6.15,2.42,37.8,23.1,186.4,22.2,110.4,78.8,6.1,7.7,87.1,21.74
2024,Season B,February,Gashora,Beans,1.6,1.21,121.0,Flat,Hybrid (MAC 44),Partial,Inorganic (NPK),0.62,No,Beans,High,Sufficient,Yes,Yes,17.6,Loam,6.54,2.09,43.3,23.9,203.9,22.9,64.7,68.3,8.0,11.7,96.8,8.24
2021,Season A,October,Mayange,Maize,1.43,1.31,131.0,Valley,Improved (WH507),No,None,0.0,No,Rice,Low,Adequate,No,No,23.0,Sandy Loam,5.95,2.7,63.1,11.6,203.0,23.0,129.9,67.3,6.7,8.8,87.2,19.75
2023,Season B,March,Juru,Maize,1.95,1.6,160.0,Valley,Local Variety,Partial,Inorganic (NPK),0.74,Partial,Maize,Medium,Sufficient,Yes,No,20.4,Sandy Loam,6.84,2.27,54.1,20.5,188.0,23.7,62.0,76.6,7.0,9.7,114.7,11.57
2022,Season B,June,Ruhuha,Maize,2.32,2.12,212.0,Flat,Hybrid (H614D),Yes,Organic (Compost),0.0,No,Cassava,Low,Adequate,Yes,Yes,15.6,Sandy Loam,7.04,2.34,60.0,18.3,180.5,23.0,35.6,69.8,7.9,12.3,127.0,19.8
2020,Season B,June,Musenyi,Maize,1.02,0.87,87.0,Hillside,Improved (WH507),Yes,Inorganic (NPK),2.21,Yes,Fallow,Medium,Limited,No,No,12.0,Loam,7.13,2.15,35.7,12.3,261.3,23.1,42.5,65.5,7.0,13.0,132.8,16.59
2021,Season A,January,Rilima,Rice,1.85,1.18,118.0,Hillside,Local Variety,Partial,Inorganic (NPK),0.4,Partial,Cassava,Medium,Adequate,Yes,Yes,19.2,Sandy Soil,5.96,1.81,43.0,19.1,222.1,19.8,55.3,74.6,7.7,11.9,120.0,17.95
2023,Season B,February,Gashora,Maize,2.07,1.83,183.0,Hillside,Hybrid (H614D),Yes,Inorganic (NPK),2.21,No,Maize,Low,Adequate,Yes,No,10.2,Loam,6.5,2.24,51.1,24.2,183.3,23.0,60.4,71.5,7.1,10.9,120.0,26.59
2021,Season A,October,Ruhuha,Beans,0.83,0.59,59.0,Hillside,Local Variety,No,None,0.0,Yes,Cassava,Medium,Sufficient,No,No,18.8,Sandy Loam,7.14,2.24,60.9,18.5,191.3,23.4,126.2,85.5,7.2,10.6,99.2,6.84
2023,Season A,January,Juru,Rice,2.81,1.7,170.0,Flat,Improved (IR64 / NERICA),Yes,Mixed (Organic + Inorganic),2.94,Yes,Maize,Medium,Adequate,Yes,Yes,8.8,Sandy Loam,6.69,2.71,46.8,27.0,174.0,24.1,86.1,69.2,8.3,10.2,103.0,41.01
2022,Season B,April,Ngeruka,Rice,2.33,1.6,160.0,Flat,Improved (IR64 / NERICA),No,None,0.0,No,Fallow,Medium,Adequate,Yes,No,17.8,Loam,7.15,2.74,70.0,19.9,191.3,23.1,145.7,84.2,6.7,9.1,116.3,28.8
2023,Season B,May,Mareba,Maize,1.56,1.53,153.0,Hillside,Improved (WH507),Partial,Inorganic (NPK),0.4,Partial,Cassava,Low,Adequate,No,No,24.3,Sandy Loam,7.05,3.17,63.9,11.9,237.0,22.9,84.8,82.0,6.7,9.8,110.4,20.63
2023,Season A,October,Ruhuha,Rice,0.38,0.33,33.0,Valley,Hybrid (Komboka),No,None,0.0,No,Beans,Medium,Limited,Yes,No,10.4,Sandy Loam,7.04,2.53,62.9,17.7,185.5,23.3,151.4,82.8,6.4,10.4,111.5,24.3
2020,Season A,January,Rweru,Rice,2.65,1.71,171.0,Flat,Improved (IR64 / NERICA),Partial,Organic (Compost),0.48,No,Cassava,Low,Adequate,Yes,No,10.1,Clay Soil,7.0,2.58,68.4,10.7,188.2,23.4,52.0,71.9,7.8,12.0,92.6,32.32
2022,Season A,January,Rweru,Maize,1.81,1.49,149.0,Hillside,Local Variety,Yes,Inorganic (NPK),1.82,Partial,Maize,Low,Adequate,Yes,No,15.3,Clay Soil,6.92,2.76,61.6,11.2,194.0,22.0,65.8,69.3,7.7,11.1,103.3,15.12
2024,Season A,November,Shyara,Maize,1.93,1.24,124.0,Flat,Local Variety,Yes,Mixed (Organic + Inorganic),1.31,No,Fallow,Medium,Adequate,Yes,Yes,18.6,Sandy Loam,6.11,2.3,51.2,21.5,265.1,26.0,105.2,74.3,6.9,9.4,106.4,17.91
2020,Season B,May,Shyara,Beans,1.83,1.69,169.0,Valley,Hybrid (MAC 44),Yes,Mixed (Organic + Inorganic),1.04,No,Beans,Low,Adequate,No,Yes,17.3,Sandy Loam,6.1,2.23,60.4,22.3,278.2,22.8,58.3,76.5,7.3,11.6,108.7,10.34
2022,Season B,April,Mareba,Maize,0.94,0.86,86.0,Hillside,Local Variety,Partial,Inorganic (NPK),0.55,No,Maize,Low,Limited,No,Yes,6.8,Sandy Loam,7.25,2.98,61.5,13.3,250.8,24.1,123.3,76.6,6.2,12.1,108.5,12.03
2023,Season B,June,Mareba,Rice,1.04,0.89,89.0,Valley,Improved (IR64 / NERICA),Yes,Mixed (Organic + Inorganic),0.72,No,Maize,High,Adequate,Yes,No,21.0,Sandy Loam,7.07,2.82,62.3,13.2,222.0,22.5,48.0,68.1,8.4,12.3,107.2,20.93
2023,Season A,January,Juru,Maize,2.77,2.19,219.0,Valley,Improved (WH507),No,None,0.0,No,Maize,Low,Adequate,Yes,No,17.9,Sandy Loam,7.04,2.63,46.6,26.6,169.7,21.2,76.3,60.9,7.7,11.2,124.0,15.11
2022,Season A,January,Ruhuha,Rice,1.4,0.85,85.0,Valley,Improved (IR64 / NERICA),Partial,Organic (Compost),0.64,No,Beans,Low,Adequate,No,No,6.6,Sandy Loam,6.92,2.29,63.6,16.5,195.9,21.4,90.8,69.7,7.8,9.2,102.1,33.07
2023,Season A,November,Rweru,Beans,0.55,0.35,35.0,Hillside,Hybrid (MAC 44),No,None,0.0,No,Maize,High,Adequate,Yes,Yes,9.2,Clay Soil,7.11,2.69,65.4,13.3,183.0,23.0,66.3,69.9,6.1,11.1,91.5,8.63
2022,Season B,February,Nyarugenge,Maize,0.11,0.07,7.0,Valley,Local Variety,Partial,Inorganic (NPK),0.63,No,Cassava,Medium,Adequate,Yes,Yes,9.3,Clay Soil,6.33,2.07,39.4,20.2,195.6,23.7,66.8,70.3,7.3,10.1,108.6,12.16
2021,Season B,June,Shyara,Rice,2.41,1.83,183.0,Flat,Hybrid (Komboka),No,None,0.0,No,Beans,Low,Adequate,No,No,18.4,Sandy Loam,5.92,2.28,55.3,21.0,262.3,23.0,37.1,77.2,9.0,12.1,126.8,19.19
2023,Season B,March,Mareba,Rice,1.84,1.14,114.0,Valley,Hybrid (Komboka),Yes,Inorganic (NPK),0.95,Partial,Rice,Low,Sufficient,Yes,No,20.9,Sandy Loam,7.22,3.08,69.0,9.8,235.9,21.6,82.1,78.2,7.1,12.1,103.8,24.14
2022,Season B,March,Mareba,Rice,2.09,1.58,158.0,Valley,Improved (IR64 / NERICA),Yes,Organic (Compost),0.0,No,Beans,Medium,Adequate,Yes,Yes,19.0,Sandy Loam,7.21,3.06,60.2,13.2,227.2,22.2,94.0,72.6,7.6,12.1,111.2,33.26
2024,Season B,February,Gashora,Maize,1.72,1.14,114.0,Hillside,Improved (WH507),No,None,0.0,No,Beans,Low,Sufficient,No,No,10.5,Loam,6.51,2.28,53.6,25.1,190.3,24.4,55.0,72.3,7.2,11.6,103.8,14.38
2020,Season A,January,Nyamata,Rice,1.87,1.34,134.0,Valley,Hybrid (Komboka),No,None,0.0,No,Maize,Low,Adequate,Yes,No,23.8,Clay Soil,7.18,3.04,82.5,25.4,238.2,21.4,83.9,77.5,6.8,8.8,104.1,22.01
2022,Season B,May,Nyarugenge,Rice,2.12,1.49,149.0,Valley,Local Variety,Yes,Mixed (Organic + Inorganic),0.99,Yes,Beans,Medium,Adequate,Yes,Yes,24.7,Clay Soil,6.33,1.96,48.2,21.0,182.7,24.3,58.4,84.1,7.2,14.0,99.6,20.5
2022,Season B,May,Ngeruka,Beans,2.97,2.53,253.0,Hillside,Hybrid (MAC 44),No,None,0.0,No,Maize,Medium,Sufficient,Yes,No,16.9,Loam,7.07,2.71,75.6,22.1,185.4,25.4,100.2,81.5,6.6,11.3,103.0,9.06
2023,Season A,September,Nyamata,Maize,1.59,1.02,102.0,Flat,Improved (WH507),No,None,0.0,No,Maize,Low,Adequate,Yes,Yes,12.3,Clay Soil,6.92,3.07,82.8,23.3,249.2,22.7,50.2,70.6,7.3,10.4,114.4,13.4
2022,Season B,March,Juru,Beans,0.9,0.79,79.0,Flat,Improved (RWR 2245),No,None,0.0,Yes,Beans,Medium,Sufficient,Yes,No,20.2,Sandy Loam,6.77,2.45,48.7,21.4,178.8,24.8,98.1,85.1,7.3,10.6,100.2,11.75
2020,Season A,November,Juru,Beans,0.86,0.54,54.0,Flat,Hybrid (MAC 44),No,None,0.0,Partial,Beans,Low,Adequate,Yes,No,21.7,Sandy Loam,6.99,2.91,46.1,26.4,169.1,23.4,82.1,77.5,7.2,10.0,93.4,9.44
2021,Season A,October,Rilima,Maize,0.49,0.42,42.0,Flat,Improved (WH507),Partial,Organic (Compost),0.11,No,Beans,Low,Adequate,Yes,No,10.6,Sandy Soil,6.11,1.97,41.2,17.4,206.4,23.0,121.1,72.8,6.4,11.6,112.2,24.4
2022,Season A,December,Ruhuha,Maize,0.79,0.56,56.0,Flat,Improved (WH507),Yes,Inorganic (NPK),1.79,No,Maize,Low,Adequate,Yes,No,20.4,Sandy Loam,7.12,2.5,64.4,19.4,190.3,22.0,88.0,67.7,7.2,13.7,119.1,21.94
2021,Season B,May,Rilima,Maize,1.59,1.45,145.0,Flat,Improved (WH507),No,None,0.0,No,Beans,High,Adequate,Yes,Yes,14.8,Sandy Soil,5.95,1.79,44.6,15.3,215.0,25.1,97.6,72.5,6.1,9.9,117.7,16.27
2024,Season B,March,Gashora,Maize,0.52,0.38,38.0,Hillside,Improved (WH507),Partial,Inorganic (NPK),0.38,No,Cassava,Medium,Limited,Yes,Yes,11.3,Loam,6.55,1.85,48.3,23.0,192.0,20.9,100.7,72.4,6.9,11.2,108.4,17.28
2022,Season B,April,Mareba,Beans,0.95,0.63,63.0,Flat,Improved (RWR 2245),No,None,0.0,No,Rice,Low,Sufficient,No,No,10.3,Sandy Loam,7.16,2.92,61.1,12.7,237.4,25.0,98.1,86.7,6.5,10.7,110.6,11.89
2022,Season B,May,Ngeruka,Rice,2.13,1.76,176.0,Hillside,Local Variety,No,None,0.0,Partial,Beans,High,Sufficient,Yes,No,22.1,Loam,6.93,2.72,75.9,19.3,195.1,24.7,69.9,79.8,7.8,11.1,102.0,15.42
2023,Season B,June,Mwogo,Rice,1.97,1.6,160.0,Valley,Hybrid (Komboka),Partial,Inorganic (NPK),0.41,No,Beans,Medium,Limited,Yes,No,10.5,Sandy Soil,5.93,1.74,68.0,18.6,153.8,20.7,33.1,62.0,8.4,12.5,122.5,17.24
2023,Season B,February,Ruhuha,Beans,2.8,1.73,173.0,Flat,Hybrid (MAC 44),Partial,Inorganic (NPK),0.64,No,Maize,Low,Adequate,No,Yes,11.6,Sandy Loam,7.09,2.45,66.0,16.1,192.2,22.1,55.8,65.2,7.1,10.0,112.0,9.56
2023,Season A,January,Ruhuha,Rice,2.59,1.89,189.0,Hillside,Hybrid (Komboka),No,None,0.0,No,Cassava,Low,Sufficient,Yes,No,6.0,Sandy Loam,6.93,2.24,63.3,19.4,169.7,20.4,71.2,74.4,7.2,10.2,103.3,18.4
2021,Season A,October,Ngeruka,Beans,1.5,0.99,99.0,Hillside,Improved (RWR 2245),Partial,Organic (Compost),0.73,Yes,Beans,Low,Sufficient,Yes,No,14.3,Loam,6.98,2.78,73.5,21.9,192.2,22.7,139.7,87.0,6.7,10.7,107.1,14.39
2020,Season B,June,Musenyi,Maize,2.43,2.41,241.0,Flat,Improved (WH507),Yes,Organic (Compost),0.0,No,Beans,Medium,Adequate,Yes,Yes,10.9,Loam,6.98,2.64,38.7,12.2,244.4,24.6,46.6,64.5,7.8,11.9,110.3,13.14
2023,Season A,November,Shyara,Rice,2.82,2.71,271.0,Valley,Hybrid (Komboka),No,None,0.0,Partial,Rice,Low,Adequate,Yes,Yes,8.4,Sandy Loam,6.06,2.42,51.8,20.9,257.3,24.1,70.3,74.7,7.5,7.4,107.0,21.66
2021,Season B,April,Musenyi,Maize,0.21,0.16,16.0,Flat,Improved (WH507),No,None,0.0,No,Cassava,Low,Adequate,Yes,No,11.3,Loam,7.18,2.63,36.5,13.2,264.8,23.3,94.0,74.6,6.6,9.7,118.3,16.89
2022,Season A,November,Mareba,Maize,2.42,2.25,225.0,Hillside,Improved (WH507),Yes,Mixed (Organic + Inorganic),0.9,No,Maize,Low,Sufficient,No,No,12.9,Sandy Loam,7.1,2.86,58.2,11.5,239.5,22.1,76.0,75.2,6.9,10.2,92.0,19.52
2023,Season A,September,Gashora,Rice,1.85,1.21,121.0,Valley,Improved (IR64 / NERICA),No,None,0.0,Yes,Maize,Medium,Adequate,No,No,8.3,Loam,6.6,1.98,46.4,21.8,194.7,24.8,104.4,77.7,7.7,11.2,125.2,38.97
2024,Season A,September,Mwogo,Rice,0.21,0.18,18.0,Flat,Improved (IR64 / NERICA),No,None,0.0,No,Maize,High,Sufficient,Yes,No,8.6,Sandy Soil,5.81,2.02,68.0,22.9,150.4,23.5,58.4,70.2,7.4,10.7,114.4,25.51
2023,Season B,February,Nyarugenge,Beans,0.48,0.33,33.0,Valley,Local Variety,No,None,0.0,No,Beans,High,Sufficient,No,Yes,21.3,Clay Soil,6.21,2.35,37.7,23.8,192.3,19.9,47.4,76.2,7.3,10.3,95.6,4.0
2023,Season B,May,Nyamata,Beans,2.07,1.49,149.0,Flat,Local Variety,Yes,Inorganic (NPK),0.75,Yes,Rice,Low,Adequate,No,No,11.4,Clay Soil,7.14,3.29,78.2,22.1,257.1,23.1,81.0,84.8,7.4,10.9,117.3,9.19
2022,Season B,May,Mayange,Maize,1.29,0.87,87.0,Hillside,Improved (WH507),No,None,0.0,No,Maize,Low,Sufficient,No,No,6.1,Sandy Loam,6.22,3.0,64.5,12.1,202.7,22.6,104.1,76.8,7.2,9.7,98.4,17.21
2023,Season A,December,Nyamata,Maize,2.36,2.3,230.0,Hillside,Improved (WH507),Partial,Inorganic (NPK),0.19,Yes,Rice,Low,Adequate,No,Yes,8.0,Clay Soil,6.88,3.01,77.8,26.1,257.6,24.0,57.7,83.3,8.1,12.0,118.4,18.18
2021,Season B,June,Shyara,Rice,2.11,1.28,128.0,Flat,Improved (IR64 / NERICA),Partial,Inorganic (NPK),0.14,Yes,Fallow,Low,Adequate,Yes,No,10.2,Sandy Loam,6.03,2.34,56.3,20.8,273.2,22.7,41.4,64.8,8.3,12.6,111.4,30.24
2024,Season B,March,Ngeruka,Rice,1.92,1.53,153.0,Hillside,Hybrid (Komboka),No,None,0.0,Partial,Beans,High,Adequate,No,No,21.4,Loam,6.92,2.36,74.7,17.2,185.5,23.6,59.1,76.8,7.5,12.2,112.2,18.81
2021,Season A,October,Rweru,Rice,0.2,0.2,20.0,Valley,Improved (IR64 / NERICA),Yes,Organic (Compost),0.0,No,Maize,Medium,Limited,No,No,10.0,Clay Soil,6.94,2.42,63.4,12.1,184.0,25.1,126.5,73.8,7.0,9.9,98.9,36.04
2024,Season B,June,Nyamata,Rice,0.17,0.12,12.0,Hillside,Hybrid (Komboka),Yes,Mixed (Organic + Inorganic),0.93,Yes,Beans,Medium,Sufficient,No,Yes,15.0,Clay Soil,7.13,3.07,79.1,26.0,247.5,21.9,37.8,69.3,7.5,13.1,127.6,24.88
2022,Season B,June,Kamabuye,Rice,0.59,0.46,46.0,Hillside,Improved (IR64 / NERICA),No,None,0.0,Partial,Cassava,Low,Adequate,No,No,8.1,Clay Soil,7.11,2.32,39.7,21.1,198.0,24.5,47.2,70.7,8.3,11.4,99.6,27.6
2022,Season B,March,Rweru,Beans,0.35,0.33,33.0,Hillside,Local Variety,No,None,0.0,No,Beans,High,Adequate,Yes,No,19.7,Clay Soil,6.94,2.49,64.6,12.4,196.0,24.4,90.6,76.3,8.0,9.8,109.3,4.76
2021,Season A,September,Kamabuye,Maize,2.51,2.18,218.0,Hillside,Local Variety,No,None,0.0,Partial,Rice,High,Adequate,No,Yes,12.0,Clay Soil,6.99,2.29,41.4,22.2,204.9,23.2,55.0,75.0,7.3,11.7,125.3,8.86
2022,Season A,September,Shyara,Beans,2.18,1.62,162.0,Flat,Local Variety,No,None,0.0,Yes,Beans,Low,Adequate,Yes,No,21.6,Sandy Loam,6.12,2.19,52.6,20.3,269.2,23.9,69.8,67.3,8.6,11.7,127.5,6.56
2022,Season B,February,Juru,Rice,1.51,1.33,133.0,Flat,Local Variety,Yes,Organic (Compost),0.0,No,Fallow,Low,Adequate,No,No,7.2,Sandy Loam,7.14,2.93,44.4,23.5,187.7,22.1,97.9,75.0,7.3,11.9,95.1,18.92
2024,Season B,June,Gashora,Maize,0.74,0.54,54.0,Flat,Local Variety,Yes,Organic (Compost),0.0,No,Cassava,Medium,Limited,Yes,Yes,9.5,Loam,6.46,2.23,49.6,28.5,193.3,24.0,47.5,68.1,8.0,11.9,101.7,10.14
2024,Season B,February,Ntarama,Rice,0.97,0.75,75.0,Valley,Improved (IR64 / NERICA),Partial,Organic (Compost),0.61,No,Rice,Medium,Limited,Yes,No,22.5,Sandy Soil,7.14,3.1,61.7,9.8,245.2,23.6,88.9,74.3,7.3,12.2,113.0,28.22
2022,Season B,February,Ngeruka,Beans,0.92,0.82,82.0,Valley,Hybrid (MAC 44),No,None,0.0,No,Beans,Low,Adequate,No,Yes,7.3,Loam,6.95,2.62,77.9,18.7,191.7,22.4,88.7,65.3,7.7,9.4,96.5,9.2
2020,Season A,September,Juru,Beans,2.25,1.35,135.0,Flat,Improved (RWR 2245),Partial,Organic (Compost),0.16,Partial,Maize,Low,Adequate,Yes,Yes,24.3,Sandy Loam,6.96,2.8,52.3,20.4,161.8,25.2,90.9,58.2,7.4,13.6,108.5,13.66
2020,Season A,December,Gashora,Beans,0.98,0.95,95.0,Hillside,Improved (RWR 2245),Yes,Inorganic (NPK),1.25,No,Beans,Low,Adequate,No,No,12.7,Loam,6.43,2.05,46.5,24.1,187.6,20.4,60.3,69.5,7.3,12.4,102.2,14.05
2020,Season B,May,Nyamata,Rice,1.64,1.27,127.0,Valley,Local Variety,Partial,Inorganic (NPK),0.53,Partial,Fallow,Medium,Adequate,No,Yes,13.2,Clay Soil,7.07,3.19,72.3,25.8,245.7,22.8,107.8,78.1,6.5,11.2,90.2,20.77
2021,Season B,April,Ntarama,Beans,1.73,1.14,114.0,Valley,Hybrid (MAC 44),Partial,Organic (Compost),0.17,No,Maize,High,Limited,No,No,13.8,Sandy Soil,7.01,2.95,59.4,8.7,235.9,21.9,107.0,79.4,5.9,10.8,90.9,7.59
2023,Season B,May,Nyarugenge,Rice,2.59,2.23,223.0,Valley,Improved (IR64 / NERICA),No,None,0.0,No,Maize,Low,Adequate,No,No,7.0,Clay Soil,6.21,2.21,43.5,21.1,208.3,22.7,48.1,73.1,8.1,10.5,109.7,25.83
2024,Season B,June,Ruhuha,Beans,2.51,1.71,171.0,Hillside,Improved (RWR 2245),No,None,0.0,No,Maize,Medium,Sufficient,Yes,Yes,24.3,Sandy Loam,7.02,2.19,61.0,17.7,182.6,23.3,25.7,73.7,8.6,11.6,114.0,8.71
2021,Season A,October,Juru,Rice,1.2,0.81,81.0,Valley,Improved (IR64 / NERICA),Yes,Mixed (Organic + Inorganic),2.73,No,Rice,Low,Adequate,Yes,No,13.9,Sandy Loam,6.85,2.72,46.7,23.5,180.2,21.0,152.0,78.8,6.7,9.2,109.6,38.51
2021,Season A,September,Rweru,Beans,2.58,2.5,250.0,Flat,Local Variety,No,None,0.0,Yes,Maize,Low,Sufficient,No,No,18.0,Clay Soil,7.03,2.57,60.8,11.0,184.0,25.7,75.1,80.4,7.4,12.1,124.6,6.39
2024,Season A,January,Rilima,Maize,2.41,2.16,216.0,Flat,Improved (WH507),Partial,Inorganic (NPK),0.36,No,Beans,Low,Limited,No,No,5.9,Sandy Soil,6.23,1.72,46.6,13.0,210.0,21.9,89.6,66.1,8.0,10.7,95.3,21.72
2020,Season B,February,Shyara,Rice,1.7,1.12,112.0,Flat,Improved (IR64 / NERICA),No,None,0.0,Partial,Fallow,Medium,Limited,Yes,Yes,16.1,Sandy Loam,6.11,2.21,58.7,20.7,264.6,23.7,70.0,68.8,8.4,12.7,107.1,25.78
2024,Season A,November,Nyamata,Beans,1.18,0.81,81.0,Flat,Local Variety,Partial,Organic (Compost),0.35,No,Maize,Medium,Sufficient,Yes,Yes,24.6,Clay Soil,7.22,2.9,78.1,24.7,246.1,23.3,95.9,75.0,7.6,10.0,112.7,7.88
2023,Season B,April,Shyara,Rice,0.25,0.18,18.0,Flat,Hybrid (Komboka),Partial,Inorganic (NPK),0.25,Partial,Beans,Low,Sufficient,No,No,21.7,Sandy Loam,5.98,2.22,60.9,19.5,261.7,22.3,72.7,84.5,6.9,10.0,91.0,24.29
2022,Season B,April,Rweru,Beans,1.23,0.89,89.0,Valley,Hybrid (MAC 44),Yes,Inorganic (NPK),1.03,Yes,Rice,Low,Limited,Yes,No,22.2,Clay Soil,7.13,2.48,62.3,11.7,181.1,21.0,141.6,66.7,7.0,8.3,97.8,10.67
2021,Season A,January,Musenyi,Rice,0.97,0.71,71.0,Flat,Hybrid (Komboka),No,None,0.0,No,Cassava,Low,Adequate,Yes,No,12.1,Loam,6.92,2.13,38.4,15.4,261.4,22.4,83.8,77.6,7.7,11.0,100.8,22.12
2022,Season B,June,Nyamata,Rice,0.68,0.55,55.0,Hillside,Local Variety,No,None,0.0,No,Maize,Medium,Adequate,Yes,Yes,13.7,Clay Soil,7.29,3.09,78.2,25.1,239.3,23.0,42.3,67.6,8.0,12.2,120.3,13.79
2022,Season A,January,Rilima,Rice,3.0,2.74,274.0,Valley,Improved (IR64 / NERICA),Yes,Organic (Compost),0.0,Partial,Rice,Low,Limited,No,No,13.4,Sandy Soil,6.07,1.98,40.2,15.0,214.2,22.9,60.1,61.5,6.4,11.8,98.2,29.78
2024,Season B,May,Mareba,Maize,0.56,0.36,36.0,Hillside,Improved (WH507),Partial,Inorganic (NPK),0.32,No,Maize,Low,Limited,Yes,No,7.5,Sandy Loam,7.33,3.29,56.7,10.7,227.7,23.8,99.4,83.2,7.1,9.7,104.0,17.83
2023,Season B,June,Juru,Rice,0.2,0.19,19.0,Flat,Improved (IR64 / NERICA),No,None,0.0,Yes,Beans,High,Sufficient,No,No,18.1,Sandy Loam,6.98,2.89,55.1,20.4,182.8,21.2,25.2,74.6,8.7,12.7,117.6,20.83
2022,Season A,September,Ntarama,Maize,2.08,1.56,156.0,Valley,Improved (WH507),Yes,Mixed (Organic + Inorganic),0.39,No,Fallow,High,Limited,No,Yes,7.6,Sandy Soil,7.02,3.2,61.5,11.3,252.6,23.9,81.6,73.3,7.2,12.3,118.8,15.45
2020,Season A,September,Ntarama,Maize,0.8,0.71,71.0,Valley,Improved (WH507),No,None,0.0,No,Beans,Low,Adequate,Yes,Yes,6.3,Sandy Soil,7.12,2.97,63.4,11.2,250.9,23.5,75.4,77.4,8.1,11.0,129.4,18.24
2020,Season B,June,Kamabuye,Beans,0.97,0.63,63.0,Flat,Improved (RWR 2245),No,None,0.0,No,Maize,Low,Limited,Yes,Yes,11.0,Clay Soil,7.12,2.37,38.4,18.4,211.5,21.0,34.5,64.9,7.7,10.1,101.7,7.73
2024,Season B,June,Kamabuye,Beans,1.79,1.46,146.0,Hillside,Improved (RWR 2245),Partial,Inorganic (NPK),0.52,No,Beans,Low,Sufficient,Yes,No,17.3,Clay Soil,7.04,2.47,44.0,21.0,196.6,25.1,31.8,72.0,7.9,11.2,112.1,8.13
2021,Season A,October,Mayange,Beans,2.04,1.44,144.0,Valley,Improved (RWR 2245),No,None,0.0,Yes,Rice,High,Adequate,Yes,No,9.6,Sandy Loam,6.11,2.77,66.4,10.8,213.3,24.5,137.7,81.9,7.0,9.6,99.3,10.68
2023,Season B,February,Mareba,Maize,1.21,1.1,110.0,Flat,Local Variety,No,None,0.0,Yes,Fallow,Low,Adequate,No,No,15.7,Sandy Loam,7.01,2.91,63.5,13.4,237.1,21.7,63.0,66.4,7.0,10.2,113.6,12.88
2020,Season A,October,Juru,Maize,2.66,1.96,196.0,Hillside,Local Variety,No,None,0.0,Partial,Beans,Low,Adequate,No,No,24.8,Sandy Loam,6.82,2.91,48.0,24.4,161.6,21.2,133.0,81.2,6.3,9.3,94.6,14.58
2023,Season A,December,Nyarugenge,Rice,1.93,1.32,132.0,Flat,Improved (IR64 / NERICA),Yes,Organic (Compost),0.0,No,Maize,Medium,Sufficient,Yes,No,24.3,Clay Soil,6.39,2.52,43.7,22.6,194.1,22.4,67.9,62.5,7.1,10.1,122.9,30.2
2020,Season A,September,Nyamata,Rice,1.67,1.55,155.0,Flat,Improved (IR64 / NERICA),Yes,Organic (Compost),0.0,No,Maize,Low,Adequate,Yes,No,12.1,Clay Soil,6.88,3.11,74.2,27.7,256.2,23.7,97.0,74.6,7.0,10.4,116.6,34.65
2020,Season A,January,Mayange,Rice,0.28,0.25,25.0,Flat,Improved (IR64 / NERICA),Partial,Inorganic (NPK),0.19,No,Maize,Medium,Adequate,Yes,No,9.2,Sandy Loam,6.01,2.89,61.9,8.5,212.1,22.1,50.5,74.5,7.0,9.9,114.2,32.97
2023,Season A,October,Mwogo,Maize,2.37,2.22,222.0,Flat,Improved (WH507),No,None,0.0,Yes,Fallow,Medium,Adequate,Yes,No,10.5,Sandy Soil,6.04,2.05,60.6,21.5,173.7,24.6,75.2,78.9,6.3,11.3,92.3,17.75
2021,Season A,January,Musenyi,Beans,1.75,1.42,142.0,Flat,Hybrid (MAC 44),No,None,0.0,No,Maize,Medium,Adequate,No,No,18.1,Loam,6.95,2.56,39.7,11.3,247.3,22.9,60.3,73.6,7.5,12.0,113.2,7.93
2020,Season A,January,Ngeruka,Rice,2.85,1.73,173.0,Flat,Hybrid (Komboka),No,None,0.0,No,Cassava,Medium,Sufficient,Yes,Yes,22.0,Loam,6.99,2.58,74.9,20.9,172.2,21.2,51.5,74.3,7.7,12.1,92.3,17.98
2022,Season A,January,Ngeruka,Rice,0.82,0.72,72.0,Valley,Local Variety,No,None,0.0,No,Maize,Medium,Limited,Yes,Yes,12.7,Loam,7.13,2.9,74.5,23.5,195.3,22.4,67.6,77.1,8.1,13.0,93.6,14.97
2022,Season A,October,Nyamata,Rice,2.78,1.83,183.0,Valley,Hybrid (Komboka),Yes,Inorganic (NPK),1.63,No,Beans,Medium,Adequate,Yes,Yes,8.1,Clay Soil,7.26,3.22,72.9,27.3,247.6,25.8,122.9,85.3,7.3,9.7,91.8,31.87
2022,Season B,June,Mareba,Rice,2.17,2.04,204.0,Valley,Improved (IR64 / NERICA),No,None,0.0,No,Cassava,High,Adequate,Yes,Yes,9.3,Sandy Loam,7.06,3.08,58.8,10.7,242.3,21.1,23.1,68.0,8.7,12.3,109.9,16.47
2022,Season B,March,Rilima,Maize,1.88,1.67,167.0,Flat,Improved (WH507),No,None,0.0,No,Beans,Low,Sufficient,Yes,No,12.2,Sandy Soil,6.21,1.79,37.8,15.1,210.9,21.6,62.4,73.7,6.8,11.6,115.7,18.03
2020,Season B,June,Rweru,Beans,1.7,1.55,155.0,Flat,Hybrid (MAC 44),Partial,Organic (Compost),0.45,No,Maize,Low,Sufficient,Yes,Yes,22.9,Clay Soil,6.75,2.49,64.0,14.1,178.2,22.8,47.6,68.8,7.9,12.9,111.6,7.34
2024,Season B,June,Nyamata,Rice,2.3,2.19,219.0,Valley,Hybrid (Komboka),No,None,0.0,Yes,Cassava,Low,Adequate,No,No,20.5,Clay Soil,7.36,2.93,79.4,28.8,255.3,23.4,44.5,75.1,8.6,12.3,129.3,20.68
2020,Season B,February,Kamabuye,Beans,1.48,0.98,98.0,Valley,Hybrid (MAC 44),No,None,0.0,No,Maize,Medium,Limited,Yes,No,14.8,Clay Soil,7.22,2.12,46.2,21.2,217.1,23.6,73.5,68.7,7.1,11.5,114.9,8.16
2021,Season B,April,Rweru,Rice,0.25,0.17,17.0,Flat,Improved (IR64 / NERICA),Yes,Inorganic (NPK),1.14,No,Maize,Low,Adequate,No,Yes,7.3,Clay Soil,7.06,2.69,58.9,12.9,178.1,24.0,70.1,62.2,7.9,10.2,94.0,30.41
2021,Season A,November,Ngeruka,Maize,0.29,0.2,20.0,Flat,Hybrid (H614D),No,None,0.0,No,Cassava,Low,Adequate,No,No,9.9,Loam,7.07,2.8,68.8,19.4,196.5,22.3,109.8,73.2,7.4,10.7,90.3,23.53
2020,Season A,October,Mareba,Rice,1.26,1.03,103.0,Valley,Hybrid (Komboka),Yes,Inorganic (NPK),2.57,Yes,Beans,High,Adequate,Yes,No,8.0,Sandy Loam,7.13,3.26,64.2,10.0,220.9,24.3,115.8,74.4,6.3,11.1,114.9,29.42
2021,Season A,December,Shyara,Rice,2.48,2.24,224.0,Flat,Improved (IR64 / NERICA),Yes,Mixed (Organic + Inorganic),2.9,Partial,Maize,Medium,Adequate,No,Yes,10.3,Sandy Loam,6.18,2.25,51.8,15.8,260.4,22.4,90.6,77.8,6.8,11.2,123.5,40.76
2021,Season A,January,Rweru,Maize,0.54,0.43,43.0,Hillside,Improved (WH507),Partial,Organic (Compost),0.59,No,Beans,High,Sufficient,Yes,Yes,21.1,Clay Soil,7.08,2.43,70.3,9.9,181.2,22.7,60.4,70.2,8.3,11.2,105.2,17.51
2024,Season B,February,Mayange,Beans,2.8,2.32,232.0,Flat,Local Variety,Yes,Mixed (Organic + Inorganic),0.44,No,Rice,Medium,Sufficient,No,No,23.1,Sandy Loam,5.82,2.79,57.9,11.7,206.1,23.9,76.8,72.2,8.0,10.6,107.6,7.03
2024,Season B,February,Rweru,Beans,1.28,1.17,117.0,Flat,Improved (RWR 2245),No,None,0.0,No,Rice,Medium,Sufficient,Yes,No,9.1,Clay Soil,6.79,2.88,60.9,10.7,183.4,23.1,50.5,62.2,7.0,11.4,124.0,11.89
2021,Season B,May,Kamabuye,Rice,2.59,2.41,241.0,Flat,Hybrid (Komboka),Yes,Organic (Compost),0.0,Yes,Maize,Medium,Adequate,No,Yes,22.9,Clay Soil,7.12,2.46,40.2,18.5,217.5,22.1,98.8,77.4,7.3,11.1,108.3,24.5
2020,Season A,November,Ntarama,Rice,1.21,1.11,111.0,Valley,Improved (IR64 / NERICA),Yes,Inorganic (NPK),0.87,No,Fallow,Low,Adequate,Yes,Yes,13.1,Sandy Soil,7.19,2.77,60.8,11.4,257.6,22.5,134.6,78.3,6.9,10.4,109.8,37.42
2024,Season A,November,Kamabuye,Rice,2.3,2.2,220.0,Valley,Hybrid (Komboka),Yes,Mixed (Organic + Inorganic),1.23,Partial,Beans,Low,Adequate,Yes,No,21.5,Clay Soil,7.13,2.17,42.2,17.9,207.7,24.4,70.1,80.6,6.1,10.2,97.2,27.94
2020,Season B,February,Rweru,Maize,2.55,2.19,219.0,Hillside,Local Variety,Yes,Mixed (Organic + Inorganic),0.74,No,Rice,High,Adequate,Yes,Yes,13.0,Clay Soil,7.05,2.7,61.9,14.6,191.6,23.2,85.7,74.7,7.4,11.7,96.4,13.24
2023,Season A,January,Kamabuye,Rice,2.67,2.06,206.0,Valley,Hybrid (Komboka),No,None,0.0,No,Fallow,Low,Limited,Yes,Yes,13.5,Clay Soil,6.93,2.19,41.2,14.9,205.3,22.5,75.6,78.9,9.0,10.3,101.7,17.8
2021,Season A,December,Musenyi,Rice,1.01,0.67,67.0,Hillside,Improved (IR64 / NERICA),Yes,Organic (Compost),0.0,No,Fallow,Low,Adequate,Yes,No,13.1,Loam,7.07,2.32,42.4,15.2,258.1,23.3,105.3,73.8,7.6,13.7,102.0,39.38
2024,Season B,March,Musenyi,Maize,1.14,1.09,109.0,Flat,Local Variety,Partial,Inorganic (NPK),0.4,No,Maize,Low,Limited,Yes,Yes,15.5,Loam,7.2,2.43,40.9,13.5,253.3,20.2,115.7,83.4,8.4,11.2,119.5,10.62
2024,Season A,January,Shyara,Rice,0.39,0.38,38.0,Hillside,Hybrid (Komboka),No,None,0.0,Partial,Fallow,Low,Adequate,Yes,No,22.1,Sandy Loam,6.13,2.41,54.3,23.2,256.2,22.6,49.3,72.5,8.0,12.0,102.2,22.38
2020,Season A,September,Ntarama,Rice,2.28,2.17,217.0,Flat,Improved (IR64 / NERICA),Yes,Mixed (Organic + Inorganic),2.77,No,Maize,Low,Sufficient,Yes,Yes,9.8,Sandy Soil,7.12,2.86,62.0,11.0,248.7,22.6,94.4,78.7,8.0,10.0,123.1,38.06
2020,Season A,December,Gashora,Maize,1.06,0.89,89.0,Flat,Improved (WH507),No,None,0.0,No,Rice,Medium,Sufficient,Yes,Yes,18.8,Loam,6.6,2.37,50.6,24.1,191.8,23.8,62.6,68.0,7.4,11.0,117.7,16.48
2024,Season A,November,Rweru,Beans,1.14,0.69,69.0,Valley,Local Variety,Yes,Organic (Compost),0.0,Partial,Maize,High,Limited,Yes,Yes,15.5,Clay Soil,6.85,2.52,64.7,12.9,188.3,24.0,95.0,78.5,7.1,9.9,89.9,6.22
2022,Season B,March,Ngeruka,Rice,2.59,1.83,183.0,Flat,Hybrid (Komboka),No,None,0.0,No,Maize,Medium,Adequate,Yes,No,12.7,Loam,7.0,2.69,76.9,20.0,203.9,23.1,94.2,77.5,7.8,12.0,101.3,20.72
2024,Season B,February,Mayange,Beans,1.3,0.88,88.0,Hillside,Hybrid (MAC 44),No,None,0.0,No,Fallow,High,Limited,No,No,18.3,Sandy Loam,5.8,2.85,61.0,10.3,193.7,24.2,91.4,66.3,7.1,11.7,95.2,7.23
2020,Season A,October,Mareba,Rice,1.74,1.65,165.0,Flat,Improved (IR64 / NERICA),Yes,Inorganic (NPK),2.09,No,Rice,Low,Sufficient,Yes,No,8.7,Sandy Loam,7.18,3.18,61.5,11.8,236.0,24.5,96.7,79.2,6.0,10.5,109.5,33.84
2020,Season B,April,Mwogo,Maize,2.77,2.11,211.0,Flat,Local Variety,Partial,Organic (Compost),0.74,Yes,Fallow,Low,Adequate,No,No,18.7,Sandy Soil,5.94,1.84,70.2,20.0,166.0,22.2,73.9,92.1,7.2,9.3,93.6,14.29
2023,Season B,June,Nyamata,Rice,0.27,0.17,17.0,Valley,Improved (IR64 / NERICA),No,None,0.0,No,Maize,Low,Adequate,Yes,No,12.4,Clay Soil,6.8,2.85,77.9,23.4,257.7,20.9,32.4,66.1,7.8,10.8,103.0,18.72
2024,Season B,April,Gashora,Maize,0.13,0.09,9.0,Hillside,Local Variety,No,None,0.0,No,Fallow,Medium,Sufficient,Yes,Yes,23.8,Loam,6.51,2.37,53.9,26.6,212.1,22.6,122.8,68.9,6.2,9.6,110.2,12.27
2022,Season A,December,Musenyi,Beans,1.81,1.37,137.0,Hillside,Hybrid (MAC 44),Partial,Organic (Compost),0.58,No,Beans,Low,Adequate,No,No,11.7,Loam,7.03,2.59,43.0,13.7,268.6,21.6,70.8,71.9,7.1,12.7,121.0,10.6
2020,Season B,April,Nyamata,Maize,1.74,1.05,105.0,Flat,Local Variety,Yes,Mixed (Organic + Inorganic),0.99,No,Maize,Medium,Adequate,Yes,Yes,11.2,Clay Soil,7.3,3.33,74.1,21.1,246.8,24.3,97.2,88.0,6.3,10.9,92.1,15.39
2024,Season A,November,Musenyi,Rice,2.69,2.03,203.0,Hillside,Improved (IR64 / NERICA),Partial,Inorganic (NPK),0.4,Partial,Beans,Medium,Sufficient,No,No,21.6,Loam,7.09,2.32,42.4,16.3,249.1,22.9,139.1,74.9,7.2,11.7,104.7,40.0
2022,Season B,February,Nyarugenge,Rice,1.7,1.13,113.0,Valley,Local Variety,Partial,Inorganic (NPK),0.39,No,Beans,Medium,Limited,Yes,Yes,17.7,Clay Soil,6.12,2.41,36.8,20.0,195.5,23.3,62.9,76.3,7.7,11.7,108.3,15.94
2022,Season B,May,Nyarugenge,Maize,2.09,1.43,143.0,Flat,Improved (WH507),Partial,Inorganic (NPK),0.11,No,Cassava,Low,Adequate,Yes,No,21.5,Clay Soil,6.21,2.39,38.1,21.2,204.9,22.8,55.9,79.2,6.7,10.1,107.8,16.07
2021,Season A,October,Ruhuha,Maize,2.32,1.85,185.0,Flat,Hybrid (H614D),Partial,Organic (Compost),0.3,Yes,Maize,Low,Sufficient,No,Yes,5.7,Sandy Loam,7.11,2.28,64.8,17.5,177.5,23.5,120.6,77.5,6.5,9.4,100.8,25.46
2022,Season A,October,Nyarugenge,Maize,1.42,1.11,111.0,Hillside,Improved (WH507),No,None,0.0,Yes,Maize,Medium,Limited,No,No,12.2,Clay Soil,6.32,2.3,36.7,21.0,189.4,23.5,142.1,78.1,6.6,9.4,106.5,17.31
2020,Season B,April,Rilima,Maize,1.26,1.04,104.0,Flat,Local Variety,Yes,Mixed (Organic + Inorganic),0.84,No,Cassava,Medium,Sufficient,Yes,No,5.6,Sandy Soil,5.94,1.74,45.2,18.7,207.3,25.1,94.7,89.7,7.1,9.9,91.8,14.59
2022,Season A,October,Ntarama,Maize,1.07,0.84,84.0,Hillside,Local Variety,Yes,Organic (Compost),0.0,No,Maize,Low,Adequate,Yes,No,9.2,Sandy Soil,7.02,2.88,60.2,7.7,237.0,25.2,139.5,80.9,6.5,10.8,96.4,14.69
2020,Season A,October,Nyarugenge,Maize,1.19,0.84,84.0,Flat,Improved (WH507),No,None,0.0,Yes,Rice,Low,Adequate,No,Yes,16.3,Clay Soil,6.11,2.37,39.9,19.3,200.4,24.6,70.6,76.0,6.4,10.6,113.5,17.75
2022,Season A,December,Rweru,Beans,2.04,1.4,140.0,Hillside,Hybrid (MAC 44),Partial,Organic (Compost),0.29,Yes,Cassava,High,Limited,No,Yes,8.2,Clay Soil,7.02,2.57,64.4,10.1,176.0,25.5,53.3,75.4,7.7,12.0,111.5,6.98
2021,Season B,April,Musenyi,Rice,2.67,2.48,248.0,Valley,Improved (IR64 / NERICA),Yes,Mixed (Organic + Inorganic),1.82,No,Fallow,Low,Sufficient,Yes,No,9.4,Loam,6.98,2.49,43.1,12.9,261.2,24.0,70.8,77.5,7.6,9.8,98.3,33.0
2024,Season B,April,Mareba,Beans,2.74,2.03,203.0,Flat,Improved (RWR 2245),No,None,0.0,Partial,Cassava,Medium,Limited,Yes,No,6.0,Sandy Loam,7.05,2.81,64.6,11.1,229.1,25.3,133.9,65.6,7.4,10.7,94.3,9.61
2024,Season A,December,Nyamata,Rice,0.1,0.06,6.0,Flat,Improved (IR64 / NERICA),No,None,0.0,Partial,Beans,Medium,Sufficient,Yes,No,21.0,Clay Soil,6.9,3.13,77.9,26.2,280.2,24.7,60.0,72.6,7.8,11.6,114.7,30.72
2024,Season B,March,Rweru,Rice,2.62,1.75,175.0,Valley,Improved (IR64 / NERICA),Yes,Inorganic (NPK),0.36,Yes,Maize,High,Sufficient,Yes,No,14.1,Clay Soil,6.95,2.8,61.1,12.6,180.9,23.3,124.2,72.0,7.5,10.8,117.1,29.02
2021,Season B,March,Ntarama,Rice,1.75,1.65,165.0,Valley,Hybrid (Komboka),Yes,Mixed (Organic + Inorganic),1.27,No,Cassava,Low,Limited,Yes,No,21.6,Sandy Soil,7.1,3.06,62.4,9.6,246.0,24.5,88.8,73.8,6.8,12.0,120.4,23.22
2022,Season B,May,Ngeruka,Rice,0.87,0.81,81.0,Flat,Hybrid (Komboka),Partial,Inorganic (NPK),0.66,No,Beans,Medium,Limited,Yes,No,11.4,Loam,6.88,2.67,74.2,18.6,202.3,21.7,89.9,80.6,6.8,11.7,107.8,21.02
2021,Season A,December,Shyara,Beans,1.46,1.28,128.0,Flat,Improved (RWR 2245),Partial,Inorganic (NPK),0.54,No,Fallow,Medium,Adequate,Yes,No,6.7,Sandy Loam,6.17,2.33,52.9,16.4,267.2,23.9,104.9,74.1,6.7,11.5,106.5,11.99
2022,Season A,January,Ruhuha,Beans,2.06,1.84,184.0,Flat,Local Variety,Yes,Mixed (Organic + Inorganic),0.82,No,Maize,High,Adequate,Yes,No,17.5,Sandy Loam,7.12,2.64,63.7,18.1,193.0,20.8,66.5,72.1,7.6,11.9,123.0,6.67
2022,Season A,November,Gashora,Rice,2.18,2.11,211.0,Valley,Local Variety,Yes,Inorganic (NPK),2.09,Yes,Maize,Low,Sufficient,No,Yes,13.3,Loam,6.52,2.27,48.0,23.2,197.2,23.6,120.8,76.3,6.9,9.6,100.9,28.88
2022,Season A,December,Ntarama,Beans,2.59,1.56,156.0,Valley,Hybrid (MAC 44),Yes,Mixed (Organic + Inorganic),0.34,Yes,Beans,Medium,Adequate,Yes,No,14.1,Sandy Soil,7.1,2.89,59.3,12.4,247.5,23.0,51.6,73.5,7.9,9.8,118.2,10.79
2023,Season B,May,Rilima,Beans,2.91,1.75,175.0,Hillside,Improved (RWR 2245),No,None,0.0,No,Maize,Low,Adequate,No,Yes,16.4,Sandy Soil,6.23,2.0,43.2,16.9,213.6,23.8,73.5,82.0,6.7,11.4,100.0,11.54
2020,Season A,September,Gashora,Rice,0.44,0.43,43.0,Valley,Improved (IR64 / NERICA),Yes,Inorganic (NPK),1.67,No,Maize,Low,Limited,No,No,12.3,Loam,6.61,2.02,54.2,26.9,191.4,22.6,61.1,79.0,6.7,10.9,108.5,28.63
2020,Season B,June,Rweru,Maize,1.0,0.62,62.0,Hillside,Improved (WH507),No,None,0.0,No,Maize,Medium,Sufficient,Yes,No,16.8,Clay Soil,6.71,2.63,65.7,12.6,180.3,22.8,21.4,68.5,8.7,12.5,113.1,11.6
2020,Season A,January,Kamabuye,Maize,2.07,1.62,162.0,Valley,Local Variety,Partial,Inorganic (NPK),0.11,Yes,Beans,Medium,Sufficient,No,Yes,12.8,Clay Soil,6.96,1.97,37.9,19.3,209.6,20.7,49.2,69.8,8.6,11.5,92.8,12.03
2020,Season B,April,Kamabuye,Rice,0.61,0.43,43.0,Valley,Local Variety,Partial,Organic (Compost),0.38,No,Beans,Medium,Sufficient,Yes,No,5.6,Clay Soil,7.02,2.54,40.6,20.3,199.5,23.0,133.3,83.9,6.3,9.8,102.5,22.42
2024,Season A,October,Ngeruka,Maize,0.22,0.14,14.0,Flat,Hybrid (H614D),Yes,Mixed (Organic + Inorganic),0.43,No,Cassava,Medium,Adequate,No,Yes,6.5,Loam,7.0,2.6,78.2,22.1,195.0,26.2,125.1,77.9,6.3,9.6,101.1,27.36
2023,Season B,June,Kamabuye,Beans,2.35,1.65,165.0,Valley,Local Variety,Partial,Inorganic (NPK),0.18,Yes,Maize,Low,Sufficient,No,Yes,9.9,Clay Soil,7.04,2.24,36.6,19.3,217.3,22.4,40.5,57.7,7.8,11.8,124.0,6.69
2020,Season A,December,Mayange,Beans,1.0,0.75,75.0,Flat,Improved (RWR 2245),Yes,Inorganic (NPK),1.2,No,Beans,Medium,Sufficient,Yes,No,15.1,Sandy Loam,6.16,2.99,61.8,8.3,193.1,22.4,95.1,75.5,8.0,12.5,110.0,14.23
2020,Season B,May,Nyarugenge,Rice,1.5,1.24,124.0,Valley,Improved (IR64 / NERICA),No,None,0.0,No,Maize,Medium,Adequate,Yes,No,9.1,Clay Soil,6.27,1.97,35.7,21.4,186.2,25.3,87.4,80.6,7.8,10.3,98.4,30.75
2023,Season A,December,Rilima,Beans,1.96,1.63,163.0,Hillside,Hybrid (MAC 44),No,None,0.0,No,Maize,Low,Sufficient,Yes,No,6.6,Sandy Soil,5.94,1.87,47.2,18.3,213.3,21.6,101.0,80.8,8.6,11.7,95.1,10.72
2020,Season B,February,Ngeruka,Rice,1.87,1.34,134.0,Valley,Local Variety,Partial,Inorganic (NPK),0.32,Yes,Beans,Low,Adequate,No,No,11.9,Loam,6.92,2.61,71.3,16.0,189.5,21.8,73.3,79.0,7.7,10.8,125.5,18.51
2023,Season B,April,Ruhuha,Beans,2.88,1.86,186.0,Hillside,Improved (RWR 2245),Yes,Organic (Compost),0.0,Yes,Beans,Medium,Adequate,Yes,No,16.8,Sandy Loam,7.14,2.52,64.2,17.4,182.3,22.7,82.6,82.5,6.5,9.1,107.1,12.98
2021,Season A,October,Nyarugenge,Rice,1.69,1.4,140.0,Hillside,Local Variety,Partial,Organic (Compost),0.29,Yes,Beans,Medium,Adequate,Yes,No,16.7,Clay Soil,6.26,2.05,36.7,22.4,205.3,22.1,99.6,75.3,6.6,9.9,92.0,24.03
2024,Season B,April,Nyamata,Beans,1.72,1.17,117.0,Flat,Improved (RWR 2245),Yes,Inorganic (NPK),0.4,No,Cassava,Low,Limited,Yes,No,15.6,Clay Soil,7.03,3.2,74.7,22.2,249.9,25.1,133.1,75.4,6.3,10.8,90.4,11.7
2023,Season A,September,Mayange,Rice,0.14,0.09,9.0,Flat,Hybrid (Komboka),Yes,Organic (Compost),0.0,Partial,Maize,Low,Sufficient,Yes,No,19.9,Sandy Loam,5.96,2.78,64.2,8.1,207.1,23.9,67.5,79.1,7.5,12.7,109.1,25.79
2021,Season B,February,Shyara,Maize,2.59,1.88,188.0,Valley,Improved (WH507),No,None,0.0,Yes,Rice,Medium,Adequate,No,No,9.6,Sandy Loam,5.93,2.28,58.4,22.9,256.9,21.9,51.5,74.3,7.9,13.0,118.1,14.87
2022,Season B,February,Rilima,Maize,2.11,1.59,159.0,Valley,Local Variety,No,None,0.0,No,Cassava,High,Sufficient,No,No,7.7,Sandy Soil,5.97,1.87,41.8,15.7,210.1,18.7,65.7,72.7,7.7,9.8,95.2,8.59
2021,Season A,October,Rilima,Beans,2.48,1.75,175.0,Hillside,Hybrid (MAC 44),Partial,Inorganic (NPK),0.44,No,Maize,High,Adequate,No,No,13.1,Sandy Soil,6.03,1.82,44.9,16.4,205.8,22.9,85.9,78.3,6.9,9.2,89.8,9.56
2021,Season A,September,Gashora,Maize,0.73,0.51,51.0,Flat,Improved (WH507),Yes,Inorganic (NPK),1.38,No,Fallow,Low,Adequate,Yes,No,8.4,Loam,6.6,2.24,46.9,21.2,177.6,26.5,69.1,71.8,7.1,13.2,117.5,18.14
2023,Season B,June,Rilima,Maize,0.83,0.8,80.0,Flat,Improved (WH507),Yes,Organic (Compost),0.0,No,Beans,Low,Adequate,No,No,18.3,Sandy Soil,6.15,1.55,42.6,16.5,211.5,20.9,39.8,68.2,8.2,12.5,104.2,14.08
2024,Season B,February,Nyamata,Beans,2.17,1.38,138.0,Hillside,Improved (RWR 2245),No,None,0.0,No,Cassava,High,Adequate,Yes,No,8.6,Clay Soil,7.03,3.05,78.2,24.3,254.9,22.5,48.2,76.6,7.6,9.8,122.6,10.22
2020,Season B,February,Ntarama,Beans,1.31,1.28,128.0,Hillside,Improved (RWR 2245),No,None,0.0,No,Maize,Low,Sufficient,No,No,14.5,Sandy Soil,6.95,2.79,64.4,9.4,245.0,23.6,62.3,75.0,8.0,12.3,96.8,11.29
2021,Season B,June,Gashora,Maize,2.53,2.36,236.0,Valley,Improved (WH507),Yes,Organic (Compost),0.0,No,Maize,Medium,Adequate,Yes,Yes,24.5,Loam,6.47,2.32,49.6,23.9,180.5,21.9,45.0,69.1,8.3,12.8,109.9,13.41
2020,Season B,June,Juru,Beans,0.86,0.54,54.0,Hillside,Improved (RWR 2245),No,None,0.0,Yes,Maize,Low,Adequate,No,No,11.7,Sandy Loam,6.89,2.55,45.3,25.6,176.2,22.6,21.1,74.8,8.4,12.5,104.3,10.75
2023,Season B,May,Musenyi,Rice,0.98,0.98,98.0,Valley,Improved (IR64 / NERICA),No,None,0.0,Partial,Maize,High,Sufficient,No,Yes,7.4,Loam,7.0,2.59,38.8,14.9,244.4,22.7,72.2,85.3,7.6,11.5,117.5,20.13
2022,Season B,May,Ruhuha,Beans,1.75,1.14,114.0,Hillside,Hybrid (MAC 44),No,None,0.0,No,Maize,Low,Adequate,No,Yes,8.6,Sandy Loam,7.01,2.48,61.6,18.0,178.5,24.6,69.2,79.1,7.4,12.6,90.4,8.96
2020,Season A,October,Mayange,Beans,2.2,1.33,133.0,Flat,Local Variety,Yes,Inorganic (NPK),1.28,Yes,Maize,Medium,Limited,No,No,14.5,Sandy Loam,5.88,2.68,68.3,8.5,206.0,24.1,116.9,85.8,5.6,9.2,101.4,7.04
2021,Season B,March,Gashora,Beans,0.42,0.4,40.0,Valley,Hybrid (MAC 44),No,None,0.0,Yes,Cassava,High,Sufficient,No,No,20.8,Loam,6.46,2.02,54.7,25.0,196.0,22.8,129.1,76.3,6.9,12.4,102.2,7.95
2024,Season A,November,Rweru,Beans,0.16,0.12,12.0,Flat,Hybrid (MAC 44),No,None,0.0,No,Maize,Low,Limited,No,Yes,14.5,Clay Soil,6.95,2.49,61.0,11.7,182.1,23.4,137.3,79.8,7.0,10.9,119.6,7.87
2023,Season A,September,Mareba,Rice,0.56,0.53,53.0,Hillside,Local Variety,No,None,0.0,No,Cassava,Low,Adequate,Yes,Yes,21.4,Sandy Loam,7.0,3.18,58.1,13.3,230.2,22.8,105.5,72.6,7.4,12.7,129.1,21.1
2023,Season B,May,Mareba,Beans,2.48,2.22,222.0,Hillside,Hybrid (MAC 44),No,None,0.0,Yes,Fallow,Medium,Limited,Yes,Yes,18.8,Sandy Loam,7.13,2.93,63.8,14.9,241.4,23.8,48.0,76.3,7.7,10.3,116.8,8.23
2022,Season B,May,Juru,Rice,0.25,0.22,22.0,Valley,Hybrid (Komboka),No,None,0.0,No,Beans,Low,Adequate,Yes,No,15.6,Sandy Loam,7.03,2.32,52.8,25.4,177.2,23.1,81.5,78.5,7.3,10.1,89.7,23.78
2024,Season B,April,Ntarama,Beans,0.11,0.07,7.0,Valley,Local Variety,No,None,0.0,No,Maize,Medium,Adequate,No,No,14.7,Sandy Soil,6.99,2.8,61.6,7.6,238.2,23.8,105.0,79.7,6.9,10.2,99.3,6.51
2020,Season A,December,Musenyi,Beans,0.77,0.62,62.0,Hillside,Hybrid (MAC 44),Partial,Organic (Compost),0.23,Yes,Beans,High,Sufficient,Yes,No,24.1,Loam,7.03,2.28,40.9,14.6,247.7,21.4,78.1,62.8,7.6,12.1,113.9,9.01
2020,Season B,April,Kamabuye,Beans,2.77,2.09,209.0,Valley,Local Variety,Partial,Inorganic (NPK),0.35,Yes,Beans,Low,Sufficient,No,No,5.6,Clay Soil,7.01,2.3,40.5,22.0,206.8,23.3,81.3,84.1,6.4,11.5,98.2,6.98
2020,Season A,October,Mayange,Rice,2.6,1.93,193.0,Valley,Hybrid (Komboka),Partial,Organic (Compost),0.38,Partial,Maize,High,Adequate,No,Yes,18.5,Sandy Loam,5.92,2.69,63.8,10.8,214.1,24.1,149.4,84.7,6.8,10.3,108.8,28.58
2022,Season B,June,Juru,Rice,2.59,1.83,183.0,Valley,Hybrid (Komboka),No,None,0.0,Yes,Cassava,Medium,Sufficient,No,Yes,21.1,Sandy Loam,6.83,2.34,44.3,26.3,169.2,22.7,44.4,70.6,8.4,13.5,111.4,18.86
2022,Season B,April,Mayange,Beans,2.26,1.55,155.0,Hillside,Hybrid (MAC 44),Yes,Mixed (Organic + Inorganic),1.18,Partial,Cassava,Medium,Adequate,No,No,20.1,Sandy Loam,6.1,2.8,67.5,9.6,219.5,22.4,143.9,74.3,7.5,11.1,108.4,10.22
2021,Season A,January,Rilima,Beans,0.61,0.56,56.0,Flat,Improved (RWR 2245),No,None,0.0,Partial,Beans,Medium,Limited,Yes,No,14.4,Sandy Soil,6.28,1.8,44.8,15.9,212.5,23.6,53.3,70.1,7.6,11.5,123.6,9.77
2024,Season A,October,Rweru,Maize,0.95,0.59,59.0,Hillside,Hybrid (H614D),Yes,Mixed (Organic + Inorganic),1.2,Partial,Beans,Medium,Limited,Yes,Yes,5.7,Clay Soil,7.03,2.31,64.3,14.3,219.5,24.7,132.8,87.3,6.7,10.8,113.8,29.08
2024,Season B,February,Mareba,Beans,2.58,1.73,173.0,Flat,Local Variety,No,None,0.0,Yes,Fallow,Medium,Adequate,Yes,Yes,19.6,Sandy Loam,7.26,2.9,63.7,14.5,231.5,22.6,43.4,74.4,8.2,11.9,120.3,5.89
2021,Season B,March,Gashora,Rice,2.58,2.1,210.0,Valley,Improved (IR64 / NERICA),Yes,Inorganic (NPK),0.65,No,Fallow,Medium,Adequate,Yes,Yes,23.2,Loam,6.65,2.09,52.4,26.1,171.2,23.3,96.6,76.2,7.9,12.3,96.3,31.61
2024,Season B,April,Nyarugenge,Rice,1.24,1.07,107.0,Valley,Improved (IR64 / NERICA),Partial,Inorganic (NPK),0.48,Partial,Fallow,Medium,Limited,Yes,Yes,12.6,Clay Soil,6.09,2.19,39.5,24.6,202.0,23.0,82.7,73.0,6.9,11.5,105.9,31.72
2023,Season A,September,Ntarama,Beans,0.34,0.25,25.0,Flat,Improved (RWR 2245),Yes,Inorganic (NPK),1.06,No,Maize,High,Limited,Yes,Yes,22.4,Sandy Soil,7.13,2.87,63.3,14.3,243.6,22.7,48.7,76.7,7.5,11.0,122.5,11.34
2022,Season A,January,Shyara,Beans,1.23,0.87,87.0,Flat,Hybrid (MAC 44),Yes,Organic (Compost),0.0,Partial,Beans,Low,Adequate,No,Yes,14.6,Sandy Loam,6.28,2.01,54.7,19.2,262.1,22.4,61.1,65.9,8.1,13.3,94.2,9.94
2024,Season B,February,Rilima,Maize,2.66,1.83,183.0,Valley,Improved (WH507),Partial,Organic (Compost),0.7,No,Beans,Medium,Sufficient,Yes,Yes,14.9,Sandy Soil,6.14,1.91,45.3,16.2,214.7,22.1,59.8,75.7,7.6,11.1,119.4,15.67
2022,Season B,March,Ngeruka,Rice,2.68,2.61,261.0,Hillside,Improved (IR64 / NERICA),No,None,0.0,Yes,Maize,High,Sufficient,Yes,Yes,9.9,Loam,7.0,2.5,76.6,20.4,211.4,24.2,64.3,76.6,7.4,9.8,105.1,22.82
2022,Season B,May,Mayange,Rice,1.36,1.05,105.0,Valley,Hybrid (Komboka),Yes,Mixed (Organic + Inorganic),1.41,Partial,Maize,Low,Sufficient,Yes,Yes,18.0,Sandy Loam,6.35,2.68,60.6,14.3,207.1,24.0,50.5,70.8,6.7,10.1,97.5,25.32
2020,Season B,May,Rilima,Rice,1.48,1.04,104.0,Valley,Improved (IR64 / NERICA),Partial,Inorganic (NPK),0.4,No,Cassava,Medium,Sufficient,Yes,Yes,23.3,Sandy Soil,6.02,1.85,44.6,12.9,215.0,23.4,93.1,68.1,7.5,9.7,104.1,34.69
2022,Season A,October,Shyara,Rice,0.81,0.55,55.0,Valley,Hybrid (Komboka),No,None,0.0,No,Beans,Medium,Adequate,No,No,6.0,Sandy Loam,6.0,1.97,52.2,20.2,269.7,21.9,127.2,79.1,6.7,10.4,102.5,28.41
2023,Season A,October,Mareba,Maize,1.54,1.05,105.0,Flat,Improved (WH507),Yes,Organic (Compost),0.0,Yes,Beans,Low,Limited,Yes,No,21.2,Sandy Loam,7.22,2.73,63.0,11.0,235.3,24.9,139.6,86.2,6.1,10.9,91.3,21.41
2023,Season A,October,Juru,Beans,1.67,1.58,158.0,Valley,Local Variety,No,None,0.0,Partial,Rice,Low,Sufficient,Yes,No,9.3,Sandy Loam,6.9,2.55,53.5,25.6,171.9,25.1,83.8,83.3,7.2,10.7,103.0,7.09
2021,Season A,December,Juru,Maize,0.5,0.46,46.0,Hillside,Local Variety,Partial,Organic (Compost),0.71,No,Maize,High,Sufficient,No,No,17.2,Sandy Loam,6.99,2.54,47.9,22.7,184.3,21.4,58.9,70.9,7.4,12.4,102.0,9.31
2021,Season B,February,Nyarugenge,Beans,2.77,2.73,273.0,Hillside,Local Variety,No,None,0.0,No,Rice,Low,Adequate,No,No,16.5,Clay Soil,6.19,2.12,44.1,23.3,208.4,21.4,71.0,64.6,8.9,11.6,109.3,6.29
2024,Season A,January,Ruhuha,Beans,2.26,2.14,214.0,Flat,Local Variety,Yes,Mixed (Organic + Inorganic),0.46,No,Cassava,Low,Sufficient,No,No,5.4,Sandy Loam,6.91,2.54,61.3,19.0,184.2,22.7,62.0,70.0,7.4,12.6,95.6,7.63
2022,Season A,January,Nyamata,Rice,2.11,1.43,143.0,Flat,Hybrid (Komboka),Yes,Mixed (Organic + Inorganic),0.87,No,Cassava,Low,Adequate,Yes,No,16.2,Clay Soil,7.04,3.53,80.2,22.4,265.1,23.5,59.3,79.6,8.4,11.5,121.0,22.88
2021,Season A,December,Ntarama,Beans,1.85,1.21,121.0,Hillside,Hybrid (MAC 44),Yes,Inorganic (NPK),0.7,Yes,Maize,Low,Sufficient,Yes,No,8.4,Sandy Soil,7.04,2.91,61.4,11.4,240.1,24.1,62.7,78.7,7.2,10.9,114.7,11.09
2024,Season A,December,Nyarugenge,Maize,2.8,1.8,180.0,Flat,Improved (WH507),Partial,Inorganic (NPK),0.65,Partial,Maize,High,Adequate,Yes,Yes,24.1,Clay Soil,6.1,1.92,44.8,19.9,189.7,22.4,85.2,71.0,7.4,11.4,109.0,17.48
2022,Season A,December,Mareba,Maize,0.8,0.64,64.0,Flat,Improved (WH507),No,None,0.0,Partial,Cassava,Medium,Adequate,No,No,10.8,Sandy Loam,7.11,3.12,62.6,10.3,234.4,23.2,62.2,73.1,7.5,10.8,118.8,17.17
2023,Season A,October,Nyarugenge,Beans,2.14,1.9,190.0,Hillside,Hybrid (MAC 44),Partial,Inorganic (NPK),0.2,No,Fallow,Medium,Adequate,No,No,21.6,Clay Soil,6.09,2.34,36.9,18.9,196.2,22.9,96.7,82.3,6.2,10.3,90.0,11.08
2020,Season A,October,Gashora,Maize,0.38,0.28,28.0,Flat,Improved (WH507),Yes,Organic (Compost),0.0,No,Cassava,Medium,Adequate,Yes,Yes,15.6,Loam,6.44,2.04,51.2,23.7,195.3,25.4,75.4,87.2,5.7,9.4,110.4,19.93
2021,Season A,October,Nyarugenge,Rice,1.78,1.46,146.0,Valley,Hybrid (Komboka),Yes,Inorganic (NPK),0.97,Yes,Rice,Medium,Adequate,Yes,Yes,11.4,Clay Soil,6.33,2.09,39.7,21.3,195.8,24.9,113.4,80.8,6.7,9.5,101.5,34.16
2022,Season A,January,Rweru,Beans,0.1,0.1,10.0,Valley,Hybrid (MAC 44),No,None,0.0,Partial,Rice,High,Sufficient,No,Yes,6.6,Clay Soil,7.13,2.77,65.2,12.1,196.3,19.4,69.0,72.1,7.7,9.3,102.6,7.73
2024,Season A,December,Mareba,Beans,2.67,1.84,184.0,Hillside,Hybrid (MAC 44),No,None,0.0,No,Maize,High,Adequate,Yes,Yes,23.8,Sandy Loam,7.02,2.89,62.7,15.9,239.8,22.7,102.6,67.7,7.1,10.7,96.3,8.34
2021,Season B,April,Ntarama,Beans,1.49,1.13,113.0,Valley,Hybrid (MAC 44),No,None,0.0,Partial,Maize,Low,Adequate,Yes,No,14.0,Sandy Soil,7.07,2.73,63.4,14.4,223.6,24.7,133.8,90.1,7.2,11.1,106.0,8.71
2022,Season B,February,Ntarama,Beans,1.58,1.46,146.0,Valley,Local Variety,Yes,Organic (Compost),0.0,Yes,Maize,Low,Adequate,Yes,No,15.9,Sandy Soil,6.99,2.99,64.2,12.0,245.0,22.3,92.9,72.8,7.7,12.1,101.6,7.96
2021,Season A,January,Ruhuha,Rice,0.31,0.31,31.0,Valley,Local Variety,Yes,Inorganic (NPK),2.29,No,Fallow,Medium,Adequate,No,No,9.1,Sandy Loam,6.96,2.55,62.9,17.3,178.1,21.3,65.4,71.4,7.6,11.5,120.6,17.44
2022,Season B,February,Ntarama,Rice,2.94,2.57,257.0,Flat,Improved (IR64 / NERICA),Partial,Organic (Compost),0.15,No,Beans,Low,Sufficient,Yes,No,15.3,Sandy Soil,7.11,2.95,61.7,13.4,253.5,23.2,65.0,64.3,7.5,11.7,94.8,30.1
2020,Season B,March,Mwogo,Maize,1.13,0.75,75.0,Flat,Local Variety,Partial,Inorganic (NPK),0.69,No,Fallow,High,Limited,No,No,17.4,Sandy Soil,5.87,1.97,64.1,21.7,158.1,24.2,104.2,81.3,7.1,10.2,97.5,12.32
2022,Season B,March,Musenyi,Rice,1.7,1.42,142.0,Valley,Hybrid (Komboka),Yes,Mixed (Organic + Inorganic),2.74,Partial,Rice,Low,Limited,Yes,No,18.9,Loam,7.04,2.33,41.2,13.1,240.7,21.2,96.0,73.7,7.1,11.3,126.1,20.35
2020,Season A,September,Mwogo,Maize,0.85,0.62,62.0,Flat,Improved (WH507),Partial,Inorganic (NPK),0.31,Yes,Beans,Low,Sufficient,No,Yes,7.2,Sandy Soil,6.05,1.91,67.1,21.0,156.7,22.6,106.2,79.3,6.9,12.8,106.8,24.12
2023,Season B,April,Ngeruka,Maize,0.69,0.47,47.0,Valley,Local Variety,Yes,Organic (Compost),0.0,Partial,Maize,Medium,Limited,Yes,No,22.3,Loam,7.16,2.63,68.9,22.6,189.6,24.0,91.6,78.5,6.4,12.1,119.6,11.98
2021,Season B,May,Juru,Rice,2.05,1.89,189.0,Flat,Local Variety,Yes,Inorganic (NPK),2.28,Partial,Beans,Low,Sufficient,No,No,22.7,Sandy Loam,6.68,2.42,45.4,22.9,169.3,22.3,72.7,74.1,7.4,11.1,98.7,19.61
2021,Season A,September,Rweru,Maize,2.76,2.5,250.0,Valley,Improved (WH507),Yes,Inorganic (NPK),1.66,No,Cassava,Medium,Adequate,Yes,Yes,20.3,Clay Soil,6.92,2.62,64.7,9.2,177.0,23.0,72.9,80.2,6.9,11.5,112.4,20.69
2022,Season A,October,Gashora,Rice,1.31,1.31,131.0,Flat,Local Variety,No,None,0.0,No,Maize,High,Adequate,Yes,No,10.4,Loam,6.46,2.19,49.7,25.1,202.9,26.0,100.5,75.2,6.0,9.5,102.2,16.67
2023,Season A,December,Rweru,Rice,1.9,1.66,166.0,Valley,Improved (IR64 / NERICA),Yes,Organic (Compost),0.0,Yes,Beans,Low,Limited,No,No,23.5,Clay Soil,6.98,2.61,67.0,8.9,171.9,22.3,89.3,78.3,7.4,12.0,106.0,35.36
2022,Season A,December,Ruhuha,Rice,2.13,1.55,155.0,Hillside,Hybrid (Komboka),Yes,Inorganic (NPK),2.11,Partial,Beans,Medium,Sufficient,No,No,24.8,Sandy Loam,7.23,2.71,63.6,17.6,189.0,22.1,102.6,76.8,7.1,11.5,94.3,29.32
2021,Season A,September,Gashora,Rice,1.22,1.01,101.0,Valley,Improved (IR64 / NERICA),Yes,Organic (Compost),0.0,No,Beans,Low,Limited,No,No,11.4,Loam,6.65,2.06,46.4,27.9,193.0,23.6,88.3,70.3,7.3,11.8,128.1,33.79
2022,Season B,June,Gashora,Maize,1.5,0.93,93.0,Hillside,Local Variety,Partial,Inorganic (NPK),0.22,No,Maize,Medium,Adequate,No,No,11.5,Loam,6.53,1.91,41.4,24.3,190.3,21.5,33.7,68.7,8.1,13.1,127.8,9.41
2023,Season B,February,Musenyi,Rice,2.51,2.02,202.0,Valley,Hybrid (Komboka),Partial,Organic (Compost),0.26,Yes,Maize,Low,Sufficient,Yes,Yes,23.9,Loam,6.93,2.27,41.2,13.0,243.1,21.8,75.2,74.7,8.0,10.2,120.4,20.96
2022,Season B,May,Mareba,Maize,0.47,0.35,35.0,Flat,Improved (WH507),No,None,0.0,No,Beans,Low,Adequate,No,No,24.7,Sandy Loam,7.04,3.24,69.4,11.0,234.3,24.8,82.8,77.4,7.2,11.2,108.5,17.52
2020,Season B,April,Kamabuye,Rice,0.51,0.34,34.0,Hillside,Local Variety,Partial,Organic (Compost),0.34,No,Cassava,High,Adequate,Yes,Yes,18.5,Clay Soil,7.36,2.3,40.1,17.7,211.9,24.1,73.3,73.4,7.2,11.3,90.2,16.07
2024,Season A,September,Mareba,Maize,2.14,1.89,189.0,Valley,Local Variety,No,None,0.0,No,Beans,Low,Limited,No,No,16.7,Sandy Loam,6.98,2.81,62.3,14.0,244.5,24.6,74.9,70.4,7.9,12.5,127.5,11.33
2024,Season A,January,Ruhuha,Beans,1.66,1.41,141.0,Flat,Hybrid (MAC 44),Yes,Mixed (Organic + Inorganic),0.98,Partial,Beans,Low,Adequate,Yes,No,11.9,Sandy Loam,6.84,2.29,63.4,16.7,179.8,22.4,67.9,69.6,7.3,11.0,116.3,11.96
2021,Season A,October,Nyamata,Beans,2.97,2.01,201.0,Flat,Improved (RWR 2245),Partial,Inorganic (NPK),0.56,No,Beans,High,Adequate,No,Yes,14.8,Clay Soil,6.97,2.98,75.2,24.0,266.0,23.8,70.8,79.1,6.8,10.9,110.9,11.16
2024,Season B,April,Gashora,Beans,0.24,0.23,23.0,Hillside,Improved (RWR 2245),Yes,Organic (Compost),0.0,No,Maize,Low,Adequate,Yes,Yes,19.5,Loam,6.72,2.14,43.9,22.7,195.4,21.8,83.2,76.6,6.7,9.4,94.7,15.35
2024,Season B,June,Nyarugenge,Rice,1.77,1.6,160.0,Flat,Hybrid (Komboka),Yes,Inorganic (NPK),1.07,No,Maize,Low,Adequate,Yes,Yes,5.8,Clay Soil,6.29,2.07,37.0,23.0,186.3,24.0,31.6,72.5,8.2,12.1,115.0,21.26
2024,Season B,February,Juru,Beans,0.78,0.58,58.0,Valley,Hybrid (MAC 44),Yes,Inorganic (NPK),1.26,No,Beans,Low,Sufficient,No,No,5.1,Sandy Loam,6.78,2.59,50.7,25.8,173.0,24.7,90.9,70.1,7.7,10.6,103.0,9.77
2021,Season B,April,Nyarugenge,Beans,2.22,1.83,183.0,Hillside,Hybrid (MAC 44),Yes,Organic (Compost),0.0,No,Beans,High,Adequate,No,No,16.2,Clay Soil,6.41,2.24,45.7,20.3,190.4,21.4,120.4,73.1,6.7,8.5,94.0,8.36
2022,Season B,June,Musenyi,Maize,1.3,1.14,114.0,Valley,Improved (WH507),Yes,Organic (Compost),0.0,Yes,Maize,Medium,Sufficient,Yes,No,16.2,Loam,7.21,2.3,43.8,15.4,232.8,25.4,39.9,74.0,7.9,12.9,127.3,14.28
2023,Season A,January,Nyamata,Rice,2.25,1.8,180.0,Flat,Improved (IR64 / NERICA),Yes,Inorganic (NPK),2.24,No,Maize,High,Sufficient,Yes,No,16.2,Clay Soil,7.06,3.38,79.0,23.9,244.6,22.3,90.7,70.2,7.5,12.5,100.3,29.85
2022,Season A,November,Ntarama,Beans,1.27,1.02,102.0,Flat,Improved (RWR 2245),Yes,Inorganic (NPK),0.37,Yes,Beans,Low,Limited,No,No,19.6,Sandy Soil,6.98,3.13,62.4,11.2,229.5,23.3,91.2,80.5,7.2,12.0,105.2,14.01
2022,Season B,June,Gashora,Maize,0.71,0.54,54.0,Hillside,Improved (WH507),Yes,Inorganic (NPK),0.63,Partial,Beans,High,Sufficient,Yes,No,5.4,Loam,6.33,2.26,47.9,23.6,191.9,20.9,24.2,68.9,8.1,12.4,127.2,14.83
2020,Season A,September,Ruhuha,Maize,0.99,0.96,96.0,Flat,Local Variety,Partial,Organic (Compost),0.28,No,Maize,High,Adequate,Yes,No,5.2,Sandy Loam,7.04,2.62,62.0,18.4,188.4,22.4,76.5,76.4,6.8,11.6,124.9,11.19
2024,Season A,January,Ngeruka,Rice,0.63,0.59,59.0,Flat,Hybrid (Komboka),Yes,Inorganic (NPK),1.16,No,Maize,Medium,Adequate,Yes,Yes,8.2,Loam,7.16,2.44,75.9,20.2,201.0,22.7,81.7,69.1,8.3,10.1,93.2,26.05
2023,Season B,May,Juru,Maize,2.26,1.83,183.0,Flat,Improved (WH507),Partial,Organic (Compost),0.78,No,Beans,Medium,Adequate,Yes,Yes,16.9,Sandy Loam,6.88,2.86,49.8,25.5,182.8,23.0,58.9,70.5,6.7,11.1,119.5,16.41
2023,Season A,October,Mwogo,Rice,2.34,2.1,210.0,Hillside,Hybrid (Komboka),No,None,0.0,Yes,Beans,Low,Limited,No,Yes,11.6,Sandy Soil,5.97,2.06,67.0,20.0,175.3,22.6,118.4,63.0,7.7,9.8,113.7,27.52
2023,Season A,October,Rweru,Maize,2.29,1.55,155.0,Hillside,Improved (WH507),Yes,Mixed (Organic + Inorganic),2.07,Partial,Rice,High,Sufficient,Yes,No,20.5,Clay Soil,6.99,2.77,61.6,11.4,198.0,23.0,124.9,76.4,6.5,9.6,95.7,21.83
2020,Season B,June,Rilima,Beans,2.53,2.26,226.0,Valley,Local Variety,No,None,0.0,No,Beans,High,Sufficient,Yes,No,17.7,Sandy Soil,5.98,1.62,39.7,17.7,213.7,21.5,43.9,72.1,8.7,12.5,110.8,3.82
2024,Season B,February,Mayange,Beans,1.4,1.37,137.0,Valley,Local Variety,Yes,Organic (Compost),0.0,Yes,Rice,Low,Sufficient,Yes,No,17.7,Sandy Loam,6.02,2.55,59.9,14.4,195.4,23.0,66.7,76.4,7.9,9.9,97.3,8.84
2021,Season A,January,Rilima,Maize,1.17,0.74,74.0,Hillside,Local Variety,No,None,0.0,No,Maize,Low,Adequate,Yes,No,15.8,Sandy Soil,5.99,1.88,35.3,16.1,212.0,24.7,53.2,67.1,6.8,11.1,118.1,11.57
2022,Season B,February,Mareba,Rice,1.81,1.24,124.0,Flat,Improved (IR64 / NERICA),No,None,0.0,No,Fallow,High,Adequate,Yes,Yes,18.2,Sandy Loam,7.15,3.02,61.4,11.4,236.7,24.3,77.5,75.8,7.1,10.5,98.9,23.01
2023,Season A,December,Gashora,Beans,1.3,1.2,120.0,Flat,Improved (RWR 2245),No,None,0.0,Yes,Maize,High,Adequate,No,Yes,17.1,Loam,6.55,2.21,52.0,25.5,167.1,22.4,84.1,79.2,8.1,11.3,123.1,12.5
2020,Season B,June,Rweru,Beans,0.31,0.23,23.0,Flat,Local Variety,Yes,Organic (Compost),0.0,No,Beans,High,Sufficient,Yes,No,23.0,Clay Soil,6.98,2.2,70.4,11.4,196.7,24.8,47.1,72.6,8.7,11.8,132.6,3.83
2022,Season A,October,Ruhuha,Maize,1.33,0.87,87.0,Flat,Hybrid (H614D),No,None,0.0,No,Maize,Medium,Limited,No,No,14.0,Sandy Loam,7.08,2.7,61.9,17.3,178.1,24.7,141.7,78.1,6.2,12.0,110.1,17.8
2022,Season B,March,Mwogo,Maize,1.16,1.08,108.0,Valley,Improved (WH507),Yes,Organic (Compost),0.0,No,Rice,High,Adequate,Yes,No,17.9,Sandy Soil,5.87,2.15,68.7,23.2,154.5,21.9,79.3,73.0,7.2,10.5,123.2,16.37
2020,Season B,April,Mareba,Rice,1.58,1.26,126.0,Valley,Hybrid (Komboka),Yes,Organic (Compost),0.0,No,Cassava,High,Sufficient,Yes,Yes,12.6,Sandy Loam,7.12,2.8,63.2,11.2,238.4,22.3,132.7,79.5,7.0,11.0,94.1,22.72
2020,Season B,June,Shyara,Beans,0.52,0.33,33.0,Hillside,Improved (RWR 2245),Yes,Inorganic (NPK),0.72,No,Rice,Medium,Adequate,No,Yes,17.6,Sandy Loam,6.08,2.24,51.8,20.0,273.4,22.9,22.7,77.9,8.7,12.0,128.2,9.63
2020,Season A,October,Mwogo,Rice,0.74,0.73,73.0,Flat,Improved (IR64 / NERICA),Partial,Inorganic (NPK),0.3,Yes,Rice,Medium,Adequate,No,Yes,14.8,Sandy Soil,5.96,1.98,68.9,20.8,161.4,24.4,82.7,76.1,7.2,11.8,106.9,36.61
2024,Season B,April,Mayange,Maize,1.53,1.21,121.0,Flat,Local Variety,No,None,0.0,No,Beans,Medium,Sufficient,Yes,No,14.7,Sandy Loam,6.03,2.87,59.2,7.9,210.9,21.9,93.7,77.7,6.6,10.3,95.5,13.9
2020,Season A,November,Nyamata,Maize,1.91,1.76,176.0,Valley,Improved (WH507),Yes,Mixed (Organic + Inorganic),1.08,Yes,Maize,High,Adequate,Yes,Yes,9.7,Clay Soil,7.24,3.41,76.6,23.3,259.4,23.0,85.7,83.9,7.8,9.6,115.2,18.9
2023,Season B,April,Mwogo,Beans,2.7,1.88,188.0,Flat,Improved (RWR 2245),Yes,Organic (Compost),0.0,Yes,Rice,Low,Sufficient,Yes,Yes,13.9,Sandy Soil,6.07,2.13,68.6,21.9,158.0,26.9,123.3,81.4,6.4,9.8,97.4,12.19
2024,Season B,June,Nyarugenge,Maize,2.34,1.66,166.0,Hillside,Local Variety,No,None,0.0,No,Beans,Low,Sufficient,Yes,No,9.8,Clay Soil,6.03,2.23,41.8,21.6,184.7,22.6,34.0,63.2,8.9,11.6,129.0,9.86
2020,Season B,February,Rweru,Beans,0.55,0.39,39.0,Valley,Improved (RWR 2245),No,None,0.0,No,Beans,High,Sufficient,Yes,Yes,9.2,Clay Soil,6.91,2.48,64.4,13.5,200.4,23.6,53.7,73.4,6.9,10.7,99.3,10.0
2020,Season A,January,Ntarama,Beans,0.43,0.3,30.0,Hillside,Hybrid (MAC 44),Yes,Organic (Compost),0.0,Yes,Beans,Low,Sufficient,No,No,7.5,Sandy Soil,7.28,2.94,61.3,9.0,235.1,22.6,49.3,81.0,8.0,12.0,123.8,9.79
2023,Season B,March,Rilima,Beans,0.83,0.68,68.0,Hillside,Local Variety,Yes,Mixed (Organic + Inorganic),1.4,No,Beans,High,Adequate,Yes,Yes,25.0,Sandy Soil,6.07,1.81,40.3,20.6,215.1,22.3,114.8,79.9,6.6,10.3,109.5,6.22
2022,Season B,February,Nyarugenge,Beans,0.95,0.8,80.0,Flat,Local Variety,Partial,Organic (Compost),0.46,No,Maize,Medium,Adequate,Yes,No,9.5,Clay Soil,6.03,2.14,43.6,23.9,198.9,23.0,50.2,74.4,8.2,10.5,110.8,6.71
2022,Season A,September,Rweru,Rice,1.31,1.14,114.0,Valley,Improved (IR64 / NERICA),Partial,Organic (Compost),0.63,Yes,Maize,Medium,Sufficient,Yes,No,12.3,Clay Soil,6.86,2.72,66.8,14.5,192.5,26.7,48.0,77.5,8.1,12.4,107.5,29.67
2022,Season B,April,Mayange,Rice,0.31,0.25,25.0,Hillside,Improved (IR64 / NERICA),No,None,0.0,No,Maize,Low,Adequate,No,Yes,25.0,Sandy Loam,5.81,2.78,65.9,12.8,198.1,22.9,75.8,81.3,7.0,10.8,120.4,28.74
2020,Season B,February,Rilima,Maize,0.74,0.74,74.0,Hillside,Hybrid (H614D),No,None,0.0,No,Beans,Medium,Limited,Yes,No,10.9,Sandy Soil,5.96,1.88,39.9,18.6,210.9,22.8,92.9,76.4,7.4,11.9,120.9,21.9
2023,Season B,March,Nyarugenge,Maize,0.55,0.39,39.0,Valley,Improved (WH507),Partial,Inorganic (NPK),0.24,Yes,Rice,Medium,Limited,Yes,No,16.6,Clay Soil,6.19,1.84,39.0,24.0,195.3,22.9,77.2,72.4,6.5,10.0,123.5,16.25
2024,Season B,April,Rweru,Beans,0.17,0.13,13.0,Flat,Improved (RWR 2245),Partial,Organic (Compost),0.56,Partial,Beans,Low,Adequate,No,No,9.3,Clay Soil,7.09,2.6,65.9,10.6,185.2,23.4,75.8,84.1,6.9,8.9,100.9,13.89
2023,Season B,May,Nyamata,Beans,2.43,1.51,151.0,Hillside,Hybrid (MAC 44),Partial,Inorganic (NPK),0.49,No,Maize,Low,Limited,No,No,16.4,Clay Soil,7.06,3.3,78.7,26.9,251.8,22.2,105.0,79.2,7.5,9.3,107.3,9.37
2020,Season B,May,Shyara,Rice,0.69,0.55,55.0,Valley,Hybrid (Komboka),Partial,Inorganic (NPK),0.16,No,Maize,Low,Sufficient,No,No,15.6,Sandy Loam,6.08,2.38,51.0,19.3,274.7,23.4,52.9,74.7,7.0,11.4,103.0,22.32
2023,Season A,October,Rweru,Beans,2.47,1.83,183.0,Flat,Local Variety,Partial,Inorganic (NPK),0.73,No,Maize,Low,Adequate,No,No,25.0,Clay Soil,6.85,2.71,62.4,12.3,187.2,23.7,127.2,77.8,6.0,10.9,109.5,6.96
2022,Season B,June,Musenyi,Rice,0.41,0.29,29.0,Valley,Improved (IR64 / NERICA),Yes,Organic (Compost),0.0,Yes,Beans,Medium,Sufficient,Yes,No,20.3,Loam,6.99,2.54,40.4,13.1,247.9,22.9,36.5,64.5,8.1,10.7,101.3,30.64
2024,Season B,June,Gashora,Maize,2.98,2.57,257.0,Valley,Hybrid (H614D),No,None,0.0,No,Fallow,High,Limited,No,No,11.8,Loam,6.68,2.14,48.7,25.0,201.5,22.7,47.9,64.4,8.2,13.2,129.8,12.91
2024,Season A,October,Musenyi,Rice,2.86,1.83,183.0,Valley,Improved (IR64 / NERICA),No,None,0.0,Partial,Beans,Low,Adequate,No,No,6.5,Loam,7.14,2.52,44.7,16.1,248.2,25.2,133.0,75.0,7.5,11.7,94.7,39.42
2022,Season B,April,Nyarugenge,Rice,0.31,0.22,22.0,Hillside,Hybrid (Komboka),Yes,Inorganic (NPK),2.67,Partial,Maize,Low,Limited,No,No,20.7,Clay Soil,6.13,2.15,35.3,17.9,191.1,22.7,83.8,86.4,6.3,9.5,119.4,23.56
2022,Season A,September,Shyara,Maize,1.16,1.04,104.0,Hillside,Local Variety,Yes,Organic (Compost),0.0,Partial,Beans,Medium,Adequate,Yes,No,19.4,Sandy Loam,6.03,2.03,59.2,19.6,277.6,24.9,88.0,66.7,7.6,11.9,111.7,16.48
2022,Season B,April,Rweru,Rice,0.54,0.44,44.0,Flat,Local Variety,No,None,0.0,Yes,Fallow,High,Sufficient,No,Yes,24.8,Clay Soil,6.91,2.58,66.9,14.3,192.9,24.3,80.0,76.0,7.5,9.0,104.1,17.61
2020,Season B,May,Mareba,Beans,0.28,0.2,20.0,Hillside,Hybrid (MAC 44),Yes,Organic (Compost),0.0,No,Maize,Medium,Adequate,Yes,No,14.4,Sandy Loam,7.09,3.03,63.3,12.6,244.3,22.6,71.9,73.0,7.8,11.0,115.8,9.98
2021,Season B,May,Mayange,Rice,2.13,2.07,207.0,Valley,Improved (IR64 / NERICA),No,None,0.0,No,Maize,Low,Adequate,Yes,No,8.4,Sandy Loam,6.03,2.74,69.6,10.2,186.6,23.0,96.1,78.7,6.9,11.7,95.4,29.06
2022,Season B,February,Mwogo,Rice,2.93,2.31,231.0,Flat,Improved (IR64 / NERICA),Yes,Mixed (Organic + Inorganic),1.76,No,Beans,High,Sufficient,Yes,No,23.1,Sandy Soil,5.9,1.91,63.8,19.8,167.1,21.6,77.2,80.6,7.8,9.8,110.0,26.33
2022,Season A,January,Ngeruka,Maize,2.88,1.79,179.0,Valley,Local Variety,No,None,0.0,No,Beans,Low,Adequate,Yes,Yes,13.9,Loam,7.04,2.61,75.2,21.9,195.4,22.1,42.4,67.6,7.6,10.7,105.7,11.43
2022,Season A,November,Nyamata,Beans,0.39,0.24,24.0,Hillside,Local Variety,Yes,Organic (Compost),0.0,No,Beans,Low,Adequate,Yes,No,9.4,Clay Soil,7.13,3.16,71.7,21.7,248.7,25.4,134.3,80.4,7.7,12.5,118.0,6.48
2021,Season A,December,Gashora,Beans,1.16,1.11,111.0,Flat,Improved (RWR 2245),Yes,Inorganic (NPK),0.8,No,Beans,Medium,Limited,No,No,20.3,Loam,6.49,2.27,51.0,26.9,167.0,21.3,56.1,70.3,7.5,9.9,107.1,13.29
2023,Season A,November,Nyarugenge,Rice,1.62,0.97,97.0,Hillside,Improved (IR64 / NERICA),Yes,Inorganic (NPK),0.42,No,Beans,Medium,Adequate,No,No,22.0,Clay Soil,6.18,2.1,40.4,21.2,201.4,23.2,138.0,76.3,7.8,11.6,93.8,40.06
2022,Season A,January,Kamabuye,Maize,2.43,2.14,214.0,Hillside,Improved (WH507),No,None,0.0,Yes,Cassava,Low,Sufficient,No,No,24.1,Clay Soil,7.09,2.18,38.3,19.2,195.0,21.8,40.0,75.9,7.3,10.2,120.6,16.47
2022,Season A,November,Musenyi,Maize,2.7,2.24,224.0,Flat,Local Variety,Partial,Organic (Compost),0.75,Yes,Beans,High,Limited,Yes,No,14.2,Loam,7.15,2.41,36.9,12.5,254.6,23.4,82.3,76.9,7.1,9.3,106.4,13.42
2024,Season A,September,Ruhuha,Rice,2.7,2.59,259.0,Valley,Improved (IR64 / NERICA),No,None,0.0,Yes,Maize,Low,Limited,No,Yes,18.3,Sandy Loam,7.04,2.5,68.0,14.2,191.0,25.1,90.2,77.4,7.0,10.6,102.6,33.38
2022,Season A,September,Ntarama,Beans,2.88,1.85,185.0,Valley,Hybrid (MAC 44),Partial,Inorganic (NPK),0.62,No,Beans,Medium,Adequate,Yes,Yes,9.6,Sandy Soil,7.4,3.01,62.2,9.4,236.4,23.6,87.0,80.2,7.9,11.3,108.4,10.36
2020,Season A,December,Nyamata,Rice,2.9,1.87,187.0,Valley,Hybrid (Komboka),No,None,0.0,Yes,Beans,Low,Adequate,No,No,22.6,Clay Soil,7.18,2.91,76.6,25.1,252.3,20.1,108.2,80.6,7.3,10.7,101.2,26.38
2023,Season B,April,Mareba,Beans,1.94,1.32,132.0,Valley,Improved (RWR 2245),No,None,0.0,No,Beans,Medium,Adequate,Yes,No,14.6,Sandy Loam,7.15,2.66,58.7,11.9,235.3,25.1,106.7,79.3,6.6,10.6,117.6,11.31
2022,Season B,March,Mwogo,Maize,0.79,0.55,55.0,Flat,Improved (WH507),Partial,Organic (Compost),0.6,Yes,Beans,High,Adequate,Yes,Yes,17.6,Sandy Soil,5.97,1.93,68.7,21.1,157.2,23.4,124.4,76.2,6.3,9.6,105.2,18.63
2021,Season B,April,Shyara,Maize,1.8,1.22,122.0,Hillside,Improved (WH507),No,None,0.0,Yes,Beans,Low,Adequate,Yes,No,16.9,Sandy Loam,6.12,2.3,56.1,20.4,286.1,25.0,137.7,83.8,5.6,10.4,108.3,21.13
2024,Season A,December,Ruhuha,Rice,2.08,1.96,196.0,Valley,Improved (IR64 / NERICA),No,None,0.0,No,Maize,Low,Adequate,No,Yes,13.3,Sandy Loam,7.07,2.41,63.8,18.2,183.5,24.3,87.0,75.5,7.4,12.2,113.9,29.06
2023,Season A,October,Rilima,Maize,1.17,0.92,92.0,Hillside,Hybrid (H614D),Yes,Organic (Compost),0.0,No,Maize,Medium,Adequate,Yes,No,9.8,Sandy Soil,6.03,1.83,45.7,18.1,218.2,22.9,89.7,79.1,6.6,9.1,96.7,27.08
2021,Season B,May,Nyarugenge,Maize,2.46,2.22,222.0,Hillside,Local Variety,Yes,Inorganic (NPK),1.4,Yes,Cassava,Low,Adequate,Yes,No,18.1,Clay Soil,6.24,2.2,36.6,24.2,200.2,22.1,79.7,73.6,6.7,10.4,97.2,16.44
2022,Season A,December,Rweru,Beans,2.03,1.44,144.0,Flat,Improved (RWR 2245),Yes,Inorganic (NPK),0.79,No,Maize,Medium,Adequate,No,No,15.5,Clay Soil,7.13,2.52,63.0,15.9,199.8,22.1,68.2,78.2,7.1,11.5,110.0,15.24
2021,Season B,June,Gashora,Rice,0.51,0.46,46.0,Valley,Hybrid (Komboka),Yes,Inorganic (NPK),1.32,No,Fallow,Low,Sufficient,No,Yes,9.6,Loam,6.46,2.27,47.9,23.8,188.9,21.6,47.3,72.4,8.5,11.5,125.0,18.44
2022,Season A,September,Ruhuha,Beans,0.72,0.61,61.0,Valley,Improved (RWR 2245),Partial,Inorganic (NPK),0.66,Yes,Cassava,Medium,Adequate,Yes,Yes,11.7,Sandy Loam,6.95,2.57,61.0,19.3,192.0,22.4,81.6,72.6,7.1,11.3,125.5,15.91
2023,Season A,September,Musenyi,Beans,2.84,2.74,274.0,Hillside,Hybrid (MAC 44),Partial,Organic (Compost),0.63,No,Rice,Low,Sufficient,Yes,No,19.4,Loam,7.2,2.24,40.8,12.4,258.1,22.8,106.1,78.4,7.0,13.0,111.6,11.0
2020,Season A,November,Ntarama,Rice,2.28,2.2,220.0,Hillside,Improved (IR64 / NERICA),No,None,0.0,Partial,Beans,Low,Limited,Yes,No,12.4,Sandy Soil,7.28,3.0,63.4,10.7,231.3,22.7,126.4,80.3,7.4,10.0,104.7,34.77
2024,Season A,January,Ngeruka,Beans,1.01,0.82,82.0,Valley,Improved (RWR 2245),No,None,0.0,No,Maize,Medium,Adequate,Yes,Yes,13.1,Loam,7.08,2.92,71.5,22.1,188.6,23.2,89.5,81.2,7.0,11.2,99.9,12.85
2023,Season A,December,Shyara,Rice,2.31,2.24,224.0,Valley,Improved (IR64 / NERICA),Yes,Inorganic (NPK),2.43,Partial,Beans,Medium,Sufficient,No,Yes,23.6,Sandy Loam,6.05,2.23,53.8,23.3,259.3,21.7,63.0,73.8,7.9,13.3,109.6,30.21
2023,Season A,November,Mayange,Maize,0.62,0.39,39.0,Flat,Local Variety,Yes,Inorganic (NPK),1.31,No,Beans,Low,Adequate,Yes,Yes,12.1,Sandy Loam,6.22,2.94,67.8,12.5,203.7,22.3,120.6,74.3,7.1,10.2,118.7,18.28
2022,Season B,June,Mareba,Rice,1.94,1.48,148.0,Hillside,Local Variety,No,None,0.0,Yes,Rice,Medium,Adequate,No,Yes,14.6,Sandy Loam,7.29,3.1,59.2,11.8,235.2,23.6,32.9,66.4,8.9,11.9,118.9,14.76
2021,Season B,February,Mayange,Maize,2.71,1.86,186.0,Hillside,Improved (WH507),No,None,0.0,No,Rice,Low,Adequate,Yes,No,21.4,Sandy Loam,5.98,2.6,59.7,10.8,203.4,21.5,65.2,72.1,7.2,13.2,119.2,19.02
2022,Season A,October,Musenyi,Rice,2.8,1.85,185.0,Valley,Local Variety,Partial,Inorganic (NPK),0.28,Yes,Beans,Low,Sufficient,No,No,12.4,Loam,7.17,2.33,41.9,13.5,257.1,24.9,147.1,76.3,6.4,10.3,116.4,25.99
2022,Season A,September,Ngeruka,Beans,2.91,2.14,214.0,Flat,Hybrid (MAC 44),Partial,Inorganic (NPK),0.15,No,Beans,Medium,Sufficient,No,No,7.6,Loam,7.18,2.71,74.6,18.6,197.5,24.1,104.0,85.4,7.5,13.6,118.2,9.33
2022,Season B,February,Nyamata,Maize,2.82,1.83,183.0,Flat,Hybrid (H614D),Partial,Inorganic (NPK),0.71,No,Maize,Medium,Adequate,Yes,No,21.7,Clay Soil,7.14,3.28,74.0,22.3,243.4,22.5,43.4,71.4,7.3,10.7,109.1,19.17
2023,Season B,March,Shyara,Beans,0.35,0.26,26.0,Valley,Hybrid (MAC 44),No,None,0.0,No,Maize,Medium,Adequate,No,No,18.0,Sandy Loam,6.19,2.45,56.7,22.5,276.4,24.1,89.2,67.1,6.6,11.0,108.5,8.7
2021,Season A,October,Juru,Maize,2.68,2.09,209.0,Flat,Local Variety,Yes,Inorganic (NPK),1.28,Yes,Maize,Low,Limited,No,Yes,21.1,Sandy Loam,6.98,2.46,45.2,24.4,177.8,22.3,99.7,74.2,6.1,12.2,105.9,14.25
2021,Season B,May,Juru,Rice,0.3,0.21,21.0,Hillside,Improved (IR64 / NERICA),No,None,0.0,No,Fallow,Medium,Adequate,No,No,16.7,Sandy Loam,6.83,2.72,43.6,23.5,189.5,24.1,80.5,75.3,7.3,10.5,117.1,28.58
2024,Season B,June,Gashora,Beans,0.11,0.1,10.0,Flat,Hybrid (MAC 44),No,None,0.0,Partial,Beans,Medium,Adequate,Yes,No,10.2,Loam,6.59,2.32,44.0,26.0,198.4,22.4,25.3,68.5,8.2,11.7,115.7,7.18
2021,Season B,February,Ruhuha,Beans,2.23,2.04,204.0,Hillside,Improved (RWR 2245),Yes,Mixed (Organic + Inorganic),1.28,No,Beans,Medium,Limited,No,No,5.4,Sandy Loam,7.15,2.6,62.4,20.2,206.7,23.1,84.9,76.7,8.1,10.6,126.3,12.86
2024,Season B,June,Rweru,Beans,0.93,0.9,90.0,Valley,Improved (RWR 2245),Yes,Organic (Compost),0.0,Yes,Rice,Low,Adequate,No,Yes,11.3,Clay Soil,6.97,2.56,60.1,11.3,183.0,21.7,47.6,70.8,8.5,11.4,126.5,12.4
2021,Season A,October,Mareba,Beans,0.6,0.45,45.0,Hillside,Local Variety,No,None,0.0,No,Fallow,Low,Adequate,Yes,No,5.1,Sandy Loam,7.12,3.04,65.5,11.0,235.7,24.3,93.0,79.0,7.0,9.3,109.5,6.72
2023,Season B,May,Mwogo,Beans,0.14,0.13,13.0,Flat,Local Variety,Yes,Inorganic (NPK),0.69,Partial,Fallow,Low,Sufficient,Yes,No,20.6,Sandy Soil,6.02,2.14,68.1,21.0,145.1,21.4,86.4,77.0,6.8,10.2,108.0,8.96
